-- phpMyAdmin SQL Dump
-- version 5.2.1
-- https://www.phpmyadmin.net/
--
-- Host: localhost:3306
-- Generation Time: Jul 29, 2025 at 04:30 AM
-- Server version: 5.7.42-cll-lve
-- PHP Version: 8.1.16

SET SQL_MODE = "NO_AUTO_VALUE_ON_ZERO";
START TRANSACTION;
SET time_zone = "+00:00";


/*!40101 SET @OLD_CHARACTER_SET_CLIENT=@@CHARACTER_SET_CLIENT */;
/*!40101 SET @OLD_CHARACTER_SET_RESULTS=@@CHARACTER_SET_RESULTS */;
/*!40101 SET @OLD_COLLATION_CONNECTION=@@COLLATION_CONNECTION */;
/*!40101 SET NAMES utf8mb4 */;

--
-- Database: `e128212_newlogistika`
--

-- --------------------------------------------------------

--
-- Table structure for table `abandoned_cargos`
--

CREATE TABLE `abandoned_cargos` (
  `id` bigint(20) UNSIGNED NOT NULL,
  `code` varchar(255) COLLATE utf8mb4_unicode_ci DEFAULT NULL,
  `date` date DEFAULT NULL,
  `image` varchar(255) COLLATE utf8mb4_unicode_ci DEFAULT NULL,
  `file` varchar(255) COLLATE utf8mb4_unicode_ci DEFAULT NULL,
  `order_id` bigint(20) UNSIGNED DEFAULT NULL,
  `status` enum('pending','accepted') COLLATE utf8mb4_unicode_ci NOT NULL DEFAULT 'pending',
  `created_at` timestamp NULL DEFAULT NULL,
  `updated_at` timestamp NULL DEFAULT NULL
) ENGINE=InnoDB DEFAULT CHARSET=utf8mb4 COLLATE=utf8mb4_unicode_ci;

--
-- Dumping data for table `abandoned_cargos`
--

INSERT INTO `abandoned_cargos` (`id`, `code`, `date`, `image`, `file`, `order_id`, `status`, `created_at`, `updated_at`) VALUES
(1, NULL, '2025-03-11', 'uploads/abandoned-cargos/16998126.webp', 'uploads/abandoned-cargos/29866342.xlsx', 77, 'pending', '2025-03-11 11:58:32', '2025-05-19 08:15:25');

-- --------------------------------------------------------

--
-- Table structure for table `about_booking_dates`
--

CREATE TABLE `about_booking_dates` (
  `id` bigint(20) UNSIGNED NOT NULL,
  `date` date NOT NULL,
  `status` tinyint(1) NOT NULL,
  `created_at` timestamp NULL DEFAULT NULL,
  `updated_at` timestamp NULL DEFAULT NULL
) ENGINE=InnoDB DEFAULT CHARSET=utf8mb4 COLLATE=utf8mb4_unicode_ci;

--
-- Dumping data for table `about_booking_dates`
--

INSERT INTO `about_booking_dates` (`id`, `date`, `status`, `created_at`, `updated_at`) VALUES
(1, '2025-03-20', 1, '2025-03-13 12:05:12', '2025-03-13 12:05:12'),
(3, '2025-03-29', 1, '2025-04-25 11:07:35', '2025-04-25 11:07:35'),
(4, '2025-04-29', 1, '2025-04-29 09:12:51', '2025-04-29 09:12:51'),
(5, '2025-05-19', 1, '2025-05-05 09:55:54', '2025-05-05 09:55:54'),
(6, '2025-05-07', 1, '2025-05-06 08:55:04', '2025-05-06 08:55:04'),
(7, '2026-11-06', 1, '2025-05-06 09:04:13', '2025-05-06 09:04:13'),
(8, '2025-05-21', 1, '2025-05-06 17:05:26', '2025-05-06 17:05:26'),
(9, '2025-05-06', 1, '2025-05-07 14:28:11', '2025-05-07 14:28:11'),
(14, '2025-03-25', 1, '2025-05-10 17:32:10', '2025-05-10 17:32:10'),
(17, '2025-05-12', 1, '2025-05-11 14:24:22', '2025-05-11 14:24:22'),
(18, '2024-05-12', 1, '2025-05-12 08:41:53', '2025-05-12 08:41:53'),
(19, '2026-06-12', 1, '2025-05-12 09:44:56', '2025-05-12 09:44:56'),
(20, '2026-05-13', 1, '2025-05-13 08:13:45', '2025-05-13 08:13:45'),
(21, '2025-10-15', 1, '2025-05-15 15:49:28', '2025-05-15 15:49:28'),
(22, '2026-07-19', 1, '2025-05-19 08:28:29', '2025-05-19 08:28:29'),
(23, '2025-07-31', 1, '2025-07-15 13:22:47', '2025-07-15 13:22:47'),
(24, '2025-08-21', 1, '2025-07-21 12:29:33', '2025-07-21 12:29:33'),
(27, '2025-08-27', 1, '2025-07-23 16:07:20', '2025-07-23 16:07:20'),
(29, '2027-06-23', 1, '2025-07-23 16:07:49', '2025-07-23 16:07:49');

-- --------------------------------------------------------

--
-- Table structure for table `accounts`
--

CREATE TABLE `accounts` (
  `id` bigint(20) UNSIGNED NOT NULL,
  `number` varchar(255) COLLATE utf8mb4_unicode_ci NOT NULL,
  `title` varchar(255) COLLATE utf8mb4_unicode_ci NOT NULL,
  `type` varchar(255) COLLATE utf8mb4_unicode_ci NOT NULL,
  `currency` varchar(255) COLLATE utf8mb4_unicode_ci NOT NULL DEFAULT 'AZN',
  `note` text COLLATE utf8mb4_unicode_ci,
  `created_at` timestamp NULL DEFAULT NULL,
  `updated_at` timestamp NULL DEFAULT NULL
) ENGINE=InnoDB DEFAULT CHARSET=utf8mb4 COLLATE=utf8mb4_unicode_ci;

-- --------------------------------------------------------

--
-- Table structure for table `bookings`
--

CREATE TABLE `bookings` (
  `id` bigint(20) UNSIGNED NOT NULL,
  `date` date DEFAULT NULL,
  `order_item_id` bigint(20) UNSIGNED NOT NULL,
  `container_id` bigint(20) UNSIGNED DEFAULT NULL,
  `created_at` timestamp NULL DEFAULT NULL,
  `updated_at` timestamp NULL DEFAULT NULL
) ENGINE=InnoDB DEFAULT CHARSET=utf8mb4 COLLATE=utf8mb4_unicode_ci;

--
-- Dumping data for table `bookings`
--

INSERT INTO `bookings` (`id`, `date`, `order_item_id`, `container_id`, `created_at`, `updated_at`) VALUES
(4, '2025-04-30', 1, 16, '2025-04-21 12:28:31', '2025-04-21 12:32:41'),
(5, '2025-05-02', 5, 26, '2025-04-22 10:27:48', '2025-04-24 14:13:11'),
(6, '2025-04-30', 11, 25, '2025-04-22 13:14:32', '2025-04-22 13:14:32'),
(8, '2025-05-02', 12, 23, '2025-04-22 15:36:18', '2025-04-24 14:12:06'),
(9, '2025-05-25', 17, 26, '2025-04-24 08:34:33', '2025-04-24 08:34:33'),
(16, '2025-05-07', 29, 33, '2025-04-29 09:43:12', '2025-05-01 12:51:27'),
(18, '2025-06-01', 35, 35, '2025-05-06 08:56:23', '2025-05-07 10:50:15'),
(19, '2025-06-01', 36, 36, '2025-05-06 09:13:47', '2025-05-06 10:42:56'),
(20, '2025-05-30', 40, 4, '2025-05-06 14:33:38', '2025-05-06 14:33:38'),
(21, '2025-06-01', 41, 34, '2025-05-07 09:49:09', '2025-05-07 09:49:09'),
(22, '2025-06-01', 43, 34, '2025-05-07 10:08:53', '2025-05-07 10:08:53'),
(23, '2025-06-01', 44, 29, '2025-05-08 10:40:19', '2025-05-08 10:40:19'),
(24, '2025-05-20', 142, 13, '2025-05-15 16:34:20', '2025-05-15 16:34:20'),
(25, '2025-06-10', 146, 36, '2025-05-19 08:12:35', '2025-07-18 14:48:58'),
(26, '2025-06-10', 147, 37, '2025-05-22 09:54:45', '2025-05-22 09:54:45'),
(27, '2025-07-30', 171, 45, '2025-07-18 11:17:25', '2025-07-18 11:17:25'),
(28, '2025-07-30', 189, 45, '2025-07-18 11:31:12', '2025-07-18 11:31:12'),
(29, '2025-07-30', 173, 45, '2025-07-18 11:33:13', '2025-07-18 11:33:13'),
(35, '2025-07-30', 251, 9, '2025-07-23 09:09:32', '2025-07-23 09:09:32'),
(36, '2025-07-30', 240, 46, '2025-07-24 17:07:45', '2025-07-24 17:07:45'),
(37, '2025-07-30', 321, 42, '2025-07-24 17:11:00', '2025-07-24 17:11:00'),
(38, '2025-08-01', 252, 41, '2025-07-24 17:12:13', '2025-07-24 17:12:13');

-- --------------------------------------------------------

--
-- Table structure for table `booking_dates`
--

CREATE TABLE `booking_dates` (
  `id` bigint(20) UNSIGNED NOT NULL,
  `date` date DEFAULT NULL,
  `last_payment_date` date DEFAULT NULL,
  `count` int(11) DEFAULT NULL,
  `price` decimal(8,2) DEFAULT NULL,
  `total_price` decimal(8,2) DEFAULT NULL,
  `total_cbm` decimal(8,2) DEFAULT NULL,
  `remainder_cbm` decimal(8,2) DEFAULT NULL,
  `remainder_count` int(11) DEFAULT NULL,
  `vendor_id` bigint(20) UNSIGNED NOT NULL,
  `container_type_id` bigint(20) UNSIGNED NOT NULL,
  `station_id` bigint(20) UNSIGNED NOT NULL,
  `created_at` timestamp NULL DEFAULT NULL,
  `updated_at` timestamp NULL DEFAULT NULL,
  `status` tinyint(1) NOT NULL DEFAULT '1',
  `remainder` decimal(8,2) DEFAULT NULL
) ENGINE=InnoDB DEFAULT CHARSET=utf8mb4 COLLATE=utf8mb4_unicode_ci;

--
-- Dumping data for table `booking_dates`
--

INSERT INTO `booking_dates` (`id`, `date`, `last_payment_date`, `count`, `price`, `total_price`, `total_cbm`, `remainder_cbm`, `remainder_count`, `vendor_id`, `container_type_id`, `station_id`, `created_at`, `updated_at`, `status`, `remainder`) VALUES
(1, '2025-03-21', '2025-04-02', 5, 20.00, 100.00, 340.00, 340.00, 5, 1, 2, 2, '2025-03-16 08:11:26', '2025-04-01 17:44:15', 0, 0.00),
(2, '2025-03-22', '2025-03-17', 5, 0.00, 0.00, 340.00, 272.00, 4, 1, 2, 1, '2025-03-17 15:33:23', '2025-03-17 15:33:44', 1, NULL),
(3, '2025-03-27', '2025-04-05', 3, 0.00, 0.00, 204.00, 204.00, 3, 1, 2, 2, '2025-03-18 07:22:32', '2025-03-18 07:22:32', 1, NULL),
(4, '2025-03-26', '2025-04-04', 2, 0.00, 0.00, 136.00, 68.00, 1, 1, 2, 2, '2025-03-18 07:24:55', '2025-03-18 07:59:09', 1, NULL),
(5, '2025-03-21', '2025-03-27', 4, 200.00, 800.00, 272.00, 272.00, 4, 1, 2, 3, '2025-03-18 07:57:57', '2025-04-01 17:44:53', 1, 650.00),
(6, '2025-04-03', '2025-04-05', 5, 0.00, 0.00, 340.00, 297.00, 5, 1, 2, 1, '2025-03-20 05:56:05', '2025-03-20 05:57:07', 1, NULL),
(7, '2025-04-18', '2025-04-30', 5, 20.00, 100.00, 340.00, 260.00, 4, 1, 2, 2, '2025-04-08 12:26:00', '2025-04-12 12:02:47', 1, 100.00),
(8, '2025-04-30', '2025-05-15', 10, 20.00, 200.00, 680.00, 65.00, 1, 1, 2, 2, '2025-04-11 10:16:46', '2025-04-29 09:19:44', 1, 200.00),
(9, '2025-05-02', '2025-05-03', 12, 20.00, 240.00, 816.00, 800.00, 12, 2, 2, 2, '2025-04-19 10:28:47', '2025-05-01 09:38:44', 1, 240.00),
(10, '2025-05-25', '2025-05-28', 5, 20.00, 100.00, 340.00, 226.00, 4, 2, 2, 2, '2025-04-22 15:40:01', '2025-05-14 17:24:12', 1, 100.00),
(11, '2025-04-29', '2025-05-03', 6, 555.00, 3330.00, 408.00, 408.00, 6, 2, 2, 1, '2025-04-25 10:11:28', '2025-04-25 10:11:28', 1, 3330.00),
(12, '2025-05-07', '2025-05-23', 3, 555.00, 1665.00, 204.00, 22.02, 1, 2, 2, 1, '2025-05-01 09:21:19', '2025-05-06 09:07:55', 1, 1665.00),
(13, '2025-05-30', '2025-05-28', 5, 20.00, 100.00, 340.00, 174.04, 3, 2, 2, 2, '2025-05-06 09:09:19', '2025-05-07 09:50:05', 1, 100.00),
(14, '2025-06-01', '2025-05-31', 4, 200.00, 800.00, 272.00, -106.78, -1, 2, 2, 3, '2025-05-06 10:41:47', '2025-05-07 10:46:22', 1, 800.00),
(15, '2025-05-29', NULL, 1, 0.00, 0.00, 68.00, 68.00, NULL, 1, 2, 1, '2025-05-07 14:59:29', '2025-05-07 14:59:29', 1, NULL),
(16, '2025-06-10', NULL, 1, 0.00, 0.00, 68.00, -24.00, 0, 1, 2, 1, '2025-05-07 15:07:51', '2025-05-22 09:54:45', 1, NULL),
(17, '2025-05-20', NULL, 2, 0.00, 0.00, 136.00, 84.00, 2, 1, 2, 1, '2025-05-08 09:32:42', '2025-05-22 09:54:09', 1, NULL),
(18, '2025-06-23', '2025-05-29', 4, 15.00, 60.00, 232.00, 232.00, 4, 2, 3, 2, '2025-05-19 08:13:56', '2025-05-19 08:13:56', 1, 60.00),
(19, '2025-05-28', NULL, 1, 0.00, 0.00, 58.00, 58.00, NULL, 1, 3, 1, '2025-05-22 10:43:25', '2025-05-22 10:43:25', 1, NULL),
(20, '2025-07-30', '2025-07-21', 5, 200.00, 1000.00, 340.00, -9179.00, -134, 2, 2, 3, '2025-07-16 09:20:38', '2025-07-24 17:11:00', 1, 1000.00),
(21, '2025-08-01', NULL, 1, 0.00, 0.00, 68.00, -832.00, -12, 1, 2, 1, '2025-07-21 15:50:34', '2025-07-24 17:12:13', 1, NULL);

-- --------------------------------------------------------

--
-- Table structure for table `booking_date_containers`
--

CREATE TABLE `booking_date_containers` (
  `id` bigint(20) UNSIGNED NOT NULL,
  `booking_date_id` bigint(20) UNSIGNED NOT NULL,
  `container_id` bigint(20) UNSIGNED NOT NULL,
  `status` tinyint(1) NOT NULL DEFAULT '1',
  `created_at` timestamp NULL DEFAULT NULL,
  `updated_at` timestamp NULL DEFAULT NULL,
  `container_check_reason_id` bigint(20) UNSIGNED DEFAULT NULL,
  `note` text COLLATE utf8mb4_unicode_ci
) ENGINE=InnoDB DEFAULT CHARSET=utf8mb4 COLLATE=utf8mb4_unicode_ci;

--
-- Dumping data for table `booking_date_containers`
--

INSERT INTO `booking_date_containers` (`id`, `booking_date_id`, `container_id`, `status`, `created_at`, `updated_at`, `container_check_reason_id`, `note`) VALUES
(3, 4, 7, 1, '2025-03-18 07:59:09', '2025-03-18 07:59:09', NULL, NULL),
(4, 6, 1, 1, '2025-03-18 07:59:49', '2025-04-01 14:25:47', NULL, NULL),
(6, 6, 6, 1, '2025-03-20 05:57:07', '2025-03-20 05:57:07', NULL, NULL),
(7, 7, 10, 1, '2025-04-08 12:26:21', '2025-04-08 12:26:21', NULL, NULL),
(11, 8, 16, 1, '2025-04-12 12:09:19', '2025-04-14 11:20:14', NULL, NULL),
(15, 8, 25, 1, '2025-04-22 13:14:32', '2025-04-22 13:14:32', NULL, NULL),
(18, 10, 26, 1, '2025-04-24 08:34:33', '2025-04-24 08:34:33', NULL, NULL),
(26, 9, 17, 1, '2025-04-24 16:46:09', '2025-04-24 16:46:09', NULL, NULL),
(27, 8, 18, 1, '2025-04-24 16:46:29', '2025-04-24 16:46:29', NULL, NULL),
(29, 11, 31, 1, '2025-04-25 10:14:42', '2025-04-25 10:14:42', NULL, NULL),
(30, 9, 32, 1, '2025-04-29 09:18:54', '2025-04-29 09:18:54', NULL, NULL),
(31, 8, 32, 1, '2025-04-29 09:19:11', '2025-04-29 09:19:11', NULL, NULL),
(32, 9, 27, 1, '2025-04-29 09:43:12', '2025-04-29 09:43:12', NULL, NULL),
(33, 9, 33, 1, '2025-05-01 09:38:44', '2025-05-01 09:38:44', NULL, NULL),
(35, 12, 27, 0, '2025-05-01 09:44:55', '2025-05-05 09:22:29', NULL, NULL),
(36, 12, 33, 0, '2025-05-01 09:50:21', '2025-05-03 08:36:49', NULL, NULL),
(37, 12, 31, 0, '2025-05-01 12:46:22', '2025-05-03 08:36:49', NULL, NULL),
(45, 13, 4, 1, '2025-05-06 14:33:38', '2025-05-06 14:33:38', NULL, NULL),
(50, 14, 29, 1, '2025-05-07 12:00:03', '2025-05-07 12:00:03', NULL, NULL),
(53, 15, 2, 1, '2025-05-07 14:59:29', '2025-05-07 14:59:29', NULL, NULL),
(55, 14, 8, 1, '2025-05-07 15:08:56', '2025-05-07 15:08:56', NULL, NULL),
(56, 17, 35, 1, '2025-05-08 09:32:42', '2025-05-08 09:32:42', NULL, NULL),
(57, 17, 36, 1, '2025-05-08 09:32:42', '2025-05-08 09:32:42', NULL, NULL),
(64, 16, 13, 1, '2025-05-22 09:56:43', '2025-05-22 09:56:43', NULL, NULL),
(67, 20, 45, 1, '2025-07-18 11:17:25', '2025-07-18 11:17:25', NULL, NULL),
(68, 16, 36, 1, '2025-07-18 14:48:58', '2025-07-18 14:48:58', NULL, NULL),
(69, 20, 46, 1, '2025-07-18 16:54:40', '2025-07-18 16:54:40', NULL, NULL),
(72, 20, 47, 1, '2025-07-21 15:51:30', '2025-07-21 15:51:30', NULL, NULL),
(73, 20, 9, 1, '2025-07-23 09:09:32', '2025-07-23 09:09:32', NULL, NULL),
(74, 20, 42, 1, '2025-07-24 17:11:00', '2025-07-24 17:11:00', NULL, NULL),
(75, 21, 41, 1, '2025-07-24 17:12:13', '2025-07-24 17:12:13', NULL, NULL);

-- --------------------------------------------------------

--
-- Table structure for table `booking_date_payments`
--

CREATE TABLE `booking_date_payments` (
  `id` bigint(20) UNSIGNED NOT NULL,
  `entry_to_warehouse_date` date NOT NULL,
  `price` decimal(8,2) NOT NULL,
  `currency` varchar(255) COLLATE utf8mb4_unicode_ci DEFAULT NULL,
  `file` varchar(255) COLLATE utf8mb4_unicode_ci DEFAULT NULL,
  `status` tinyint(1) NOT NULL DEFAULT '0',
  `booking_date_id` bigint(20) UNSIGNED NOT NULL,
  `created_at` timestamp NULL DEFAULT NULL,
  `updated_at` timestamp NULL DEFAULT NULL
) ENGINE=InnoDB DEFAULT CHARSET=utf8mb4 COLLATE=utf8mb4_unicode_ci;

--
-- Dumping data for table `booking_date_payments`
--

INSERT INTO `booking_date_payments` (`id`, `entry_to_warehouse_date`, `price`, `currency`, `file`, `status`, `booking_date_id`, `created_at`, `updated_at`) VALUES
(1, '2025-04-23', 100.00, '$', 'uploads/booking_dates/41254156.xlsx', 0, 1, '2025-04-01 17:44:08', '2025-04-01 17:44:08'),
(2, '2025-04-19', 150.00, '$', 'uploads/booking_dates/69222304.xlsx', 0, 5, '2025-04-01 17:44:53', '2025-04-01 17:44:53');

-- --------------------------------------------------------

--
-- Table structure for table `booking_date_statuses`
--

CREATE TABLE `booking_date_statuses` (
  `id` bigint(20) UNSIGNED NOT NULL,
  `booking_date_id` bigint(20) UNSIGNED NOT NULL,
  `status_id` bigint(20) UNSIGNED NOT NULL,
  `created_at` timestamp NULL DEFAULT NULL,
  `updated_at` timestamp NULL DEFAULT NULL
) ENGINE=InnoDB DEFAULT CHARSET=utf8mb4 COLLATE=utf8mb4_unicode_ci;

--
-- Dumping data for table `booking_date_statuses`
--

INSERT INTO `booking_date_statuses` (`id`, `booking_date_id`, `status_id`, `created_at`, `updated_at`) VALUES
(3, 6, 1, NULL, NULL),
(4, 6, 2, NULL, NULL),
(5, 6, 3, NULL, NULL),
(10, 8, 1, NULL, NULL),
(11, 8, 2, NULL, NULL),
(12, 8, 3, NULL, NULL),
(13, 9, 1, NULL, NULL),
(14, 9, 2, NULL, NULL),
(15, 9, 3, NULL, NULL),
(16, 9, 4, NULL, NULL),
(17, 9, 5, NULL, NULL),
(18, 9, 6, NULL, NULL),
(19, 12, 1, NULL, NULL),
(20, 12, 2, NULL, NULL),
(21, 12, 3, NULL, NULL),
(22, 12, 4, NULL, NULL),
(23, 12, 5, NULL, NULL),
(24, 12, 6, NULL, NULL),
(25, 10, 1, NULL, NULL),
(26, 10, 2, NULL, NULL),
(27, 10, 3, NULL, NULL),
(28, 10, 4, NULL, NULL),
(29, 10, 5, NULL, NULL),
(30, 15, 1, NULL, NULL),
(31, 15, 2, NULL, NULL),
(32, 15, 3, NULL, NULL),
(33, 15, 4, NULL, NULL),
(34, 14, 1, NULL, NULL),
(35, 14, 2, NULL, NULL),
(36, 14, 3, NULL, NULL),
(37, 14, 4, NULL, NULL),
(38, 14, 5, NULL, NULL),
(39, 10, 6, NULL, NULL),
(40, 14, 6, NULL, NULL),
(41, 17, 1, NULL, NULL),
(42, 17, 2, NULL, NULL),
(43, 17, 3, NULL, NULL),
(44, 17, 4, NULL, NULL),
(45, 17, 5, NULL, NULL),
(46, 17, 6, NULL, NULL),
(47, 19, 1, NULL, NULL),
(48, 19, 2, NULL, NULL),
(49, 18, 1, NULL, NULL),
(50, 18, 2, NULL, NULL),
(51, 18, 3, NULL, NULL),
(52, 2, 1, NULL, NULL),
(53, 2, 2, NULL, NULL),
(54, 2, 3, NULL, NULL),
(55, 7, 1, NULL, NULL),
(56, 7, 2, NULL, NULL),
(57, 20, 1, NULL, NULL),
(58, 20, 2, NULL, NULL),
(59, 20, 3, NULL, NULL),
(60, 20, 4, NULL, NULL),
(61, 20, 5, NULL, NULL),
(62, 20, 6, NULL, NULL),
(63, 21, 1, NULL, NULL),
(64, 21, 2, NULL, NULL),
(65, 21, 3, NULL, NULL);

-- --------------------------------------------------------

--
-- Table structure for table `branches`
--

CREATE TABLE `branches` (
  `id` bigint(20) UNSIGNED NOT NULL,
  `name` varchar(255) COLLATE utf8mb4_unicode_ci NOT NULL,
  `status` tinyint(1) NOT NULL,
  `sort` int(11) DEFAULT NULL,
  `created_at` timestamp NULL DEFAULT NULL,
  `updated_at` timestamp NULL DEFAULT NULL
) ENGINE=InnoDB DEFAULT CHARSET=utf8mb4 COLLATE=utf8mb4_unicode_ci;

--
-- Dumping data for table `branches`
--

INSERT INTO `branches` (`id`, `name`, `status`, `sort`, `created_at`, `updated_at`) VALUES
(1, 'Araşdırma və inkişaf', 1, 1, '2025-04-04 03:04:52', '2025-04-04 03:05:18'),
(2, 'Beynəlxalq əlaqələr', 1, 2, '2025-04-04 03:05:11', '2025-04-04 03:05:18');

-- --------------------------------------------------------

--
-- Table structure for table `car_types`
--

CREATE TABLE `car_types` (
  `id` bigint(20) UNSIGNED NOT NULL,
  `name` varchar(255) COLLATE utf8mb4_unicode_ci NOT NULL,
  `sort` int(11) DEFAULT NULL,
  `status` tinyint(1) NOT NULL,
  `created_at` timestamp NULL DEFAULT NULL,
  `updated_at` timestamp NULL DEFAULT NULL
) ENGINE=InnoDB DEFAULT CHARSET=utf8mb4 COLLATE=utf8mb4_unicode_ci;

--
-- Dumping data for table `car_types`
--

INSERT INTO `car_types` (`id`, `name`, `sort`, `status`, `created_at`, `updated_at`) VALUES
(1, 'Sedan', 1, 1, '2025-03-07 10:37:13', '2025-03-07 10:37:13'),
(2, 'SUV', 2, 1, '2025-03-07 10:37:13', '2025-03-07 10:37:13');

-- --------------------------------------------------------

--
-- Table structure for table `cities`
--

CREATE TABLE `cities` (
  `id` bigint(20) UNSIGNED NOT NULL,
  `name` varchar(255) COLLATE utf8mb4_unicode_ci NOT NULL,
  `status` tinyint(1) NOT NULL,
  `created_at` timestamp NULL DEFAULT NULL,
  `updated_at` timestamp NULL DEFAULT NULL
) ENGINE=InnoDB DEFAULT CHARSET=utf8mb4 COLLATE=utf8mb4_unicode_ci;

--
-- Dumping data for table `cities`
--

INSERT INTO `cities` (`id`, `name`, `status`, `created_at`, `updated_at`) VALUES
(1, 'Bakı', 1, '2025-03-07 10:37:13', '2025-03-07 10:37:13'),
(2, 'Sumqayıt', 1, '2025-03-07 10:37:13', '2025-03-07 10:37:13'),
(3, 'Tovuz', 1, '2025-04-22 12:42:59', '2025-04-22 12:42:59');

-- --------------------------------------------------------

--
-- Table structure for table `comments`
--

CREATE TABLE `comments` (
  `id` bigint(20) UNSIGNED NOT NULL,
  `text` text COLLATE utf8mb4_unicode_ci,
  `file` varchar(255) COLLATE utf8mb4_unicode_ci DEFAULT NULL,
  `user_id` bigint(20) UNSIGNED NOT NULL,
  `order_id` bigint(20) UNSIGNED NOT NULL,
  `created_at` timestamp NULL DEFAULT NULL,
  `updated_at` timestamp NULL DEFAULT NULL
) ENGINE=InnoDB DEFAULT CHARSET=utf8mb4 COLLATE=utf8mb4_unicode_ci;

--
-- Dumping data for table `comments`
--

INSERT INTO `comments` (`id`, `text`, `file`, `user_id`, `order_id`, `created_at`, `updated_at`) VALUES
(1, '2100 manat edir. Bütün bu xərclərlə birlikdə.', NULL, 1, 1, '2025-03-08 04:32:41', '2025-03-08 04:32:41'),
(2, '2100 çox edər, 2000-ə razılaşdıra bilirsən bax gör', NULL, 1, 1, '2025-03-08 04:33:59', '2025-03-08 04:33:59'),
(3, 'Razıdır', NULL, 1, 1, '2025-03-08 04:34:28', '2025-03-08 04:34:28'),
(4, 'düqdüqdüqd', NULL, 1, 2, '2025-03-08 10:00:28', '2025-03-08 10:00:28'),
(12, 'dmmds', NULL, 1, 16, '2025-03-13 10:46:26', '2025-03-13 10:46:26'),
(13, 'kgkgkgk', NULL, 1, 16, '2025-03-13 11:26:49', '2025-03-13 11:26:49'),
(14, 'ddd', NULL, 1, 17, '2025-03-13 13:15:00', '2025-03-13 13:15:00'),
(23, 'ancaq buna vere bilir', NULL, 1, 16, '2025-03-17 14:48:54', '2025-03-17 14:48:54'),
(24, 'sifairisi gorur', NULL, 1, 16, '2025-03-17 14:49:24', '2025-03-17 14:49:24'),
(28, 'snnns', NULL, 1, 27, '2025-03-18 14:53:06', '2025-03-18 14:53:06'),
(29, 'snnns', NULL, 1, 27, '2025-03-18 14:53:09', '2025-03-18 14:53:09'),
(30, 'kjk', NULL, 1, 27, '2025-03-18 14:55:00', '2025-03-18 14:55:00'),
(40, 'bu', NULL, 7, 41, '2025-04-08 09:40:13', '2025-04-08 09:40:13'),
(41, 'bahaa', NULL, 7, 40, '2025-04-09 12:48:20', '2025-04-09 12:48:20'),
(42, 'bahadi', NULL, 7, 40, '2025-04-09 12:48:59', '2025-04-09 12:48:59'),
(43, 'bahadi', NULL, 7, 40, '2025-04-09 12:50:34', '2025-04-09 12:50:34'),
(44, 'mmm', NULL, 7, 40, '2025-04-11 09:09:52', '2025-04-11 09:09:52'),
(47, 'wkedjnkjwen', NULL, 1, 39, '2025-04-11 17:19:10', '2025-04-11 17:19:10'),
(53, 'son qiyet', NULL, 1, 47, '2025-04-14 10:17:35', '2025-04-14 10:17:35'),
(54, 'bahadir. musteri 500 razilasir', NULL, 1, 47, '2025-04-14 10:18:30', '2025-04-14 10:18:30'),
(55, 'son 553', NULL, 1, 47, '2025-04-14 10:18:58', '2025-04-14 10:18:58'),
(56, '50.1 manat etdi', NULL, 1, 51, '2025-04-18 07:29:43', '2025-04-18 07:29:43'),
(57, 'Çoxdur 45 manat olsun', NULL, 1, 51, '2025-04-18 07:30:12', '2025-04-18 07:30:12'),
(58, 'testcom', NULL, 6, 54, '2025-04-19 08:33:52', '2025-04-19 08:33:52'),
(59, '1200 isteyir', NULL, 6, 54, '2025-04-19 08:36:07', '2025-04-19 08:36:07'),
(60, '800 teklif eden var musteriye', NULL, 6, 53, '2025-04-19 09:01:07', '2025-04-19 09:01:07'),
(61, 'jhgfxcvb', NULL, 6, 59, '2025-04-22 11:16:39', '2025-04-22 11:16:39'),
(62, '850 isteyir', NULL, 6, 59, '2025-04-22 11:18:32', '2025-04-22 11:18:32'),
(63, 'testt', NULL, 6, 60, '2025-04-22 12:55:53', '2025-04-22 12:55:53'),
(64, 'rres', NULL, 6, 63, '2025-04-24 08:11:22', '2025-04-24 08:11:22'),
(65, NULL, NULL, 6, 63, '2025-04-24 08:11:29', '2025-04-24 08:11:29'),
(66, NULL, NULL, 6, 63, '2025-04-24 08:11:36', '2025-04-24 08:11:36'),
(67, '1000 olsun', NULL, 6, 63, '2025-04-24 08:12:30', '2025-04-24 08:12:30'),
(68, 'xx', NULL, 6, 64, '2025-04-24 08:24:16', '2025-04-24 08:24:16'),
(69, '1000 isteyir', NULL, 6, 64, '2025-04-24 08:24:52', '2025-04-24 08:24:52'),
(70, 'zxczxc', NULL, 6, 67, '2025-04-28 12:11:13', '2025-04-28 12:11:13'),
(71, 'Belke 600?', NULL, 6, 67, '2025-04-28 12:12:59', '2025-04-28 12:12:59'),
(72, 'asd', NULL, 6, 70, '2025-05-05 09:51:29', '2025-05-05 09:51:29'),
(73, NULL, NULL, 6, 70, '2025-05-05 09:51:48', '2025-05-05 09:51:48'),
(74, 'cox bahadir musteri 1400 vere bilir', NULL, 1, 80, '2025-05-15 15:44:22', '2025-05-15 15:44:22'),
(75, 'QIYNETLERI YUKLEYIN', NULL, 1, 80, '2025-05-15 16:09:52', '2025-05-15 16:09:52'),
(76, 'good', NULL, 6, 81, '2025-05-19 07:05:58', '2025-05-19 07:05:58'),
(77, 'bahadi 500 $ bazarda var', NULL, 6, 81, '2025-05-19 07:08:58', '2025-05-19 07:08:58'),
(78, 'musteri max 800 verir', NULL, 10, 89, '2025-05-26 09:34:20', '2025-05-26 09:34:20'),
(79, '6200 olsun', NULL, 6, 87, '2025-07-11 12:27:00', '2025-07-11 12:27:00'),
(80, 'asdasd', NULL, 6, 94, '2025-07-14 12:08:15', '2025-07-14 12:08:15'),
(81, NULL, NULL, 6, 94, '2025-07-14 16:03:48', '2025-07-14 16:03:48'),
(82, 'endirim edin', NULL, 1, 86, '2025-07-16 09:15:41', '2025-07-16 09:15:41'),
(83, 'endirim edin', NULL, 1, 86, '2025-07-16 09:15:42', '2025-07-16 09:15:42'),
(84, 'birazda', NULL, 1, 86, '2025-07-16 09:17:05', '2025-07-16 09:17:05'),
(85, '12000 ALlah xeyir versin', NULL, 1, 98, '2025-07-23 07:57:09', '2025-07-23 07:57:09'),
(86, 'sonubudu', NULL, 1, 99, '2025-07-23 08:08:20', '2025-07-23 08:08:20'),
(87, '9000 olsun.Musteri endirim isteyir', NULL, 1, 75, '2025-07-25 13:30:17', '2025-07-25 13:30:17');

-- --------------------------------------------------------

--
-- Table structure for table `comment_reads`
--

CREATE TABLE `comment_reads` (
  `id` bigint(20) UNSIGNED NOT NULL,
  `status` tinyint(1) NOT NULL DEFAULT '0',
  `comment_id` bigint(20) UNSIGNED NOT NULL,
  `user_id` bigint(20) UNSIGNED NOT NULL,
  `created_at` timestamp NULL DEFAULT NULL,
  `updated_at` timestamp NULL DEFAULT NULL
) ENGINE=InnoDB DEFAULT CHARSET=utf8mb4 COLLATE=utf8mb4_unicode_ci;

--
-- Dumping data for table `comment_reads`
--

INSERT INTO `comment_reads` (`id`, `status`, `comment_id`, `user_id`, `created_at`, `updated_at`) VALUES
(91, 0, 40, 1, '2025-04-08 09:40:13', '2025-04-08 09:40:13'),
(94, 0, 40, 4, '2025-04-08 09:40:13', '2025-04-08 09:40:13'),
(95, 1, 40, 6, '2025-04-08 09:40:13', '2025-04-08 09:59:12'),
(96, 1, 41, 1, '2025-04-09 12:48:20', '2025-04-09 15:04:15'),
(99, 0, 41, 4, '2025-04-09 12:48:20', '2025-04-09 12:48:20'),
(100, 0, 41, 6, '2025-04-09 12:48:20', '2025-04-09 12:48:20'),
(101, 1, 42, 1, '2025-04-09 12:48:59', '2025-04-09 15:04:15'),
(104, 0, 42, 4, '2025-04-09 12:48:59', '2025-04-09 12:48:59'),
(105, 0, 42, 6, '2025-04-09 12:48:59', '2025-04-09 12:48:59'),
(106, 1, 43, 1, '2025-04-09 12:50:34', '2025-04-09 15:04:15'),
(109, 0, 43, 4, '2025-04-09 12:50:34', '2025-04-09 12:50:34'),
(110, 0, 43, 6, '2025-04-09 12:50:34', '2025-04-09 12:50:34'),
(111, 0, 44, 1, '2025-04-11 09:09:52', '2025-04-11 09:09:52'),
(114, 0, 44, 4, '2025-04-11 09:09:52', '2025-04-11 09:09:52'),
(115, 0, 44, 6, '2025-04-11 09:09:52', '2025-04-11 09:09:52'),
(128, 0, 47, 4, '2025-04-11 17:19:10', '2025-04-11 17:19:10'),
(129, 0, 47, 6, '2025-04-11 17:19:10', '2025-04-11 17:19:10'),
(130, 0, 47, 7, '2025-04-11 17:19:10', '2025-04-11 17:19:10'),
(158, 0, 53, 4, '2025-04-14 10:17:35', '2025-04-14 10:17:35'),
(159, 0, 53, 6, '2025-04-14 10:17:35', '2025-04-14 10:17:35'),
(160, 0, 53, 7, '2025-04-14 10:17:35', '2025-04-14 10:17:35'),
(163, 0, 54, 4, '2025-04-14 10:18:30', '2025-04-14 10:18:30'),
(164, 0, 54, 6, '2025-04-14 10:18:30', '2025-04-14 10:18:30'),
(165, 0, 54, 7, '2025-04-14 10:18:30', '2025-04-14 10:18:30'),
(168, 0, 55, 4, '2025-04-14 10:18:58', '2025-04-14 10:18:58'),
(169, 0, 55, 6, '2025-04-14 10:18:58', '2025-04-14 10:18:58'),
(170, 0, 55, 7, '2025-04-14 10:18:58', '2025-04-14 10:18:58'),
(173, 0, 56, 4, '2025-04-18 07:29:43', '2025-04-18 07:29:43'),
(174, 1, 56, 6, '2025-04-18 07:29:43', '2025-07-11 13:51:53'),
(175, 1, 56, 7, '2025-04-18 07:29:43', '2025-05-22 13:07:05'),
(178, 0, 57, 4, '2025-04-18 07:30:12', '2025-04-18 07:30:12'),
(179, 1, 57, 6, '2025-04-18 07:30:12', '2025-07-11 13:51:53'),
(180, 1, 57, 7, '2025-04-18 07:30:12', '2025-05-22 13:07:05'),
(181, 0, 58, 1, '2025-04-19 08:33:52', '2025-04-19 08:33:52'),
(184, 0, 58, 4, '2025-04-19 08:33:52', '2025-04-19 08:33:52'),
(185, 0, 58, 7, '2025-04-19 08:33:52', '2025-04-19 08:33:52'),
(186, 0, 59, 1, '2025-04-19 08:36:07', '2025-04-19 08:36:07'),
(189, 0, 59, 4, '2025-04-19 08:36:07', '2025-04-19 08:36:07'),
(190, 0, 59, 7, '2025-04-19 08:36:07', '2025-04-19 08:36:07'),
(191, 0, 60, 1, '2025-04-19 09:01:07', '2025-04-19 09:01:07'),
(194, 0, 60, 4, '2025-04-19 09:01:07', '2025-04-19 09:01:07'),
(195, 0, 60, 7, '2025-04-19 09:01:07', '2025-04-19 09:01:07'),
(196, 1, 61, 1, '2025-04-22 11:16:39', '2025-04-23 11:00:51'),
(199, 0, 61, 4, '2025-04-22 11:16:39', '2025-04-22 11:16:39'),
(200, 0, 61, 7, '2025-04-22 11:16:39', '2025-04-22 11:16:39'),
(201, 1, 62, 1, '2025-04-22 11:18:32', '2025-04-23 11:00:51'),
(204, 0, 62, 4, '2025-04-22 11:18:32', '2025-04-22 11:18:32'),
(205, 0, 62, 7, '2025-04-22 11:18:32', '2025-04-22 11:18:32'),
(206, 1, 63, 1, '2025-04-22 12:55:53', '2025-04-23 11:01:15'),
(209, 0, 63, 4, '2025-04-22 12:55:53', '2025-04-22 12:55:53'),
(210, 0, 63, 7, '2025-04-22 12:55:53', '2025-04-22 12:55:53'),
(211, 0, 64, 1, '2025-04-24 08:11:22', '2025-04-24 08:11:22'),
(214, 0, 64, 4, '2025-04-24 08:11:22', '2025-04-24 08:11:22'),
(215, 0, 64, 7, '2025-04-24 08:11:22', '2025-04-24 08:11:22'),
(216, 0, 65, 1, '2025-04-24 08:11:29', '2025-04-24 08:11:29'),
(219, 0, 65, 4, '2025-04-24 08:11:29', '2025-04-24 08:11:29'),
(220, 0, 65, 7, '2025-04-24 08:11:29', '2025-04-24 08:11:29'),
(221, 0, 66, 1, '2025-04-24 08:11:36', '2025-04-24 08:11:36'),
(224, 0, 66, 4, '2025-04-24 08:11:36', '2025-04-24 08:11:36'),
(225, 0, 66, 7, '2025-04-24 08:11:36', '2025-04-24 08:11:36'),
(226, 0, 67, 1, '2025-04-24 08:12:30', '2025-04-24 08:12:30'),
(229, 0, 67, 4, '2025-04-24 08:12:30', '2025-04-24 08:12:30'),
(230, 0, 67, 7, '2025-04-24 08:12:30', '2025-04-24 08:12:30'),
(231, 1, 68, 1, '2025-04-24 08:24:16', '2025-05-15 16:55:25'),
(234, 0, 68, 4, '2025-04-24 08:24:16', '2025-04-24 08:24:16'),
(235, 0, 68, 7, '2025-04-24 08:24:16', '2025-04-24 08:24:16'),
(236, 1, 69, 1, '2025-04-24 08:24:52', '2025-05-15 16:55:25'),
(239, 0, 69, 4, '2025-04-24 08:24:52', '2025-04-24 08:24:52'),
(240, 0, 69, 7, '2025-04-24 08:24:52', '2025-04-24 08:24:52'),
(241, 0, 70, 1, '2025-04-28 12:11:13', '2025-04-28 12:11:13'),
(244, 0, 70, 4, '2025-04-28 12:11:13', '2025-04-28 12:11:13'),
(245, 0, 70, 7, '2025-04-28 12:11:13', '2025-04-28 12:11:13'),
(246, 0, 71, 1, '2025-04-28 12:12:59', '2025-04-28 12:12:59'),
(249, 0, 71, 4, '2025-04-28 12:12:59', '2025-04-28 12:12:59'),
(250, 0, 71, 7, '2025-04-28 12:12:59', '2025-04-28 12:12:59'),
(251, 0, 72, 1, '2025-05-05 09:51:29', '2025-05-05 09:51:29'),
(254, 0, 72, 4, '2025-05-05 09:51:29', '2025-05-05 09:51:29'),
(255, 0, 72, 7, '2025-05-05 09:51:29', '2025-05-05 09:51:29'),
(256, 0, 73, 1, '2025-05-05 09:51:48', '2025-05-05 09:51:48'),
(259, 0, 73, 4, '2025-05-05 09:51:48', '2025-05-05 09:51:48'),
(260, 0, 73, 7, '2025-05-05 09:51:48', '2025-05-05 09:51:48'),
(263, 0, 74, 4, '2025-05-15 15:44:22', '2025-05-15 15:44:22'),
(264, 0, 74, 6, '2025-05-15 15:44:22', '2025-05-15 15:44:22'),
(265, 0, 74, 7, '2025-05-15 15:44:22', '2025-05-15 15:44:22'),
(268, 0, 75, 4, '2025-05-15 16:09:52', '2025-05-15 16:09:52'),
(269, 0, 75, 6, '2025-05-15 16:09:52', '2025-05-15 16:09:52'),
(270, 0, 75, 7, '2025-05-15 16:09:52', '2025-05-15 16:09:52'),
(271, 0, 76, 1, '2025-05-19 07:05:58', '2025-05-19 07:05:58'),
(274, 0, 76, 4, '2025-05-19 07:05:58', '2025-05-19 07:05:58'),
(275, 0, 76, 7, '2025-05-19 07:05:58', '2025-05-19 07:05:58'),
(276, 0, 76, 9, '2025-05-19 07:05:58', '2025-05-19 07:05:58'),
(277, 0, 76, 10, '2025-05-19 07:05:58', '2025-05-19 07:05:58'),
(278, 0, 77, 1, '2025-05-19 07:08:58', '2025-05-19 07:08:58'),
(281, 0, 77, 4, '2025-05-19 07:08:58', '2025-05-19 07:08:58'),
(282, 0, 77, 7, '2025-05-19 07:08:58', '2025-05-19 07:08:58'),
(283, 0, 77, 9, '2025-05-19 07:08:58', '2025-05-19 07:08:58'),
(284, 0, 77, 10, '2025-05-19 07:08:58', '2025-05-19 07:08:58'),
(285, 0, 78, 1, '2025-05-26 09:34:20', '2025-05-26 09:34:20'),
(288, 0, 78, 4, '2025-05-26 09:34:20', '2025-05-26 09:34:20'),
(289, 0, 78, 6, '2025-05-26 09:34:20', '2025-05-26 09:34:20'),
(290, 0, 78, 7, '2025-05-26 09:34:20', '2025-05-26 09:34:20'),
(291, 0, 78, 9, '2025-05-26 09:34:20', '2025-05-26 09:34:20'),
(292, 0, 79, 1, '2025-07-11 12:27:00', '2025-07-11 12:27:00'),
(295, 0, 79, 4, '2025-07-11 12:27:00', '2025-07-11 12:27:00'),
(296, 0, 79, 7, '2025-07-11 12:27:00', '2025-07-11 12:27:00'),
(297, 0, 79, 9, '2025-07-11 12:27:00', '2025-07-11 12:27:00'),
(298, 0, 79, 10, '2025-07-11 12:27:00', '2025-07-11 12:27:00'),
(299, 0, 79, 11, '2025-07-11 12:27:00', '2025-07-11 12:27:00'),
(300, 0, 79, 13, '2025-07-11 12:27:00', '2025-07-11 12:27:00'),
(301, 0, 79, 15, '2025-07-11 12:27:00', '2025-07-11 12:27:00'),
(302, 0, 80, 1, '2025-07-14 12:08:15', '2025-07-14 12:08:15'),
(305, 0, 80, 4, '2025-07-14 12:08:15', '2025-07-14 12:08:15'),
(306, 0, 80, 7, '2025-07-14 12:08:15', '2025-07-14 12:08:15'),
(307, 0, 80, 9, '2025-07-14 12:08:15', '2025-07-14 12:08:15'),
(308, 0, 80, 10, '2025-07-14 12:08:15', '2025-07-14 12:08:15'),
(309, 0, 80, 11, '2025-07-14 12:08:15', '2025-07-14 12:08:15'),
(310, 0, 80, 13, '2025-07-14 12:08:15', '2025-07-14 12:08:15'),
(311, 0, 80, 15, '2025-07-14 12:08:15', '2025-07-14 12:08:15'),
(312, 0, 81, 1, '2025-07-14 16:03:48', '2025-07-14 16:03:48'),
(315, 0, 81, 4, '2025-07-14 16:03:48', '2025-07-14 16:03:48'),
(316, 0, 81, 7, '2025-07-14 16:03:48', '2025-07-14 16:03:48'),
(317, 0, 81, 9, '2025-07-14 16:03:48', '2025-07-14 16:03:48'),
(318, 0, 81, 10, '2025-07-14 16:03:48', '2025-07-14 16:03:48'),
(319, 0, 81, 11, '2025-07-14 16:03:48', '2025-07-14 16:03:48'),
(320, 0, 81, 13, '2025-07-14 16:03:48', '2025-07-14 16:03:48'),
(321, 0, 81, 15, '2025-07-14 16:03:48', '2025-07-14 16:03:48'),
(324, 0, 82, 4, '2025-07-16 09:15:41', '2025-07-16 09:15:41'),
(325, 0, 82, 6, '2025-07-16 09:15:41', '2025-07-16 09:15:41'),
(326, 0, 82, 7, '2025-07-16 09:15:41', '2025-07-16 09:15:41'),
(327, 0, 82, 9, '2025-07-16 09:15:41', '2025-07-16 09:15:41'),
(328, 0, 82, 10, '2025-07-16 09:15:41', '2025-07-16 09:15:41'),
(329, 0, 82, 11, '2025-07-16 09:15:41', '2025-07-16 09:15:41'),
(330, 0, 82, 13, '2025-07-16 09:15:41', '2025-07-16 09:15:41'),
(331, 0, 82, 15, '2025-07-16 09:15:41', '2025-07-16 09:15:41'),
(334, 0, 83, 4, '2025-07-16 09:15:42', '2025-07-16 09:15:42'),
(335, 0, 83, 6, '2025-07-16 09:15:42', '2025-07-16 09:15:42'),
(336, 0, 83, 7, '2025-07-16 09:15:42', '2025-07-16 09:15:42'),
(337, 0, 83, 9, '2025-07-16 09:15:42', '2025-07-16 09:15:42'),
(338, 0, 83, 10, '2025-07-16 09:15:42', '2025-07-16 09:15:42'),
(339, 0, 83, 11, '2025-07-16 09:15:42', '2025-07-16 09:15:42'),
(340, 0, 83, 13, '2025-07-16 09:15:42', '2025-07-16 09:15:42'),
(341, 0, 83, 15, '2025-07-16 09:15:42', '2025-07-16 09:15:42'),
(344, 0, 84, 4, '2025-07-16 09:17:05', '2025-07-16 09:17:05'),
(345, 0, 84, 6, '2025-07-16 09:17:05', '2025-07-16 09:17:05'),
(346, 0, 84, 7, '2025-07-16 09:17:05', '2025-07-16 09:17:05'),
(347, 0, 84, 9, '2025-07-16 09:17:05', '2025-07-16 09:17:05'),
(348, 0, 84, 10, '2025-07-16 09:17:05', '2025-07-16 09:17:05'),
(349, 0, 84, 11, '2025-07-16 09:17:05', '2025-07-16 09:17:05'),
(350, 0, 84, 13, '2025-07-16 09:17:05', '2025-07-16 09:17:05'),
(351, 0, 84, 15, '2025-07-16 09:17:05', '2025-07-16 09:17:05'),
(354, 0, 85, 4, '2025-07-23 07:57:09', '2025-07-23 07:57:09'),
(355, 0, 85, 6, '2025-07-23 07:57:09', '2025-07-23 07:57:09'),
(356, 0, 85, 7, '2025-07-23 07:57:09', '2025-07-23 07:57:09'),
(357, 0, 85, 9, '2025-07-23 07:57:09', '2025-07-23 07:57:09'),
(358, 0, 85, 10, '2025-07-23 07:57:09', '2025-07-23 07:57:09'),
(359, 0, 85, 11, '2025-07-23 07:57:09', '2025-07-23 07:57:09'),
(360, 0, 85, 13, '2025-07-23 07:57:09', '2025-07-23 07:57:09'),
(361, 0, 85, 15, '2025-07-23 07:57:09', '2025-07-23 07:57:09'),
(364, 0, 86, 4, '2025-07-23 08:08:20', '2025-07-23 08:08:20'),
(365, 0, 86, 6, '2025-07-23 08:08:20', '2025-07-23 08:08:20'),
(366, 0, 86, 7, '2025-07-23 08:08:20', '2025-07-23 08:08:20'),
(367, 0, 86, 9, '2025-07-23 08:08:20', '2025-07-23 08:08:20'),
(368, 0, 86, 10, '2025-07-23 08:08:20', '2025-07-23 08:08:20'),
(369, 0, 86, 11, '2025-07-23 08:08:20', '2025-07-23 08:08:20'),
(370, 0, 86, 13, '2025-07-23 08:08:20', '2025-07-23 08:08:20'),
(371, 0, 86, 15, '2025-07-23 08:08:20', '2025-07-23 08:08:20'),
(372, 0, 87, 4, '2025-07-25 13:30:17', '2025-07-25 13:30:17'),
(373, 0, 87, 6, '2025-07-25 13:30:17', '2025-07-25 13:30:17'),
(374, 0, 87, 7, '2025-07-25 13:30:17', '2025-07-25 13:30:17'),
(375, 0, 87, 9, '2025-07-25 13:30:17', '2025-07-25 13:30:17'),
(376, 0, 87, 10, '2025-07-25 13:30:17', '2025-07-25 13:30:17'),
(377, 0, 87, 11, '2025-07-25 13:30:17', '2025-07-25 13:30:17'),
(378, 0, 87, 13, '2025-07-25 13:30:17', '2025-07-25 13:30:17'),
(379, 0, 87, 15, '2025-07-25 13:30:17', '2025-07-25 13:30:17'),
(380, 0, 87, 24, '2025-07-25 13:30:17', '2025-07-25 13:30:17');

-- --------------------------------------------------------

--
-- Table structure for table `containers`
--

CREATE TABLE `containers` (
  `id` bigint(20) UNSIGNED NOT NULL,
  `code` varchar(255) COLLATE utf8mb4_unicode_ci DEFAULT NULL,
  `purchase_type` enum('purchase','rent') COLLATE utf8mb4_unicode_ci DEFAULT NULL,
  `purchase_date` date DEFAULT NULL,
  `count` int(11) DEFAULT NULL,
  `price` decimal(8,2) DEFAULT NULL,
  `price_currency` varchar(255) COLLATE utf8mb4_unicode_ci DEFAULT NULL,
  `weight` varchar(255) COLLATE utf8mb4_unicode_ci DEFAULT NULL,
  `volume` varchar(255) COLLATE utf8mb4_unicode_ci DEFAULT NULL,
  `status` enum('pending','accepted','rejected') COLLATE utf8mb4_unicode_ci NOT NULL DEFAULT 'pending',
  `last_payment_date` date DEFAULT NULL,
  `vendor_id` bigint(20) UNSIGNED DEFAULT NULL,
  `container_type_id` bigint(20) UNSIGNED DEFAULT NULL,
  `created_at` timestamp NULL DEFAULT NULL,
  `updated_at` timestamp NULL DEFAULT NULL,
  `empty_volume` decimal(8,2) DEFAULT NULL,
  `packed_volume` decimal(8,2) DEFAULT NULL
) ENGINE=InnoDB DEFAULT CHARSET=utf8mb4 COLLATE=utf8mb4_unicode_ci;

--
-- Dumping data for table `containers`
--

INSERT INTO `containers` (`id`, `code`, `purchase_type`, `purchase_date`, `count`, `price`, `price_currency`, `weight`, `volume`, `status`, `last_payment_date`, `vendor_id`, `container_type_id`, `created_at`, `updated_at`, `empty_volume`, `packed_volume`) VALUES
(1, 'VC85155284', 'rent', '2025-03-17', 19, 1900.00, 'USD', NULL, '68', 'accepted', '2025-03-31', 1, 2, '2025-03-16 07:05:10', '2025-07-17 15:49:14', 66.00, 2.00),
(2, 'VC96950079', 'rent', '2025-03-23', 2, 1900.00, 'USD', NULL, '68', 'accepted', '2025-03-29', 1, 2, '2025-03-16 07:09:44', '2025-07-23 09:00:48', -1732.00, 1800.00),
(3, 'THFE3955943', 'rent', '2025-03-25', 3, 1200.00, 'USD', NULL, '30', 'accepted', '2025-03-31', 1, 4, '2025-03-16 07:09:44', '2025-05-15 12:32:18', 30.00, 0.00),
(4, 'VC64558662', 'purchase', '2025-03-18', 4, 2700.00, 'USD', NULL, '74', 'accepted', '2025-03-31', 1, 1, '2025-03-18 06:14:59', '2025-05-06 14:33:38', 62.00, 12.00),
(5, 'VC47467992', 'rent', '2024-12-28', 10, 1700.00, 'USD', NULL, '58', 'accepted', '2021-08-31', 1, 3, '2025-03-18 06:14:59', '2025-05-06 13:59:55', 58.00, 0.00),
(6, 'VC30758769', 'rent', '2025-03-20', 6, 1700.00, 'USD', NULL, '68', 'accepted', '2025-03-28', 1, 2, '2025-03-18 06:40:13', '2025-07-23 09:01:45', -1732.00, 1800.00),
(7, 'VC25145540', 'purchase', '2025-03-12', 2, 1250.00, 'USD', NULL, '58', 'accepted', '2025-03-05', 1, 3, '2025-03-18 06:40:13', '2025-05-06 13:59:55', 58.00, 0.00),
(8, 'VC84471813', 'rent', '2025-03-18', 7, 2700.00, 'USD', NULL, '68', 'accepted', '2025-09-28', 1, 2, '2025-03-18 13:20:07', '2025-07-23 09:02:55', -1732.00, 1800.00),
(9, 'DHSU4372448', 'purchase', '2025-03-31', 3, 2700.00, 'USD', NULL, '74', 'accepted', '2025-03-31', 1, 1, '2025-03-18 13:20:07', '2025-07-23 09:09:32', -1726.00, 1800.00),
(10, 'VC73830495', 'purchase', '2025-03-26', 5, 1900.00, 'USD', NULL, '68', 'accepted', '2025-04-05', 1, 2, '2025-03-20 05:57:48', '2025-05-06 13:59:55', 68.00, 0.00),
(11, 'VC10074833', 'rent', '2023-04-26', 2, 1222.00, 'USD', NULL, '58', 'accepted', '2025-04-04', 1, 3, '2025-03-26 05:55:33', '2025-05-06 13:59:55', 58.00, 0.00),
(12, 'VC154545', 'rent', '2025-04-29', 5, 1700.00, 'USD', NULL, '68', 'accepted', '2025-05-03', 1, 2, '2025-04-08 12:06:49', '2025-05-06 13:59:55', 68.00, 0.00),
(13, 'RUDS4839221', 'purchase', '2025-04-09', 1, 100.00, 'USD', NULL, '74', 'accepted', '2025-04-30', 1, 1, '2025-04-09 12:23:01', '2025-05-22 09:54:09', 22.00, 52.00),
(14, 'MATU4581104', 'purchase', '2025-04-09', 1, 100.00, 'USD', NULL, '74', 'accepted', '2025-04-30', 1, 1, '2025-04-09 12:23:01', '2025-06-06 12:07:26', 74.00, 0.00),
(15, NULL, 'purchase', '2025-04-09', 1, 100.00, 'USD', NULL, '74', 'pending', '2025-04-30', 1, 1, '2025-04-09 12:23:01', '2025-05-06 13:59:55', 74.00, 0.00),
(16, 'kkkk111111', 'rent', '2025-04-22', 1, 1700.00, 'USD', NULL, '68', 'accepted', '2025-04-23', 1, 2, '2025-04-09 12:55:54', '2025-05-06 13:59:55', 68.00, 0.00),
(17, 'abcd456212', 'rent', '2025-04-22', 1, 1700.00, 'USD', NULL, '68', 'accepted', '2025-04-23', 1, 2, '2025-04-09 12:55:54', '2025-05-06 13:59:55', 68.00, 0.00),
(18, 'Test5454', 'rent', '2025-04-22', 1, 1700.00, 'USD', NULL, '68', 'accepted', '2025-04-23', 1, 2, '2025-04-09 12:55:54', '2025-05-06 13:59:55', 68.00, 0.00),
(19, 'OTUF4883204', 'rent', '2025-04-12', 1, 1600.00, 'USD', NULL, '68', 'accepted', '2025-04-30', 2, 2, '2025-04-12 12:24:04', '2025-05-15 12:33:28', 68.00, 0.00),
(20, NULL, 'rent', '2025-04-12', 1, 1600.00, 'USD', NULL, '68', 'pending', '2025-04-30', 2, 2, '2025-04-12 12:24:04', '2025-05-06 13:59:55', 68.00, 0.00),
(21, NULL, 'rent', '2025-04-12', 1, 1600.00, 'USD', NULL, '68', 'pending', '2025-04-30', 2, 2, '2025-04-12 12:24:04', '2025-05-06 13:59:55', 68.00, 0.00),
(22, NULL, 'rent', '2025-04-12', 1, 1600.00, 'USD', NULL, '68', 'pending', '2025-04-30', 2, 2, '2025-04-12 12:24:04', '2025-05-06 13:59:55', 68.00, 0.00),
(23, 'lihohio', 'rent', '2025-04-16', 1, 1600.00, 'USD', NULL, '30', 'accepted', '2025-04-30', 1, 4, '2025-04-12 12:25:15', '2025-05-06 13:59:55', 30.00, 0.00),
(24, NULL, 'rent', '2025-04-16', 1, 1600.00, 'USD', NULL, '30', 'pending', '2025-04-30', 1, 4, '2025-04-12 12:25:15', '2025-05-06 13:59:55', 30.00, 0.00),
(25, 'testnjksnkjnk', 'rent', '2025-04-16', 1, 1600.00, 'USD', NULL, '30', 'accepted', '2025-04-30', 1, 4, '2025-04-12 12:25:15', '2025-05-06 13:59:55', 30.00, 0.00),
(26, 'astrar123', 'rent', '2025-05-10', 1, 1700.00, 'USD', NULL, '68', 'rejected', '2025-05-20', 2, 2, '2025-04-22 15:21:07', '2025-05-06 13:59:55', 68.00, 0.00),
(27, 'artrar  2', 'rent', '2025-05-10', 1, 1700.00, 'USD', NULL, '68', 'accepted', '2025-05-20', 2, 2, '2025-04-22 15:21:07', '2025-05-06 13:59:55', 68.00, 0.00),
(28, NULL, 'rent', '2025-05-10', 1, 1700.00, 'USD', NULL, '68', 'pending', '2025-05-20', 2, 2, '2025-04-22 15:21:07', '2025-05-06 13:59:55', 68.00, 0.00),
(29, 'HELP2022020', 'purchase', '2025-05-13', 1, 1900.00, 'USD', NULL, '68', 'accepted', '2025-04-24', 2, 2, '2025-04-22 16:07:49', '2025-07-17 15:42:38', 52.00, 16.00),
(30, NULL, 'purchase', '2025-05-13', 1, 1900.00, 'USD', NULL, '68', 'pending', '2025-04-24', 2, 2, '2025-04-22 16:07:49', '2025-05-06 13:59:55', 68.00, 0.00),
(31, 'yeni123456', 'purchase', '2025-04-25', 1, 2500.00, 'USD', NULL, '68', 'accepted', '2025-05-03', 2, 2, '2025-04-25 10:12:09', '2025-05-06 13:59:55', 68.00, 0.00),
(32, 'new98765', 'purchase', '2025-04-25', 1, 2500.00, 'USD', NULL, '68', 'accepted', '2025-05-03', 2, 2, '2025-04-25 10:12:09', '2025-05-06 13:59:55', 68.00, 0.00),
(33, 'SLMN2873915', 'rent', '2025-05-02', 1, 1680.00, 'USD', NULL, '68', 'rejected', '2025-05-21', 2, 2, '2025-05-01 09:36:51', '2025-05-14 17:23:08', 8.00, 60.00),
(34, 'LAST5325834', 'rent', '2025-05-02', 1, 1680.00, 'USD', NULL, '68', 'rejected', '2025-05-21', 2, 2, '2025-05-01 09:36:51', '2025-05-08 08:43:45', 17.20, 50.80),
(35, 'SZZS5648291', 'rent', '2025-05-06', 1, 1900.00, 'USD', NULL, '68', 'accepted', '2025-05-23', 1, 2, '2025-05-06 08:49:41', '2025-05-19 08:03:19', 8.00, 60.00),
(36, 'ZZZS5738384', 'rent', '2025-05-06', 1, 1900.00, 'USD', NULL, '68', 'accepted', '2025-05-23', 1, 2, '2025-05-06 08:49:41', '2025-07-18 16:49:15', -120.00, 188.00),
(37, 'RTYO9890897', 'rent', '2025-05-21', 1, 1200.00, 'USD', NULL, '58', 'accepted', '2025-05-28', 2, 3, '2025-05-19 08:10:15', '2025-05-22 09:54:45', 18.00, 40.00),
(38, NULL, 'rent', '2025-05-21', 1, 1200.00, 'USD', NULL, '58', 'pending', '2025-05-28', 2, 3, '2025-05-19 08:10:15', '2025-05-19 08:10:15', 58.00, 0.00),
(39, NULL, 'rent', '2025-06-12', 1, 1500.00, 'USD', NULL, '68', 'pending', '2025-06-19', 2, 2, '2025-06-06 12:06:10', '2025-06-06 12:06:10', 68.00, 0.00),
(40, NULL, 'rent', '2025-06-12', 1, 1500.00, 'USD', NULL, '68', 'pending', '2025-06-19', 2, 2, '2025-06-06 12:06:10', '2025-06-06 12:06:10', 68.00, 0.00),
(41, 'NRLN123968', 'rent', '2025-07-17', 1, 1600.00, 'USD', NULL, '68', 'accepted', '2025-07-31', 2, 2, '2025-07-17 15:43:12', '2025-07-24 17:12:13', -1732.00, 1800.00),
(42, 'TSTS666699', 'rent', '2025-07-17', 1, 1600.00, 'USD', NULL, '68', 'accepted', '2025-07-31', 2, 2, '2025-07-17 15:43:12', '2025-07-24 17:11:00', 25.00, 43.00),
(43, NULL, 'rent', '2025-07-17', 1, 1000.00, 'AZN', NULL, '68', 'pending', '2025-07-19', 2, 2, '2025-07-17 15:54:39', '2025-07-17 15:54:39', 68.00, 0.00),
(44, NULL, 'rent', '2025-07-17', 1, 1000.00, 'AZN', NULL, '68', 'pending', '2025-07-19', 2, 2, '2025-07-17 15:54:39', '2025-07-17 15:54:39', 68.00, 0.00),
(45, 'TPPT012356', 'rent', '2025-07-18', 1, 1550.00, 'USD', NULL, '68', 'accepted', '2025-07-31', 2, 2, '2025-07-18 11:11:19', '2025-07-18 11:33:13', 59.00, 9.00),
(46, 'SCCA658799', 'rent', '2025-07-18', 1, 1550.00, 'USD', NULL, '68', 'accepted', '2025-07-31', 2, 2, '2025-07-18 11:11:19', '2025-07-18 16:54:40', -132.00, 200.00),
(47, 'TRSU112146', 'rent', '2025-07-18', 1, 1550.00, 'USD', NULL, '68', 'accepted', '2025-07-31', 2, 2, '2025-07-18 11:11:19', '2025-07-23 09:45:49', -1832.00, 1900.00);

-- --------------------------------------------------------

--
-- Table structure for table `container_check_reasons`
--

CREATE TABLE `container_check_reasons` (
  `id` bigint(20) UNSIGNED NOT NULL,
  `name` varchar(255) COLLATE utf8mb4_unicode_ci NOT NULL,
  `status` tinyint(1) NOT NULL,
  `sort` int(11) DEFAULT NULL,
  `created_at` timestamp NULL DEFAULT NULL,
  `updated_at` timestamp NULL DEFAULT NULL
) ENGINE=InnoDB DEFAULT CHARSET=utf8mb4 COLLATE=utf8mb4_unicode_ci;

--
-- Dumping data for table `container_check_reasons`
--

INSERT INTO `container_check_reasons` (`id`, `name`, `status`, `sort`, `created_at`, `updated_at`) VALUES
(1, 'Test 1', 1, NULL, '2025-05-21 10:36:02', '2025-05-21 10:36:02'),
(2, 'Test 2', 1, NULL, '2025-05-21 10:36:12', '2025-05-21 10:36:12');

-- --------------------------------------------------------

--
-- Table structure for table `container_images`
--

CREATE TABLE `container_images` (
  `id` bigint(20) UNSIGNED NOT NULL,
  `image` varchar(255) COLLATE utf8mb4_unicode_ci DEFAULT NULL,
  `container_id` bigint(20) UNSIGNED DEFAULT NULL,
  `created_at` timestamp NULL DEFAULT NULL,
  `updated_at` timestamp NULL DEFAULT NULL
) ENGINE=InnoDB DEFAULT CHARSET=utf8mb4 COLLATE=utf8mb4_unicode_ci;

--
-- Dumping data for table `container_images`
--

INSERT INTO `container_images` (`id`, `image`, `container_id`, `created_at`, `updated_at`) VALUES
(1, 'uploads/containers/84505209.webp', 4, '2025-03-18 06:14:59', '2025-03-18 06:14:59'),
(2, 'uploads/containers/34968603.webp', 4, '2025-03-18 06:14:59', '2025-03-18 06:14:59'),
(3, 'uploads/containers/84505209.webp', 5, '2025-03-18 06:14:59', '2025-03-18 06:14:59'),
(4, 'uploads/containers/34968603.webp', 5, '2025-03-18 06:14:59', '2025-03-18 06:14:59'),
(5, 'uploads/containers/77773876.webp', 6, '2025-03-18 06:40:13', '2025-03-18 06:40:13'),
(6, 'uploads/containers/50878384.webp', 6, '2025-03-18 06:40:13', '2025-03-18 06:40:13'),
(7, 'uploads/containers/77773876.webp', 7, '2025-03-18 06:40:13', '2025-03-18 06:40:13'),
(8, 'uploads/containers/50878384.webp', 7, '2025-03-18 06:40:13', '2025-03-18 06:40:13'),
(9, 'uploads/containers/54857176.webp', 11, '2025-03-26 05:55:33', '2025-03-26 05:55:33'),
(10, 'uploads/containers/93903666.svg', 23, '2025-04-21 11:15:26', '2025-04-21 11:15:26'),
(11, 'uploads/containers/28647430.webp', 26, '2025-04-22 15:21:07', '2025-04-22 15:21:07'),
(12, 'uploads/containers/28647430.webp', 27, '2025-04-22 15:21:07', '2025-04-22 15:21:07'),
(13, 'uploads/containers/28647430.webp', 28, '2025-04-22 15:21:07', '2025-04-22 15:21:07'),
(14, 'uploads/containers/94234022.webp', 43, '2025-07-17 15:54:39', '2025-07-17 15:54:39'),
(15, 'uploads/containers/94234022.webp', 44, '2025-07-17 15:54:39', '2025-07-17 15:54:39');

-- --------------------------------------------------------

--
-- Table structure for table `container_prices`
--

CREATE TABLE `container_prices` (
  `id` bigint(20) UNSIGNED NOT NULL,
  `price` decimal(8,2) DEFAULT NULL,
  `container_type_id` bigint(20) UNSIGNED NOT NULL,
  `station_id` bigint(20) UNSIGNED DEFAULT NULL,
  `created_at` timestamp NULL DEFAULT NULL,
  `updated_at` timestamp NULL DEFAULT NULL
) ENGINE=InnoDB DEFAULT CHARSET=utf8mb4 COLLATE=utf8mb4_unicode_ci;

--
-- Dumping data for table `container_prices`
--

INSERT INTO `container_prices` (`id`, `price`, `container_type_id`, `station_id`, `created_at`, `updated_at`) VALUES
(1, 100.00, 1, 1, '2025-03-07 10:37:13', '2025-03-28 10:30:18'),
(2, 25.00, 1, 2, '2025-03-07 10:37:13', '2025-04-01 15:32:39'),
(4, 20.00, 2, 2, '2025-03-07 10:37:13', '2025-04-01 15:32:28'),
(5, 15.00, 3, 1, '2025-03-07 10:37:13', '2025-04-01 15:33:08'),
(6, 15.00, 3, 2, '2025-03-07 10:37:13', '2025-04-01 15:33:23'),
(9, 555.00, 2, 1, '2025-03-18 07:37:14', '2025-03-28 12:19:42'),
(10, 100.00, 1, 3, '2025-03-28 12:16:41', '2025-03-28 12:16:41'),
(11, 200.00, 2, 3, '2025-03-28 12:16:54', '2025-03-28 12:16:54'),
(12, 300.00, 3, 3, '2025-03-28 12:17:19', '2025-03-28 12:17:19'),
(13, 400.00, 4, 3, '2025-03-28 12:17:33', '2025-03-28 12:17:33'),
(14, 105.00, 1, 1, '2025-07-23 10:19:39', '2025-07-23 10:19:39'),
(15, 40.00, 2, 2, '2025-07-23 10:19:48', '2025-07-23 10:19:48');

-- --------------------------------------------------------

--
-- Table structure for table `container_rejects`
--

CREATE TABLE `container_rejects` (
  `id` bigint(20) UNSIGNED NOT NULL,
  `note` text COLLATE utf8mb4_unicode_ci,
  `container_id` bigint(20) UNSIGNED NOT NULL,
  `reject_reason_id` bigint(20) UNSIGNED NOT NULL,
  `created_at` timestamp NULL DEFAULT NULL,
  `updated_at` timestamp NULL DEFAULT NULL
) ENGINE=InnoDB DEFAULT CHARSET=utf8mb4 COLLATE=utf8mb4_unicode_ci;

--
-- Dumping data for table `container_rejects`
--

INSERT INTO `container_rejects` (`id`, `note`, `container_id`, `reject_reason_id`, `created_at`, `updated_at`) VALUES
(1, 'ssss', 33, 1, '2025-05-02 08:09:14', '2025-05-02 08:09:14'),
(2, 'mu', 26, 1, '2025-05-03 09:37:53', '2025-05-03 09:37:53'),
(3, 'xx', 34, 1, '2025-05-08 08:43:45', '2025-05-08 08:43:45');

-- --------------------------------------------------------

--
-- Table structure for table `container_types`
--

CREATE TABLE `container_types` (
  `id` bigint(20) UNSIGNED NOT NULL,
  `name` varchar(255) COLLATE utf8mb4_unicode_ci NOT NULL,
  `max_size` varchar(255) COLLATE utf8mb4_unicode_ci DEFAULT NULL,
  `sort` int(11) DEFAULT NULL,
  `status` tinyint(1) NOT NULL,
  `created_at` timestamp NULL DEFAULT NULL,
  `updated_at` timestamp NULL DEFAULT NULL,
  `max_car_count` int(11) DEFAULT NULL
) ENGINE=InnoDB DEFAULT CHARSET=utf8mb4 COLLATE=utf8mb4_unicode_ci;

--
-- Dumping data for table `container_types`
--

INSERT INTO `container_types` (`id`, `name`, `max_size`, `sort`, `status`, `created_at`, `updated_at`, `max_car_count`) VALUES
(1, '45GP', '74', NULL, 1, '2025-03-07 10:37:13', '2025-03-07 10:37:13', NULL),
(2, '40HQ', '68', NULL, 1, '2025-03-07 10:37:13', '2025-03-07 10:37:13', NULL),
(3, '40GP', '58', NULL, 1, '2025-03-07 10:37:13', '2025-03-07 10:37:13', NULL),
(4, '20GP', '30', NULL, 1, '2025-03-07 10:37:13', '2025-03-07 10:37:13', NULL);

-- --------------------------------------------------------

--
-- Table structure for table `countries`
--

CREATE TABLE `countries` (
  `id` bigint(20) UNSIGNED NOT NULL,
  `name` varchar(255) COLLATE utf8mb4_unicode_ci NOT NULL,
  `status` tinyint(1) NOT NULL,
  `sort` int(11) DEFAULT NULL,
  `created_at` timestamp NULL DEFAULT NULL,
  `updated_at` timestamp NULL DEFAULT NULL
) ENGINE=InnoDB DEFAULT CHARSET=utf8mb4 COLLATE=utf8mb4_unicode_ci;

--
-- Dumping data for table `countries`
--

INSERT INTO `countries` (`id`, `name`, `status`, `sort`, `created_at`, `updated_at`) VALUES
(1, 'Azərbaycan', 1, NULL, '2025-04-04 02:55:21', '2025-04-04 02:55:32'),
(2, 'Çin', 1, NULL, '2025-04-04 02:56:01', '2025-04-04 02:56:01');

-- --------------------------------------------------------

--
-- Table structure for table `currencies`
--

CREATE TABLE `currencies` (
  `id` bigint(20) UNSIGNED NOT NULL,
  `name` varchar(255) COLLATE utf8mb4_unicode_ci NOT NULL,
  `code` varchar(255) COLLATE utf8mb4_unicode_ci NOT NULL,
  `symbol` varchar(255) COLLATE utf8mb4_unicode_ci NOT NULL,
  `sort` int(11) DEFAULT NULL,
  `created_at` timestamp NULL DEFAULT NULL,
  `updated_at` timestamp NULL DEFAULT NULL
) ENGINE=InnoDB DEFAULT CHARSET=utf8mb4 COLLATE=utf8mb4_unicode_ci;

--
-- Dumping data for table `currencies`
--

INSERT INTO `currencies` (`id`, `name`, `code`, `symbol`, `sort`, `created_at`, `updated_at`) VALUES
(1, 'Azərbaycan manatı', 'AZN', '₼', 1, '2025-03-07 10:37:13', '2025-04-29 11:28:50'),
(2, 'ABŞ dolları', 'USD', '$', 2, '2025-03-07 10:37:13', '2025-04-29 11:28:50'),
(3, 'Çin yuanı', 'CNY', '¥', 3, '2025-03-07 10:37:13', '2025-04-29 11:28:50');

-- --------------------------------------------------------

--
-- Table structure for table `currency_calculators`
--

CREATE TABLE `currency_calculators` (
  `id` bigint(20) UNSIGNED NOT NULL,
  `index` decimal(8,2) NOT NULL,
  `currency_id` bigint(20) UNSIGNED NOT NULL,
  `created_at` timestamp NULL DEFAULT NULL,
  `updated_at` timestamp NULL DEFAULT NULL
) ENGINE=InnoDB DEFAULT CHARSET=utf8mb4 COLLATE=utf8mb4_unicode_ci;

--
-- Dumping data for table `currency_calculators`
--

INSERT INTO `currency_calculators` (`id`, `index`, `currency_id`, `created_at`, `updated_at`) VALUES
(1, 1.70, 2, '2025-04-29 11:13:37', '2025-04-29 11:13:37'),
(2, 0.23, 3, '2025-04-29 11:13:37', '2025-04-29 11:13:37'),
(3, 1.00, 1, '2025-04-29 11:33:26', '2025-04-29 11:33:26');

-- --------------------------------------------------------

--
-- Table structure for table `customers`
--

CREATE TABLE `customers` (
  `id` bigint(20) UNSIGNED NOT NULL,
  `name` varchar(255) COLLATE utf8mb4_unicode_ci DEFAULT NULL,
  `company_name` varchar(255) COLLATE utf8mb4_unicode_ci DEFAULT NULL,
  `phone` varchar(255) COLLATE utf8mb4_unicode_ci DEFAULT NULL,
  `email` varchar(255) COLLATE utf8mb4_unicode_ci DEFAULT NULL,
  `fin` varchar(255) COLLATE utf8mb4_unicode_ci DEFAULT NULL,
  `serial_number` varchar(255) COLLATE utf8mb4_unicode_ci DEFAULT NULL,
  `voen` varchar(255) COLLATE utf8mb4_unicode_ci DEFAULT NULL,
  `type` enum('physical','owner','legal') COLLATE utf8mb4_unicode_ci NOT NULL,
  `gender` enum('male','female') COLLATE utf8mb4_unicode_ci DEFAULT NULL,
  `note` text COLLATE utf8mb4_unicode_ci,
  `contract` varchar(255) COLLATE utf8mb4_unicode_ci DEFAULT NULL,
  `contract_start_date` date DEFAULT NULL,
  `contract_end_date` date DEFAULT NULL,
  `date` date DEFAULT NULL,
  `status` tinyint(1) NOT NULL DEFAULT '1',
  `user_id` bigint(20) UNSIGNED DEFAULT NULL,
  `source_id` bigint(20) UNSIGNED DEFAULT NULL,
  `created_at` timestamp NULL DEFAULT NULL,
  `updated_at` timestamp NULL DEFAULT NULL
) ENGINE=InnoDB DEFAULT CHARSET=utf8mb4 COLLATE=utf8mb4_unicode_ci;

--
-- Dumping data for table `customers`
--

INSERT INTO `customers` (`id`, `name`, `company_name`, `phone`, `email`, `fin`, `serial_number`, `voen`, `type`, `gender`, `note`, `contract`, `contract_start_date`, `contract_end_date`, `date`, `status`, `user_id`, `source_id`, `created_at`, `updated_at`) VALUES
(1, 'balaeli', NULL, 'csdffd', NULL, '32424fds', NULL, NULL, 'physical', NULL, NULL, NULL, NULL, NULL, NULL, 1, NULL, NULL, '2025-03-20 05:43:33', '2025-03-20 05:43:33'),
(2, 'aazzcc', NULL, 'asdassad', NULL, 'dsaw2', NULL, 'ddsfsdf33', 'legal', NULL, NULL, NULL, NULL, NULL, NULL, 1, NULL, NULL, '2025-03-25 13:29:05', '2025-03-25 13:29:05'),
(3, 'Test', NULL, '994507160833', 'test@gmail.com', 'E1545ST', 'AZ1234567', NULL, 'physical', 'male', 'asdlsalds', 'uploads/customers/51161470.xlsx', '2025-03-27', '2025-03-27', '2025-03-27', 1, NULL, NULL, '2025-03-27 10:56:48', '2025-03-27 10:56:48'),
(5, 'lzfndlsn', NULL, '45341154', 'test@gmail.com', 'sdfksdlnf5', 'AZE03014755', '42234354', 'legal', 'male', NULL, 'uploads/customers/69555835.xlsx', '2025-03-27', '2025-03-27', '2025-03-27', 1, NULL, NULL, '2025-03-27 11:54:03', '2025-03-27 11:54:03'),
(6, 'knzsclknsk', NULL, '994507160833', NULL, NULL, NULL, '534354', 'legal', 'male', NULL, NULL, NULL, NULL, NULL, 1, NULL, NULL, '2025-03-27 12:35:42', '2025-03-28 09:25:00'),
(7, 'affa', NULL, '324343', NULL, 'sdaf34', NULL, NULL, 'physical', NULL, NULL, NULL, NULL, NULL, NULL, 1, NULL, NULL, '2025-03-31 21:45:00', '2025-03-31 21:45:00'),
(8, 'alala balal', NULL, '32324111', NULL, 'asdw343', NULL, NULL, 'physical', NULL, NULL, NULL, NULL, NULL, NULL, 1, NULL, NULL, '2025-04-08 09:26:17', '2025-04-08 09:26:17'),
(9, 'SZ', NULL, '553899994', NULL, 'zx21asdw8', NULL, NULL, 'physical', NULL, NULL, NULL, NULL, NULL, NULL, 1, NULL, NULL, '2025-04-11 09:16:43', '2025-04-11 09:16:43'),
(10, 'nurlan', NULL, '994502167808', NULL, 'nrln050', NULL, NULL, 'physical', NULL, NULL, NULL, NULL, NULL, NULL, 1, NULL, NULL, '2025-04-12 09:26:05', '2025-04-12 09:26:05'),
(11, 'ltst mmc', NULL, '3332343', NULL, NULL, NULL, '432234424', 'legal', NULL, NULL, NULL, NULL, NULL, NULL, 1, NULL, NULL, '2025-04-19 08:08:22', '2025-04-19 08:08:22'),
(12, 'Defaultpls', NULL, '4322247', NULL, 'a234e67', NULL, NULL, 'physical', NULL, NULL, NULL, NULL, NULL, NULL, 1, NULL, NULL, '2025-04-19 08:21:19', '2025-04-19 08:21:19'),
(13, 'Senan Zeynalov', NULL, '553555535', NULL, '123asd123', NULL, NULL, 'physical', NULL, NULL, NULL, NULL, NULL, NULL, 1, NULL, NULL, '2025-04-22 08:41:03', '2025-04-22 08:41:03'),
(14, 'SNNZYN MMC', NULL, '500606006', NULL, NULL, NULL, '21123213113', 'legal', NULL, NULL, NULL, NULL, NULL, NULL, 1, NULL, NULL, '2025-04-22 09:19:48', '2025-04-22 09:19:48'),
(15, 'lstSNNzyn', NULL, '4444444', NULL, NULL, NULL, '34232342432', 'legal', NULL, NULL, NULL, NULL, NULL, NULL, 1, NULL, NULL, '2025-04-22 10:54:11', '2025-04-22 10:54:11'),
(16, 'ZNYTTY', NULL, '5030609295', NULL, NULL, NULL, '1344135568', 'legal', NULL, NULL, NULL, NULL, NULL, NULL, 1, NULL, NULL, '2025-04-22 11:57:16', '2025-04-22 11:57:16'),
(17, 'ZYNMMC', NULL, '559448556', NULL, NULL, NULL, '564564654654', 'legal', 'male', NULL, NULL, NULL, NULL, NULL, 1, NULL, NULL, '2025-04-24 08:07:26', '2025-04-25 10:34:18'),
(18, 'MR.mr', NULL, '5596887536', NULL, '1092387456564783', NULL, NULL, 'physical', NULL, NULL, NULL, NULL, NULL, NULL, 1, NULL, NULL, '2025-04-28 11:39:12', '2025-04-28 11:39:12'),
(19, 'Someone', NULL, '5543839294', NULL, 'erer334asd', NULL, NULL, 'physical', NULL, NULL, NULL, NULL, NULL, NULL, 1, NULL, NULL, '2025-05-06 08:59:19', '2025-05-06 08:59:19'),
(20, 'Test lst', NULL, '123457654334', NULL, 'asfdsf332', NULL, NULL, 'physical', NULL, NULL, NULL, NULL, NULL, NULL, 1, NULL, NULL, '2025-05-11 14:12:13', '2025-05-11 14:12:13'),
(21, 'Satrar MMC', NULL, '245352352425', NULL, NULL, NULL, '3454453534525', 'legal', NULL, NULL, NULL, NULL, NULL, NULL, 1, NULL, NULL, '2025-05-12 08:51:28', '2025-05-12 08:51:28'),
(22, 'Thursday', NULL, '994502167808', NULL, NULL, NULL, '2983984798', 'legal', NULL, NULL, NULL, NULL, NULL, NULL, 1, NULL, NULL, '2025-05-15 12:30:32', '2025-05-15 12:30:32'),
(23, 'dcxc', NULL, '15619175456', NULL, 'ds123', NULL, '1223445', 'legal', NULL, NULL, NULL, NULL, NULL, NULL, 1, NULL, NULL, '2025-05-19 06:44:37', '2025-05-19 06:44:37'),
(24, 'senseii', NULL, '34243224324', NULL, NULL, NULL, '3432424322324', 'legal', NULL, NULL, NULL, NULL, NULL, NULL, 1, NULL, NULL, '2025-07-14 10:23:05', '2025-07-14 10:23:05'),
(25, 'nurlan test', NULL, '994502167808', NULL, 'test', NULL, NULL, 'physical', NULL, NULL, NULL, NULL, NULL, NULL, 1, NULL, NULL, '2025-07-23 08:05:17', '2025-07-23 08:05:17'),
(26, 'Mireziz Agayev', NULL, '546546545621', NULL, '3243242', NULL, NULL, 'physical', NULL, NULL, NULL, NULL, NULL, NULL, 1, NULL, NULL, '2025-07-25 13:23:22', '2025-07-25 13:23:22'),
(27, 'GARLIC LLC', NULL, '994774422223', NULL, NULL, NULL, '1101950521', 'legal', NULL, NULL, NULL, NULL, NULL, NULL, 1, NULL, NULL, '2025-07-28 11:55:44', '2025-07-28 11:55:44');

-- --------------------------------------------------------

--
-- Table structure for table `customer_files`
--

CREATE TABLE `customer_files` (
  `id` bigint(20) UNSIGNED NOT NULL,
  `file` varchar(255) COLLATE utf8mb4_unicode_ci DEFAULT NULL,
  `customer_id` bigint(20) UNSIGNED NOT NULL,
  `created_at` timestamp NULL DEFAULT NULL,
  `updated_at` timestamp NULL DEFAULT NULL
) ENGINE=InnoDB DEFAULT CHARSET=utf8mb4 COLLATE=utf8mb4_unicode_ci;

--
-- Dumping data for table `customer_files`
--

INSERT INTO `customer_files` (`id`, `file`, `customer_id`, `created_at`, `updated_at`) VALUES
(1, 'uploads/customers/35790641.xlsx', 3, '2025-03-27 10:56:48', '2025-03-27 10:56:48'),
(2, 'uploads/customers/70323201.xlsx', 3, '2025-03-27 10:56:48', '2025-03-27 10:56:48'),
(3, 'uploads/customers/44209187.sql', 3, '2025-03-27 11:49:52', '2025-03-27 11:49:52');

-- --------------------------------------------------------

--
-- Table structure for table `customer_properties`
--

CREATE TABLE `customer_properties` (
  `id` bigint(20) UNSIGNED NOT NULL,
  `voen` varchar(255) COLLATE utf8mb4_unicode_ci DEFAULT NULL,
  `legal_address` varchar(500) COLLATE utf8mb4_unicode_ci DEFAULT NULL,
  `factical_address` varchar(500) COLLATE utf8mb4_unicode_ci DEFAULT NULL,
  `bank_voen` varchar(255) COLLATE utf8mb4_unicode_ci DEFAULT NULL,
  `bank_name` varchar(255) COLLATE utf8mb4_unicode_ci DEFAULT NULL,
  `code` varchar(255) COLLATE utf8mb4_unicode_ci DEFAULT NULL,
  `account` varchar(255) COLLATE utf8mb4_unicode_ci DEFAULT NULL,
  `agent_account` varchar(255) COLLATE utf8mb4_unicode_ci DEFAULT NULL,
  `swift` varchar(255) COLLATE utf8mb4_unicode_ci DEFAULT NULL,
  `director` varchar(255) COLLATE utf8mb4_unicode_ci DEFAULT NULL,
  `sector_id` bigint(20) UNSIGNED DEFAULT NULL,
  `customer_id` bigint(20) UNSIGNED DEFAULT NULL,
  `created_at` timestamp NULL DEFAULT NULL,
  `updated_at` timestamp NULL DEFAULT NULL
) ENGINE=InnoDB DEFAULT CHARSET=utf8mb4 COLLATE=utf8mb4_unicode_ci;

--
-- Dumping data for table `customer_properties`
--

INSERT INTO `customer_properties` (`id`, `voen`, `legal_address`, `factical_address`, `bank_voen`, `bank_name`, `code`, `account`, `agent_account`, `swift`, `director`, `sector_id`, `customer_id`, `created_at`, `updated_at`) VALUES
(2, '42234354', 'slfknslfnds', 'lksnslkndlksa', '545456', 'kndflksn', '445464', 'dslkndds', 'asdmklsadm', 'lkasndklasnd', 'sdlksandl', 1, 5, '2025-03-27 11:54:03', '2025-03-27 12:12:13'),
(3, '534354', NULL, NULL, NULL, NULL, '354354', NULL, NULL, NULL, 'knlknkln', NULL, 6, '2025-03-28 09:25:00', '2025-03-28 09:25:00'),
(4, '564564654654', 'sdlfndsf', 'dcldsmcsd', '5465454', 'alkdnlasnd', '35454564', 'sdldfmdslf', 'dldmsdm', 'aslkdnaskln', 'sdnsalk', NULL, 17, '2025-04-25 10:34:18', '2025-04-25 10:34:41');

-- --------------------------------------------------------

--
-- Table structure for table `customs_clearances`
--

CREATE TABLE `customs_clearances` (
  `id` bigint(20) UNSIGNED NOT NULL,
  `name` varchar(255) COLLATE utf8mb4_unicode_ci NOT NULL,
  `sort` int(11) DEFAULT NULL,
  `status` tinyint(1) NOT NULL,
  `created_at` timestamp NULL DEFAULT NULL,
  `updated_at` timestamp NULL DEFAULT NULL
) ENGINE=InnoDB DEFAULT CHARSET=utf8mb4 COLLATE=utf8mb4_unicode_ci;

--
-- Dumping data for table `customs_clearances`
--

INSERT INTO `customs_clearances` (`id`, `name`, `sort`, `status`, `created_at`, `updated_at`) VALUES
(1, 'Müştəri tərəfindən', NULL, 1, '2025-03-07 10:37:13', '2025-03-07 10:37:13'),
(2, 'Şirkət tərəfindən', NULL, 1, '2025-03-07 10:37:13', '2025-03-07 10:37:13');

-- --------------------------------------------------------

--
-- Table structure for table `districts`
--

CREATE TABLE `districts` (
  `id` bigint(20) UNSIGNED NOT NULL,
  `name` varchar(255) COLLATE utf8mb4_unicode_ci NOT NULL,
  `status` tinyint(1) NOT NULL,
  `city_id` bigint(20) UNSIGNED NOT NULL,
  `created_at` timestamp NULL DEFAULT NULL,
  `updated_at` timestamp NULL DEFAULT NULL
) ENGINE=InnoDB DEFAULT CHARSET=utf8mb4 COLLATE=utf8mb4_unicode_ci;

--
-- Dumping data for table `districts`
--

INSERT INTO `districts` (`id`, `name`, `status`, `city_id`, `created_at`, `updated_at`) VALUES
(1, 'Yasamal', 1, 1, '2025-03-07 10:37:13', '2025-03-07 10:37:13'),
(2, 'Qaradağ', 1, 1, '2025-03-07 10:37:13', '2025-03-07 10:37:13'),
(3, 'Alakol', 1, 3, '2025-04-22 12:43:24', '2025-04-22 12:43:24');

-- --------------------------------------------------------

--
-- Table structure for table `document_types`
--

CREATE TABLE `document_types` (
  `id` bigint(20) UNSIGNED NOT NULL,
  `name` varchar(255) COLLATE utf8mb4_unicode_ci NOT NULL,
  `sort` int(11) DEFAULT NULL,
  `status` tinyint(1) NOT NULL,
  `created_at` timestamp NULL DEFAULT NULL,
  `updated_at` timestamp NULL DEFAULT NULL
) ENGINE=InnoDB DEFAULT CHARSET=utf8mb4 COLLATE=utf8mb4_unicode_ci;

--
-- Dumping data for table `document_types`
--

INSERT INTO `document_types` (`id`, `name`, `sort`, `status`, `created_at`, `updated_at`) VALUES
(1, 'Declaration', NULL, 1, '2025-03-12 10:40:53', '2025-03-13 09:26:02'),
(2, 'Railway bill', NULL, 1, '2025-03-12 10:41:01', '2025-03-13 09:26:28'),
(3, 'Mənşə sertifikatı', NULL, 1, '2025-03-12 10:41:09', '2025-03-13 09:26:40');

-- --------------------------------------------------------

--
-- Table structure for table `education`
--

CREATE TABLE `education` (
  `id` bigint(20) UNSIGNED NOT NULL,
  `name` varchar(255) COLLATE utf8mb4_unicode_ci NOT NULL,
  `status` tinyint(1) NOT NULL,
  `sort` int(11) DEFAULT NULL,
  `created_at` timestamp NULL DEFAULT NULL,
  `updated_at` timestamp NULL DEFAULT NULL
) ENGINE=InnoDB DEFAULT CHARSET=utf8mb4 COLLATE=utf8mb4_unicode_ci;

--
-- Dumping data for table `education`
--

INSERT INTO `education` (`id`, `name`, `status`, `sort`, `created_at`, `updated_at`) VALUES
(1, 'Orta', 1, NULL, '2025-04-04 03:22:13', '2025-04-04 03:22:13'),
(2, 'Natamam ali', 1, NULL, '2025-04-04 03:22:20', '2025-04-04 03:22:20'),
(3, 'Ali', 1, NULL, '2025-04-04 03:22:24', '2025-04-04 03:22:24');

-- --------------------------------------------------------

--
-- Table structure for table `expenses`
--

CREATE TABLE `expenses` (
  `id` bigint(20) UNSIGNED NOT NULL,
  `log_id` varchar(255) COLLATE utf8mb4_unicode_ci DEFAULT NULL,
  `total_price` decimal(15,2) NOT NULL DEFAULT '0.00',
  `pay_price` decimal(15,2) NOT NULL DEFAULT '0.00',
  `remainder` decimal(15,2) NOT NULL DEFAULT '0.00',
  `last_payment_date` date DEFAULT NULL,
  `currency` varchar(10) COLLATE utf8mb4_unicode_ci DEFAULT NULL,
  `expense_type` enum('one-time','recurring') COLLATE utf8mb4_unicode_ci DEFAULT NULL,
  `factory` varchar(255) COLLATE utf8mb4_unicode_ci DEFAULT NULL,
  `account_id` bigint(20) UNSIGNED DEFAULT NULL,
  `note` text COLLATE utf8mb4_unicode_ci,
  `status` tinyint(1) NOT NULL DEFAULT '0',
  `order_id` bigint(20) UNSIGNED DEFAULT NULL,
  `expense_category_id` bigint(20) UNSIGNED DEFAULT NULL,
  `expense_sub_category_id` bigint(20) UNSIGNED DEFAULT NULL,
  `created_at` timestamp NULL DEFAULT NULL,
  `updated_at` timestamp NULL DEFAULT NULL
) ENGINE=InnoDB DEFAULT CHARSET=utf8mb4 COLLATE=utf8mb4_unicode_ci;

--
-- Dumping data for table `expenses`
--

INSERT INTO `expenses` (`id`, `log_id`, `total_price`, `pay_price`, `remainder`, `last_payment_date`, `currency`, `expense_type`, `factory`, `account_id`, `note`, `status`, `order_id`, `expense_category_id`, `expense_sub_category_id`, `created_at`, `updated_at`) VALUES
(3, 'Sequi voluptatum max', 850.00, 753.00, 97.00, '2010-08-21', 'AZN', 'one-time', 'Chiqa', NULL, 'Ex laborum Vel quos', 0, NULL, 1, 1, '2025-06-11 08:14:43', '2025-06-11 09:59:36'),
(4, 'Totam velit deleniti', 1000.00, 994.00, 6.00, '2012-12-26', 'AZN', 'recurring', 'Sapiente veniam qui', NULL, 'Vero dolor quo volup', 0, NULL, 1, 4, '2025-06-11 08:16:02', '2025-06-11 08:16:02'),
(5, 'Necessitatibus id sa', 294.00, 100.00, 194.00, '2004-12-06', 'AZN', 'one-time', NULL, NULL, NULL, 0, NULL, 2, 3, '2025-07-21 12:32:14', '2025-07-21 12:32:14'),
(6, 'Enim voluptatem quia', 855.00, 4.00, 851.00, '2003-02-27', 'AZN', 'one-time', NULL, NULL, 'Dolor impedit beata', 0, NULL, 1, 1, '2025-07-21 13:36:19', '2025-07-21 13:36:19'),
(7, 'Dolorem omnis porro', 685.00, 398.00, 287.00, '1975-12-13', 'AZN', 'one-time', 'Test', NULL, 'Sit fugiat nostrum m', 0, NULL, 1, 2, '2025-07-21 13:36:46', '2025-07-21 13:36:46'),
(8, 'Reiciendis rerum est', 831.00, 29.00, 802.00, '2003-04-02', 'AZN', 'one-time', NULL, NULL, 'Magnam est tempora t', 0, NULL, 1, 2, '2025-07-21 14:00:41', '2025-07-21 14:00:41'),
(9, 'Quis et excepturi re', 3456.00, 312.00, 3144.00, '2006-05-27', 'AZN', 'one-time', NULL, NULL, 'Laudantium iure id', 0, NULL, 1, 1, '2025-07-21 15:09:16', '2025-07-21 15:09:16'),
(10, 'Adipisicing optio i', 111.00, 11.00, 100.00, '2005-12-20', 'AZN', 'one-time', 'Chiqa', NULL, 'de', 0, NULL, 2, 3, '2025-07-22 11:09:05', '2025-07-22 11:09:05'),
(11, 'Necessitatibus dolor', 111.00, 22.00, 89.00, '1973-04-05', 'AZN', 'one-time', 'Chiqa', NULL, 'Exercitation fugiat', 0, NULL, 1, 1, '2025-07-22 11:14:35', '2025-07-22 11:14:35'),
(12, 'Velit deserunt repr', 319.00, 729.00, -410.00, '1973-07-28', 'AZN', 'one-time', NULL, NULL, 'Dolorum et ut est v', 0, NULL, 1, 1, '2025-07-22 11:19:46', '2025-07-22 11:19:46'),
(13, 'At necessitatibus ex', 106.00, 1.00, 105.00, '1993-09-18', 'AZN', 'one-time', NULL, NULL, 'Ad reiciendis quia o', 0, NULL, 2, 3, '2025-07-22 11:22:15', '2025-07-22 11:22:15');

-- --------------------------------------------------------

--
-- Table structure for table `expense_categories`
--

CREATE TABLE `expense_categories` (
  `id` bigint(20) UNSIGNED NOT NULL,
  `name` varchar(255) COLLATE utf8mb4_unicode_ci NOT NULL,
  `status` tinyint(1) NOT NULL,
  `sort` int(11) DEFAULT NULL,
  `created_at` timestamp NULL DEFAULT NULL,
  `updated_at` timestamp NULL DEFAULT NULL
) ENGINE=InnoDB DEFAULT CHARSET=utf8mb4 COLLATE=utf8mb4_unicode_ci;

--
-- Dumping data for table `expense_categories`
--

INSERT INTO `expense_categories` (`id`, `name`, `status`, `sort`, `created_at`, `updated_at`) VALUES
(1, 'Category 1', 1, NULL, '2025-06-10 09:07:21', '2025-06-10 09:07:21'),
(2, 'Category 2', 1, NULL, '2025-06-10 09:07:55', '2025-06-10 09:07:55');

-- --------------------------------------------------------

--
-- Table structure for table `expense_payments`
--

CREATE TABLE `expense_payments` (
  `id` bigint(20) UNSIGNED NOT NULL,
  `date` date DEFAULT NULL,
  `currency` varchar(255) COLLATE utf8mb4_unicode_ci DEFAULT NULL,
  `amount` decimal(8,2) DEFAULT NULL,
  `payment_method` enum('cash','bank') COLLATE utf8mb4_unicode_ci NOT NULL,
  `file` varchar(255) COLLATE utf8mb4_unicode_ci DEFAULT NULL,
  `expense_id` bigint(20) UNSIGNED NOT NULL,
  `created_at` timestamp NULL DEFAULT NULL,
  `updated_at` timestamp NULL DEFAULT NULL
) ENGINE=InnoDB DEFAULT CHARSET=utf8mb4 COLLATE=utf8mb4_unicode_ci;

--
-- Dumping data for table `expense_payments`
--

INSERT INTO `expense_payments` (`id`, `date`, `currency`, `amount`, `payment_method`, `file`, `expense_id`, `created_at`, `updated_at`) VALUES
(1, '2025-06-11', 'AZN', 5.00, 'bank', 'uploads/expenses/79521093.csv', 4, '2025-06-11 08:56:46', '2025-06-11 08:56:46');

-- --------------------------------------------------------

--
-- Table structure for table `expense_sub_categories`
--

CREATE TABLE `expense_sub_categories` (
  `id` bigint(20) UNSIGNED NOT NULL,
  `name` varchar(255) COLLATE utf8mb4_unicode_ci NOT NULL,
  `status` tinyint(1) NOT NULL,
  `sort` int(11) DEFAULT NULL,
  `expense_category_id` bigint(20) UNSIGNED NOT NULL,
  `created_at` timestamp NULL DEFAULT NULL,
  `updated_at` timestamp NULL DEFAULT NULL
) ENGINE=InnoDB DEFAULT CHARSET=utf8mb4 COLLATE=utf8mb4_unicode_ci;

--
-- Dumping data for table `expense_sub_categories`
--

INSERT INTO `expense_sub_categories` (`id`, `name`, `status`, `sort`, `expense_category_id`, `created_at`, `updated_at`) VALUES
(1, 'Sub category 1', 1, NULL, 1, '2025-06-10 09:11:23', '2025-06-10 09:11:23'),
(2, 'Sub category 2', 1, NULL, 1, '2025-06-10 09:11:39', '2025-06-10 09:11:39'),
(3, 'Sub category 3', 1, NULL, 2, '2025-06-10 09:11:52', '2025-06-10 09:11:52'),
(4, 'Sub category 4', 1, NULL, 2, '2025-06-10 09:12:08', '2025-06-10 09:12:08');

-- --------------------------------------------------------

--
-- Table structure for table `expense_types`
--

CREATE TABLE `expense_types` (
  `id` bigint(20) UNSIGNED NOT NULL,
  `name` varchar(255) COLLATE utf8mb4_unicode_ci NOT NULL,
  `sort` int(11) DEFAULT NULL,
  `status` tinyint(1) NOT NULL,
  `created_at` timestamp NULL DEFAULT NULL,
  `updated_at` timestamp NULL DEFAULT NULL,
  `service_id` bigint(20) UNSIGNED DEFAULT NULL
) ENGINE=InnoDB DEFAULT CHARSET=utf8mb4 COLLATE=utf8mb4_unicode_ci;

--
-- Dumping data for table `expense_types`
--

INSERT INTO `expense_types` (`id`, `name`, `sort`, `status`, `created_at`, `updated_at`, `service_id`) VALUES
(1, 'Paketləmə', 1, 1, '2025-03-07 10:37:13', '2025-04-24 11:51:33', 1),
(2, 'Yükləmə', 2, 1, '2025-03-07 10:37:13', '2025-04-24 11:51:43', 1),
(3, 'Boşaltma', 3, 1, '2025-03-07 10:37:13', '2025-04-24 11:51:51', 1),
(4, 'Saxlanc', NULL, 1, '2025-03-13 09:25:37', '2025-04-24 11:51:23', 1);

-- --------------------------------------------------------

--
-- Table structure for table `factories`
--

CREATE TABLE `factories` (
  `id` bigint(20) UNSIGNED NOT NULL,
  `name` varchar(255) COLLATE utf8mb4_unicode_ci DEFAULT NULL,
  `phone` varchar(255) COLLATE utf8mb4_unicode_ci DEFAULT NULL,
  `created_at` timestamp NULL DEFAULT NULL,
  `updated_at` timestamp NULL DEFAULT NULL
) ENGINE=InnoDB DEFAULT CHARSET=utf8mb4 COLLATE=utf8mb4_unicode_ci;

--
-- Dumping data for table `factories`
--

INSERT INTO `factories` (`id`, `name`, `phone`, `created_at`, `updated_at`) VALUES
(1, 'Test Company', '+994501234567', '2025-03-11 09:30:43', '2025-03-11 09:30:43'),
(2, 'Test 2 Company', '+994502222222', '2025-03-11 10:01:46', '2025-03-11 10:01:46'),
(3, 'assa', '342423423423', '2025-03-12 05:34:54', '2025-03-12 05:34:54'),
(4, 'Test Company', '+9452102154', '2025-03-13 11:41:54', '2025-03-13 11:41:54'),
(5, 'asddd', 'sasass', '2025-03-13 13:23:47', '2025-03-13 13:23:47'),
(6, 'qreewr', 'qewrwr', '2025-03-13 15:11:31', '2025-03-13 15:11:31'),
(7, 'lnrx', '3456677', '2025-03-16 06:49:32', '2025-03-16 06:49:32'),
(8, 'lnrx', '5454555', '2025-03-16 06:52:59', '2025-03-16 06:52:59'),
(9, 'lnrx', '342423423423', '2025-03-16 06:57:22', '2025-03-16 06:57:22'),
(10, 'wfsdf', '555sfsf', '2025-03-16 08:03:33', '2025-03-16 08:03:33'),
(11, 'assa', 'asdsad', '2025-03-16 09:04:58', '2025-03-16 09:04:58'),
(12, '123123', '123123', '2025-03-16 09:08:57', '2025-03-16 09:08:57'),
(13, 'dfsdf', 'sdfsdf', '2025-03-16 09:25:30', '2025-03-16 09:25:30'),
(14, 'wwwwwww', 'eeeeeee', '2025-03-16 09:25:56', '2025-03-16 09:25:56'),
(15, 'zzzzzzzz', 'xxxxxxxxx', '2025-03-16 09:28:15', '2025-03-16 09:28:15'),
(16, 'Test', '13545454', '2025-03-17 14:45:33', '2025-03-17 14:45:33'),
(17, 'dfgvdf', 'dfvdfv', '2025-03-17 15:12:28', '2025-03-17 15:12:28'),
(18, 'qweqwe', 'qweqwe', '2025-03-17 15:18:39', '2025-03-17 15:18:39'),
(19, 'jbkjbkjbkjb', '505237747', '2025-03-18 15:30:55', '2025-03-18 15:30:55'),
(20, 'kjkk', '44354', '2025-03-19 08:21:47', '2025-03-19 08:21:47'),
(21, 'ddczvd', '43243', '2025-03-20 05:52:38', '2025-03-20 05:52:38'),
(22, 'sadsd', '2323', '2025-03-25 13:43:19', '2025-03-25 13:43:19'),
(23, 'aekdnakjedn34', '123123123', '2025-04-03 12:18:18', '2025-04-03 12:18:18'),
(24, 'LMRNS', '32432424', '2025-04-08 09:35:07', '2025-04-08 09:35:07'),
(25, 'TTEM', '869284263335', '2025-04-11 09:37:11', '2025-04-11 09:37:11'),
(26, 'weqwe', '3545', '2025-04-12 11:39:30', '2025-04-12 11:39:30'),
(27, 'saf', '34', '2025-04-12 12:12:48', '2025-04-12 12:12:48'),
(28, 'lhkljnkjn', '35343', '2025-04-14 10:38:58', '2025-04-14 10:38:58'),
(29, 'kljbkjbk', '354354', '2025-04-14 10:46:35', '2025-04-14 10:46:35'),
(30, 'zxczxc', '323', '2025-04-14 10:50:20', '2025-04-14 10:50:20'),
(31, 'lkdnflknfsd', '2343543', '2025-04-18 13:08:54', '2025-04-18 13:08:54'),
(32, 'akdksdsa', '65656', '2025-04-19 10:19:21', '2025-04-19 10:19:21'),
(33, 'x1ss', '31232313', '2025-04-19 10:23:10', '2025-04-19 10:23:10'),
(34, 'asdfgh', '123456', '2025-04-19 10:24:50', '2025-04-19 10:24:50'),
(35, 'LLC X', '17778929200', '2025-04-22 11:23:57', '2025-04-22 11:23:57'),
(36, 'Zeekr', '17778929200', '2025-04-22 13:04:13', '2025-04-22 13:04:13'),
(37, 'Zavod1', '54645654564654', '2025-04-24 08:17:07', '2025-04-24 08:17:07'),
(38, 'zavod 1', '456123457', '2025-04-24 08:29:11', '2025-04-24 08:29:11'),
(39, 'wwwwwww', '342423423423', '2025-04-25 09:46:23', '2025-04-25 09:46:23'),
(40, 'eafef', '4654465', '2025-04-29 09:12:51', '2025-04-29 09:12:51'),
(41, 'wwwwwww', '17778929200', '2025-05-05 09:55:54', '2025-05-05 09:55:54'),
(42, 'wqeqweq', '2314251', '2025-05-06 09:04:13', '2025-05-06 09:04:13'),
(43, 'qewre', '21341234', '2025-05-06 17:05:26', '2025-05-06 17:05:26'),
(44, 'qweewqr', '325435', '2025-05-12 08:41:53', '2025-05-12 08:41:53'),
(45, 'dsafsdfasfd', '312424124', '2025-05-12 09:44:56', '2025-05-12 09:44:56'),
(46, 'asdf', '342423423423', '2025-05-13 08:13:45', '2025-05-13 08:13:45'),
(47, 'adsfadfasfd', '3242342244', '2025-05-13 12:05:22', '2025-05-13 12:05:22'),
(48, 'Test Company', '507160833', '2025-05-14 11:58:06', '2025-05-14 11:58:06'),
(49, 'gygygyg', '4545', '2025-05-14 12:28:36', '2025-05-14 12:28:36'),
(50, '12w12w', '122313', '2025-05-15 15:49:27', '2025-05-15 15:49:27'),
(51, 'm m', '897897', '2025-05-19 07:21:46', '2025-05-19 07:21:46'),
(52, 'kjhgfdjkjh', '9876876', '2025-05-19 08:28:28', '2025-05-19 08:28:28'),
(53, 'Technologia', '177789292334', '2025-07-08 08:20:20', '2025-07-08 08:20:20'),
(54, 'asdf', '3242234', '2025-07-09 11:55:04', '2025-07-09 11:55:04'),
(55, 'afsdf', '324424', '2025-07-09 12:01:14', '2025-07-09 12:01:14'),
(57, NULL, NULL, '2025-07-11 15:15:52', '2025-07-11 15:15:52'),
(58, 'assfsadf', '212413123', '2025-07-15 13:22:47', '2025-07-15 13:22:47'),
(59, 'asdfdf', '33454325435', '2025-07-21 12:29:33', '2025-07-21 12:29:33'),
(61, 'dsfdsgf', '5464', '2025-07-23 11:38:56', '2025-07-23 11:38:56'),
(63, 'jhvkbbkb', '45464654', '2025-07-23 15:17:59', '2025-07-23 15:17:59'),
(64, 'afdsfafsd', '343425', '2025-07-23 16:07:20', '2025-07-23 16:07:20'),
(66, 'sdsadasds', '546546', '2025-07-23 16:56:32', '2025-07-23 16:56:32'),
(67, 'asdfvbn', '565', '2025-07-23 16:57:46', '2025-07-23 16:57:46'),
(68, 'asdfaf', '545646', '2025-07-25 13:34:55', '2025-07-25 13:34:55');

-- --------------------------------------------------------

--
-- Table structure for table `factory_details`
--

CREATE TABLE `factory_details` (
  `id` bigint(20) UNSIGNED NOT NULL,
  `cube` varchar(255) COLLATE utf8mb4_unicode_ci DEFAULT NULL,
  `delivery_point` varchar(255) COLLATE utf8mb4_unicode_ci DEFAULT NULL,
  `box_count` int(11) NOT NULL DEFAULT '0',
  `palette_count` int(11) NOT NULL DEFAULT '0',
  `car_count` int(11) DEFAULT NULL,
  `vin_code` varchar(255) COLLATE utf8mb4_unicode_ci DEFAULT NULL,
  `note` text COLLATE utf8mb4_unicode_ci,
  `product_type_id` bigint(20) UNSIGNED DEFAULT NULL,
  `order_factory_id` bigint(20) UNSIGNED NOT NULL,
  `created_at` timestamp NULL DEFAULT NULL,
  `updated_at` timestamp NULL DEFAULT NULL
) ENGINE=InnoDB DEFAULT CHARSET=utf8mb4 COLLATE=utf8mb4_unicode_ci;

--
-- Dumping data for table `factory_details`
--

INSERT INTO `factory_details` (`id`, `cube`, `delivery_point`, `box_count`, `palette_count`, `car_count`, `vin_code`, `note`, `product_type_id`, `order_factory_id`, `created_at`, `updated_at`) VALUES
(25, '20', 'Test', 31, 20, NULL, NULL, 'knlnlkn', 2, 27, '2025-03-18 15:47:52', '2025-03-18 15:47:52'),
(36, '8787', 'khbjhb', 25, 25, NULL, NULL, 'lkmkmj', 2, 38, '2025-04-14 10:38:58', '2025-04-14 10:38:58'),
(39, '343', 'asdsadsa', 0, 0, NULL, NULL, 'dsadasdas', 1, 41, '2025-04-18 13:08:54', '2025-04-18 13:08:54'),
(41, '4.4', 'Xian', 4, 2, NULL, NULL, NULL, 2, 43, '2025-04-19 10:23:10', '2025-04-19 10:23:10'),
(45, '6565', 'dhgghfgh', 0, 0, NULL, NULL, 'hgchchg', 1, 47, '2025-04-21 07:24:36', '2025-04-21 07:24:36'),
(46, '234', '4334', 324, 3, NULL, NULL, NULL, 1, 48, '2025-04-22 10:22:31', '2025-04-22 10:22:31'),
(49, '105405', 'xian', 0, 0, NULL, NULL, NULL, 1, 51, '2025-04-22 13:11:58', '2025-04-22 13:11:58'),
(52, '240', 'Xian', 5, 1, NULL, NULL, NULL, 2, 54, '2025-04-24 08:29:38', '2025-04-24 08:29:38'),
(56, '330', 'Xian', 6, 3, NULL, NULL, NULL, 2, 58, '2025-04-25 11:07:35', '2025-04-25 11:07:35'),
(58, '222', 'XIAN', 10, 5, NULL, NULL, NULL, 2, 60, '2025-05-05 09:55:54', '2025-05-05 09:55:54'),
(59, '777', 'Xian', 15, 5, NULL, NULL, NULL, 2, 61, '2025-05-05 09:55:54', '2025-05-05 09:55:54'),
(61, '1000', 'Xian', 0, 0, NULL, NULL, NULL, 1, 63, '2025-05-06 08:55:04', '2025-05-06 08:55:04'),
(62, '232', 'Xian', 4, 2, NULL, NULL, NULL, 2, 64, '2025-05-06 09:04:13', '2025-05-06 09:04:13'),
(66, '123', 'eddgdfh', 50, 20, NULL, NULL, NULL, NULL, 68, '2025-05-06 14:32:18', '2025-05-06 14:32:18'),
(67, '232', 'xian', 5, 5, NULL, NULL, NULL, 2, 69, '2025-05-06 17:05:26', '2025-05-06 17:05:26'),
(69, '232', 'Xian', 5, 5, NULL, NULL, 'xx', 2, 71, '2025-05-07 10:06:29', '2025-05-07 10:06:29'),
(70, '5', 'dffs', 0, 0, NULL, NULL, 'fesfsdfds', 1, 72, '2025-05-07 14:28:11', '2025-05-07 14:28:11'),
(81, '232', 'Xian', 5, 1, NULL, NULL, NULL, 2, 83, '2025-05-10 17:35:56', '2025-05-10 17:35:56'),
(82, '243', 'Xian', 3, 4, NULL, NULL, NULL, 2, 84, '2025-05-12 08:41:53', '2025-05-12 08:41:53'),
(83, '26', 'Xian', 3, 2, NULL, NULL, NULL, 2, 85, '2025-05-12 09:44:56', '2025-05-12 09:44:56'),
(84, '232', 'Xian', 4, 2, NULL, NULL, NULL, 2, 86, '2025-05-13 08:13:45', '2025-05-13 08:13:45'),
(85, '324', 'wewrwr', 3, 1, NULL, NULL, 'asd', 2, 87, '2025-05-13 12:05:22', '2025-05-13 12:05:22'),
(86, '123', 'Test', 5, 5, NULL, NULL, 'klnlnjnkjn', NULL, 88, '2025-05-14 11:58:06', '2025-05-14 11:58:06'),
(87, '123', 'Test', 5, 5, NULL, NULL, 'ıknkln', NULL, 89, '2025-05-14 12:28:36', '2025-05-14 12:28:36'),
(88, '12', 'ASDASD', 12, 12, NULL, NULL, 'QWEQ', 1, 90, '2025-05-15 15:49:28', '2025-05-15 15:49:28'),
(89, '88', 'jhhjhb', 89, 8, NULL, NULL, NULL, 2, 91, '2025-05-19 07:21:46', '2025-05-19 07:21:46'),
(91, NULL, 'Xian', 0, 0, NULL, NULL, NULL, 2, 93, '2025-07-08 08:20:20', '2025-07-08 08:20:20'),
(93, '324', 'fdsf', 0, 0, NULL, NULL, NULL, 2, 95, '2025-07-09 12:01:14', '2025-07-09 12:01:14'),
(94, NULL, NULL, 0, 0, NULL, NULL, NULL, NULL, 96, '2025-07-11 15:15:52', '2025-07-11 15:15:52'),
(95, NULL, NULL, 0, 0, NULL, NULL, NULL, NULL, 97, '2025-07-11 15:20:04', '2025-07-11 15:20:04'),
(96, NULL, NULL, 0, 0, NULL, NULL, NULL, NULL, 98, '2025-07-11 15:20:33', '2025-07-11 15:20:33'),
(106, '323', 'Xian', 3, 1, NULL, NULL, NULL, 2, 108, '2025-07-15 13:23:55', '2025-07-15 13:23:55'),
(144, '434345', 'ssdfsdf', 0, 0, NULL, NULL, NULL, 1, 146, '2025-07-21 15:56:18', '2025-07-21 15:56:18'),
(145, NULL, 'kjhytre', 0, 0, NULL, NULL, NULL, 1, 147, '2025-07-21 16:02:04', '2025-07-21 16:02:04'),
(146, NULL, 'Xian', 0, 0, NULL, NULL, NULL, 1, 148, '2025-07-21 16:07:27', '2025-07-21 16:07:27'),
(147, '324', 'xian', 3, 0, NULL, NULL, NULL, 2, 149, '2025-07-21 16:10:18', '2025-07-21 16:10:18'),
(151, NULL, NULL, 0, 0, NULL, NULL, NULL, NULL, 153, '2025-07-23 08:25:04', '2025-07-23 08:25:04'),
(155, '100', 'khvbhb', 2, 5, NULL, NULL, 'Test Test TEs', 2, 157, '2025-07-23 15:17:59', '2025-07-23 15:17:59'),
(158, '43', 'xian', 432, 10, NULL, NULL, NULL, 2, 160, '2025-07-23 16:07:49', '2025-07-23 16:07:49'),
(160, '51', 'sdfsdfv', 10, 10, NULL, NULL, 'awesdfg', 2, 162, '2025-07-23 16:56:32', '2025-07-23 16:56:32'),
(161, '100', 'awsfsd', 10, 10, NULL, NULL, 'awesfsfds', 2, 163, '2025-07-23 16:57:46', '2025-07-23 16:57:46'),
(162, NULL, 'Xian', 0, 0, NULL, NULL, NULL, 2, 164, '2025-07-25 13:34:55', '2025-07-25 13:34:55'),
(163, '4', 'aesfsf', 10, 10, NULL, NULL, 'Test', 2, 165, '2025-07-25 13:47:47', '2025-07-25 13:47:47');

-- --------------------------------------------------------

--
-- Table structure for table `factory_files`
--

CREATE TABLE `factory_files` (
  `id` bigint(20) UNSIGNED NOT NULL,
  `contract` varchar(255) COLLATE utf8mb4_unicode_ci DEFAULT NULL,
  `invoice` varchar(255) COLLATE utf8mb4_unicode_ci DEFAULT NULL,
  `packing_list` varchar(255) COLLATE utf8mb4_unicode_ci DEFAULT NULL,
  `is_customer_upload` tinyint(1) NOT NULL DEFAULT '0',
  `order_factory_id` bigint(20) UNSIGNED NOT NULL,
  `created_at` timestamp NULL DEFAULT NULL,
  `updated_at` timestamp NULL DEFAULT NULL
) ENGINE=InnoDB DEFAULT CHARSET=utf8mb4 COLLATE=utf8mb4_unicode_ci;

--
-- Dumping data for table `factory_files`
--

INSERT INTO `factory_files` (`id`, `contract`, `invoice`, `packing_list`, `is_customer_upload`, `order_factory_id`, `created_at`, `updated_at`) VALUES
(25, 'uploads/orders/30077786.webp', 'uploads/orders/12117608.webp', 'uploads/orders/21851023.webp', 0, 27, '2025-03-18 15:47:52', '2025-03-18 15:47:52'),
(36, 'uploads/orders/51393535.php', 'uploads/orders/75572734.php', 'uploads/orders/48264285.php', 0, 38, '2025-04-14 10:38:58', '2025-04-14 10:38:58'),
(39, 'uploads/orders/61490684.sql', 'uploads/orders/13827252.sql', 'uploads/orders/61330569.sql', 0, 41, '2025-04-18 13:08:54', '2025-04-18 13:08:54'),
(41, 'uploads/orders/84957219.JPG', 'uploads/orders/94014304.webp', 'uploads/orders/54163138.webp', 0, 43, '2025-04-19 10:23:10', '2025-04-19 10:23:10'),
(45, 'uploads/orders/85972325.webp', 'uploads/orders/77746380.webp', 'uploads/orders/85315499.webp', 0, 47, '2025-04-21 07:24:36', '2025-04-21 07:24:36'),
(46, 'uploads/orders/65687934.webp', 'uploads/orders/77356958.webp', 'uploads/orders/80904387.xlsx', 0, 48, '2025-04-22 10:22:31', '2025-04-22 10:22:31'),
(49, 'uploads/orders/15753198.webp', 'uploads/orders/43172577.webp', 'uploads/orders/20019923.webp', 0, 51, '2025-04-22 13:11:58', '2025-04-22 13:11:58'),
(52, 'uploads/orders/35539167.webp', 'uploads/orders/77143898.webp', 'uploads/orders/21134785.webp', 0, 54, '2025-04-24 08:29:38', '2025-04-24 08:29:38'),
(56, 'uploads/orders/71560243.webp', 'uploads/orders/53117702.webp', 'uploads/orders/18716407.mp4', 0, 58, '2025-04-25 11:07:35', '2025-04-25 11:07:35'),
(58, 'uploads/orders/95983606.JPG', 'uploads/orders/36780305.xlsx', 'uploads/orders/17163908.webp', 0, 60, '2025-05-05 09:55:54', '2025-05-05 09:55:54'),
(59, 'uploads/orders/53432234.xlsx', 'uploads/orders/24202894.xlsx', 'uploads/orders/12405695.xlsx', 0, 61, '2025-05-05 09:55:54', '2025-05-05 09:55:54'),
(61, 'uploads/orders/47971612.JPG', 'uploads/orders/39913914.JPG', 'uploads/orders/77889219.JPG', 0, 63, '2025-05-06 08:55:04', '2025-05-06 08:55:04'),
(62, 'uploads/orders/56842505.webp', 'uploads/orders/58645220.webp', 'uploads/orders/99577130.webp', 0, 64, '2025-05-06 09:04:13', '2025-05-06 09:04:13'),
(66, 'uploads/orders/40338279.sql', 'uploads/orders/51595838.sql', 'uploads/orders/88706175.sql', 0, 68, '2025-05-06 14:32:18', '2025-05-06 14:32:18'),
(67, 'uploads/orders/52105186.JPG', 'uploads/orders/50436383.webp', 'uploads/orders/83038878.webp', 0, 69, '2025-05-06 17:05:26', '2025-05-06 17:05:26'),
(69, 'uploads/orders/36155835.webp', 'uploads/orders/92855700.webp', 'uploads/orders/11812268.webp', 0, 71, '2025-05-07 10:06:29', '2025-05-07 10:06:29'),
(70, 'uploads/orders/37869494.pdf', 'uploads/orders/20426838.pdf', 'uploads/orders/73632482.pdf', 0, 72, '2025-05-07 14:28:11', '2025-05-07 14:28:11'),
(81, 'uploads/orders/21805386.webp', 'uploads/orders/66242911.webp', 'uploads/orders/72823225.webp', 0, 83, '2025-05-10 17:35:56', '2025-05-10 17:35:56'),
(82, 'uploads/orders/52413704.webp', 'uploads/orders/17964235.JPG', 'uploads/orders/22038533.JPG', 0, 84, '2025-05-12 08:41:53', '2025-05-12 08:41:53'),
(83, 'uploads/orders/15075816.webp', 'uploads/orders/99187341.webp', 'uploads/orders/85513012.JPG', 0, 85, '2025-05-12 09:44:56', '2025-05-12 09:44:56'),
(84, 'uploads/orders/82052076.webp', 'uploads/orders/94764948.webp', 'uploads/orders/90641397.JPG', 0, 86, '2025-05-13 08:13:45', '2025-05-13 08:13:45'),
(85, 'uploads/orders/13383281.JPG', 'uploads/orders/55793660.webp', 'uploads/orders/84397025.webp', 0, 87, '2025-05-13 12:05:22', '2025-05-13 12:05:22'),
(86, 'uploads/orders/47895939.sql', 'uploads/orders/81585479.sql', 'uploads/orders/75138278.sql', 0, 88, '2025-05-14 11:58:06', '2025-05-14 11:58:06'),
(87, 'uploads/orders/29103804.sql', 'uploads/orders/22635097.sql', 'uploads/orders/18319641.sql', 0, 89, '2025-05-14 12:28:36', '2025-05-14 12:28:36'),
(88, 'uploads/orders/55660446.webp', 'uploads/orders/13962680.webp', 'uploads/orders/41206435.webp', 0, 90, '2025-05-15 15:49:28', '2025-05-15 15:49:28'),
(89, 'uploads/orders/29681595.webp', 'uploads/orders/30745371.webp', 'uploads/orders/90850054.webp', 0, 91, '2025-05-19 07:21:46', '2025-05-19 07:21:46'),
(91, 'uploads/orders/53493892.pdf', 'uploads/orders/57694530.pdf', 'uploads/orders/83912849.pdf', 0, 93, '2025-07-08 08:20:20', '2025-07-08 08:20:20'),
(93, 'uploads/orders/23625185.JPG', 'uploads/orders/17936529.JPG', 'uploads/orders/61875758.pdf', 0, 95, '2025-07-09 12:01:14', '2025-07-09 12:01:14'),
(94, NULL, 'uploads/orders/11683493.JPG', NULL, 0, 97, '2025-07-11 15:20:04', '2025-07-11 15:20:04'),
(95, 'uploads/orders/25795438.JPG', NULL, NULL, 0, 98, '2025-07-11 15:20:33', '2025-07-11 15:20:33'),
(105, 'uploads/orders/92696132.JPG', 'uploads/orders/96861735.JPG', 'uploads/orders/95395067.JPG', 0, 108, '2025-07-15 13:23:55', '2025-07-15 13:23:55'),
(136, 'uploads/orders/99994340.JPG', 'uploads/orders/84714863.JPG', 'uploads/orders/54808629.JPG', 0, 146, '2025-07-21 15:56:18', '2025-07-21 15:56:18'),
(137, 'uploads/orders/62708122.webp', 'uploads/orders/33090047.webp', 'uploads/orders/44635877.webp', 0, 147, '2025-07-21 16:02:04', '2025-07-21 16:02:04'),
(138, 'uploads/orders/80375574.JPG', 'uploads/orders/49323736.JPG', 'uploads/orders/45769898.JPG', 0, 148, '2025-07-21 16:07:27', '2025-07-21 16:07:27'),
(139, 'uploads/orders/99960079.JPG', 'uploads/orders/99511708.JPG', 'uploads/orders/21861594.JPG', 0, 149, '2025-07-21 16:10:18', '2025-07-21 16:10:18'),
(143, 'uploads/orders/61493894.webp', 'uploads/orders/23180486.webp', 'uploads/orders/16503409.webp', 0, 153, '2025-07-23 08:25:04', '2025-07-23 08:25:04'),
(147, 'uploads/orders/52853985.xlsx', 'uploads/orders/30213024.xlsx', 'uploads/orders/10422097.xlsx', 0, 157, '2025-07-23 15:17:59', '2025-07-23 15:17:59'),
(150, 'uploads/orders/97772987.webp', 'uploads/orders/25176309.webp', 'uploads/orders/71235195.webp', 0, 160, '2025-07-23 16:07:49', '2025-07-23 16:07:49'),
(152, 'uploads/orders/57723937.xlsx', 'uploads/orders/76464611.xlsx', 'uploads/orders/61606387.webp', 0, 162, '2025-07-23 16:56:32', '2025-07-23 16:56:32'),
(153, 'uploads/orders/34918867.xlsx', 'uploads/orders/97431899.xlsx', 'uploads/orders/93179045.xlsx', 0, 163, '2025-07-23 16:57:46', '2025-07-23 16:57:46'),
(154, 'uploads/orders/60883353.JPG', 'uploads/orders/52739725.webp', 'uploads/orders/98292003.webp', 0, 164, '2025-07-25 13:34:55', '2025-07-25 13:34:55'),
(155, 'uploads/orders/88978787.xlsx', 'uploads/orders/52365220.xlsx', 'uploads/orders/23882174.xlsx', 0, 165, '2025-07-25 13:47:47', '2025-07-25 13:47:47');

-- --------------------------------------------------------

--
-- Table structure for table `factory_products`
--

CREATE TABLE `factory_products` (
  `id` bigint(20) UNSIGNED NOT NULL,
  `order_factory_id` bigint(20) UNSIGNED NOT NULL,
  `product_id` bigint(20) UNSIGNED NOT NULL,
  `created_at` timestamp NULL DEFAULT NULL,
  `updated_at` timestamp NULL DEFAULT NULL
) ENGINE=InnoDB DEFAULT CHARSET=utf8mb4 COLLATE=utf8mb4_unicode_ci;

--
-- Dumping data for table `factory_products`
--

INSERT INTO `factory_products` (`id`, `order_factory_id`, `product_id`, `created_at`, `updated_at`) VALUES
(25, 27, 10, '2025-03-18 15:47:52', '2025-03-18 15:47:52'),
(42, 38, 24, '2025-04-14 10:38:58', '2025-04-14 10:38:58'),
(45, 41, 27, '2025-04-18 13:08:54', '2025-04-18 13:08:54'),
(47, 43, 29, '2025-04-19 10:23:10', '2025-04-19 10:23:10'),
(53, 47, 28, '2025-04-21 07:24:36', '2025-04-21 07:24:36'),
(54, 48, 4, '2025-04-22 10:22:31', '2025-04-22 10:22:31'),
(57, 51, 30, '2025-04-22 13:11:58', '2025-04-22 13:11:58'),
(60, 54, 21, '2025-04-24 08:29:38', '2025-04-24 08:29:38'),
(72, 58, 19, '2025-04-25 11:07:35', '2025-04-25 11:07:35'),
(74, 60, 19, '2025-05-05 09:55:54', '2025-05-05 09:55:54'),
(75, 60, 21, '2025-05-05 09:55:54', '2025-05-05 09:55:54'),
(76, 61, 38, '2025-05-05 09:55:54', '2025-05-05 09:55:54'),
(82, 63, 33, '2025-05-06 08:55:04', '2025-05-06 08:55:04'),
(83, 63, 30, '2025-05-06 08:55:04', '2025-05-06 08:55:04'),
(84, 63, 34, '2025-05-06 08:55:04', '2025-05-06 08:55:04'),
(85, 63, 35, '2025-05-06 08:55:04', '2025-05-06 08:55:04'),
(86, 63, 36, '2025-05-06 08:55:04', '2025-05-06 08:55:04'),
(87, 64, 39, '2025-05-06 09:04:13', '2025-05-06 09:04:13'),
(91, 68, 1, '2025-05-06 14:32:18', '2025-05-06 14:32:18'),
(92, 69, 40, '2025-05-06 17:05:26', '2025-05-06 17:05:26'),
(94, 71, 41, '2025-05-07 10:06:29', '2025-05-07 10:06:29'),
(95, 72, 37, '2025-05-07 14:28:11', '2025-05-07 14:28:11'),
(106, 83, 21, '2025-05-10 17:35:56', '2025-05-10 17:35:56'),
(107, 84, 42, '2025-05-12 08:41:53', '2025-05-12 08:41:53'),
(108, 85, 43, '2025-05-12 09:44:56', '2025-05-12 09:44:56'),
(109, 86, 44, '2025-05-13 08:13:45', '2025-05-13 08:13:45'),
(110, 87, 45, '2025-05-13 12:05:22', '2025-05-13 12:05:22'),
(111, 88, 46, '2025-05-14 11:58:06', '2025-05-14 11:58:06'),
(112, 89, 47, '2025-05-14 12:28:36', '2025-05-14 12:28:36'),
(113, 90, 48, '2025-05-15 15:49:28', '2025-05-15 15:49:28'),
(114, 90, 49, '2025-05-15 15:49:28', '2025-05-15 15:49:28'),
(115, 91, 50, '2025-05-19 07:21:46', '2025-05-19 07:21:46'),
(118, 93, 53, '2025-07-08 08:20:20', '2025-07-08 08:20:20'),
(120, 95, 54, '2025-07-09 12:01:14', '2025-07-09 12:01:14'),
(121, 96, 55, '2025-07-11 15:15:52', '2025-07-11 15:15:52'),
(122, 97, 55, '2025-07-11 15:20:04', '2025-07-11 15:20:04'),
(123, 98, 55, '2025-07-11 15:20:33', '2025-07-11 15:20:33'),
(133, 108, 56, '2025-07-15 13:23:55', '2025-07-15 13:23:55'),
(186, 146, 55, '2025-07-21 15:56:18', '2025-07-21 15:56:18'),
(187, 147, 51, '2025-07-21 16:02:04', '2025-07-21 16:02:04'),
(188, 147, 52, '2025-07-21 16:02:04', '2025-07-21 16:02:04'),
(189, 148, 57, '2025-07-21 16:07:27', '2025-07-21 16:07:27'),
(190, 149, 54, '2025-07-21 16:10:18', '2025-07-21 16:10:18'),
(194, 153, 55, '2025-07-23 08:25:04', '2025-07-23 08:25:04'),
(198, 157, 60, '2025-07-23 15:17:59', '2025-07-23 15:17:59'),
(201, 160, 61, '2025-07-23 16:07:49', '2025-07-23 16:07:49'),
(203, 162, 63, '2025-07-23 16:56:32', '2025-07-23 16:56:32'),
(204, 163, 64, '2025-07-23 16:57:46', '2025-07-23 16:57:46'),
(205, 164, 61, '2025-07-25 13:34:55', '2025-07-25 13:34:55'),
(206, 164, 19, '2025-07-25 13:34:55', '2025-07-25 13:34:55'),
(207, 165, 58, '2025-07-25 13:47:47', '2025-07-25 13:47:47');

-- --------------------------------------------------------

--
-- Table structure for table `factory_vin_codes`
--

CREATE TABLE `factory_vin_codes` (
  `id` bigint(20) UNSIGNED NOT NULL,
  `vin_code` varchar(255) COLLATE utf8mb4_unicode_ci DEFAULT NULL,
  `order_factory_id` bigint(20) UNSIGNED NOT NULL,
  `created_at` timestamp NULL DEFAULT NULL,
  `updated_at` timestamp NULL DEFAULT NULL
) ENGINE=InnoDB DEFAULT CHARSET=utf8mb4 COLLATE=utf8mb4_unicode_ci;

--
-- Dumping data for table `factory_vin_codes`
--

INSERT INTO `factory_vin_codes` (`id`, `vin_code`, `order_factory_id`, `created_at`, `updated_at`) VALUES
(1, 'sfsd', 41, '2025-04-18 13:08:54', '2025-04-18 13:08:54'),
(2, 'adasdad', 41, '2025-04-18 13:08:54', '2025-04-18 13:08:54'),
(3, 'sadasd', 41, '2025-04-18 13:08:54', '2025-04-18 13:08:54'),
(17, 'bubub', 47, '2025-04-21 07:24:36', '2025-04-21 07:24:36'),
(18, 'uhuh', 47, '2025-04-21 07:24:36', '2025-04-21 07:24:36'),
(19, NULL, 47, '2025-04-21 07:24:36', '2025-04-21 07:24:36'),
(20, NULL, 47, '2025-04-21 07:24:36', '2025-04-21 07:24:36'),
(25, 'rwe324ew', 51, '2025-04-22 13:11:58', '2025-04-22 13:11:58'),
(35, 'dasdasd', 72, '2025-05-07 14:28:11', '2025-05-07 14:28:11'),
(65, 'dawsdas', 146, '2025-07-21 15:56:18', '2025-07-21 15:56:18'),
(66, 'ikmn', 147, '2025-07-21 16:02:04', '2025-07-21 16:02:04'),
(67, 'zxxcasad434', 148, '2025-07-21 16:07:27', '2025-07-21 16:07:27');

-- --------------------------------------------------------

--
-- Table structure for table `failed_jobs`
--

CREATE TABLE `failed_jobs` (
  `id` bigint(20) UNSIGNED NOT NULL,
  `uuid` varchar(255) COLLATE utf8mb4_unicode_ci NOT NULL,
  `connection` text COLLATE utf8mb4_unicode_ci NOT NULL,
  `queue` text COLLATE utf8mb4_unicode_ci NOT NULL,
  `payload` longtext COLLATE utf8mb4_unicode_ci NOT NULL,
  `exception` longtext COLLATE utf8mb4_unicode_ci NOT NULL,
  `failed_at` timestamp NOT NULL DEFAULT CURRENT_TIMESTAMP
) ENGINE=InnoDB DEFAULT CHARSET=utf8mb4 COLLATE=utf8mb4_unicode_ci;

-- --------------------------------------------------------

--
-- Table structure for table `incoterms`
--

CREATE TABLE `incoterms` (
  `id` bigint(20) UNSIGNED NOT NULL,
  `name` varchar(255) COLLATE utf8mb4_unicode_ci NOT NULL,
  `status` tinyint(1) NOT NULL,
  `sort` int(11) DEFAULT NULL,
  `created_at` timestamp NULL DEFAULT NULL,
  `updated_at` timestamp NULL DEFAULT NULL
) ENGINE=InnoDB DEFAULT CHARSET=utf8mb4 COLLATE=utf8mb4_unicode_ci;

--
-- Dumping data for table `incoterms`
--

INSERT INTO `incoterms` (`id`, `name`, `status`, `sort`, `created_at`, `updated_at`) VALUES
(1, 'EXW', 1, NULL, '2025-03-07 10:37:13', '2025-03-07 10:37:13'),
(2, 'FOB', 1, NULL, '2025-03-07 10:37:13', '2025-03-07 10:37:13'),
(3, 'FCA', 1, NULL, '2025-03-07 10:37:13', '2025-03-07 10:37:13');

-- --------------------------------------------------------

--
-- Table structure for table `journal_entries`
--

CREATE TABLE `journal_entries` (
  `id` bigint(20) UNSIGNED NOT NULL,
  `journal_id` bigint(20) UNSIGNED NOT NULL,
  `operation_date` date DEFAULT NULL,
  `debit_account_number` varchar(255) COLLATE utf8mb4_unicode_ci DEFAULT NULL,
  `debit_account_name` varchar(255) COLLATE utf8mb4_unicode_ci DEFAULT NULL,
  `debit_amount` decimal(12,2) DEFAULT NULL,
  `credit_account_number` varchar(255) COLLATE utf8mb4_unicode_ci DEFAULT NULL,
  `credit_account_name` varchar(255) COLLATE utf8mb4_unicode_ci DEFAULT NULL,
  `credit_amount` decimal(12,2) DEFAULT NULL,
  `currency` varchar(255) COLLATE utf8mb4_unicode_ci NOT NULL DEFAULT 'AZN',
  `description` text COLLATE utf8mb4_unicode_ci,
  `created_at` timestamp NULL DEFAULT NULL,
  `updated_at` timestamp NULL DEFAULT NULL
) ENGINE=InnoDB DEFAULT CHARSET=utf8mb4 COLLATE=utf8mb4_unicode_ci;

--
-- Dumping data for table `journal_entries`
--

INSERT INTO `journal_entries` (`id`, `journal_id`, `operation_date`, `debit_account_number`, `debit_account_name`, `debit_amount`, `credit_account_number`, `credit_account_name`, `credit_amount`, `currency`, `description`, `created_at`, `updated_at`) VALUES
(1, 999, '2025-07-21', '100000', 'Test debet', 5000.00, '2002', 'Test kredit', 5000.00, 'AZN', 'Test mlumat', '2025-07-21 13:29:51', '2025-07-21 13:29:51'),
(2, 8, '2025-07-21', '5000', 'one-time', 831.00, '2002', 'Vendor ödənişi', 29.00, 'AZN', 'Magnam est tempora t', '2025-07-21 14:00:41', '2025-07-21 14:00:41'),
(3, 97, '2025-07-21', '100000', 'Konteyner satışından gəlir', 4250.00, '2002', 'Konteyner inventarının azalması', 4250.00, '₼', 'Order #97 üzrə konteyner satışı', '2025-07-21 14:51:10', '2025-07-21 14:51:10'),
(4, 9, '2025-07-21', '5000', 'one-time', 3456.00, '2002', 'Vendor ödənişi', 312.00, 'AZN', 'Laudantium iure id', '2025-07-21 15:09:16', '2025-07-21 15:09:16'),
(5, 10, '2025-07-22', '5000', 'one-time', 111.00, '2002', 'Vendor ödənişi', 11.00, 'AZN', 'de', '2025-07-22 11:09:05', '2025-07-22 11:09:05'),
(6, 11, '2025-07-22', '5000', 'one-time', 111.00, '2002', 'Vendor ödənişi', 22.00, 'AZN', 'Exercitation fugiat', '2025-07-22 11:14:35', '2025-07-22 11:14:35'),
(7, 12, '2025-07-22', '5000', 'one-time', 319.00, '2002', 'Vendor ödənişi', 729.00, 'AZN', 'Dolorum et ut est v', '2025-07-22 11:19:46', '2025-07-22 11:19:46'),
(8, 13, '2025-07-22', '5000', 'one-time', 106.00, '2002', 'Vendor ödənişi', 1.00, 'AZN', 'Ad reiciendis quia o', '2025-07-22 11:22:15', '2025-07-22 11:22:15');

-- --------------------------------------------------------

--
-- Table structure for table `ledger_accounts`
--

CREATE TABLE `ledger_accounts` (
  `id` bigint(20) UNSIGNED NOT NULL,
  `code` varchar(255) COLLATE utf8mb4_unicode_ci NOT NULL,
  `title` varchar(255) COLLATE utf8mb4_unicode_ci NOT NULL,
  `type` enum('aktiv','passiv','gəlir','xərc') COLLATE utf8mb4_unicode_ci NOT NULL,
  `parent_id` bigint(20) UNSIGNED DEFAULT NULL,
  `description` text COLLATE utf8mb4_unicode_ci,
  `status` tinyint(1) NOT NULL DEFAULT '1',
  `created_at` timestamp NULL DEFAULT NULL,
  `updated_at` timestamp NULL DEFAULT NULL
) ENGINE=InnoDB DEFAULT CHARSET=utf8mb4 COLLATE=utf8mb4_unicode_ci;

--
-- Dumping data for table `ledger_accounts`
--

INSERT INTO `ledger_accounts` (`id`, `code`, `title`, `type`, `parent_id`, `description`, `status`, `created_at`, `updated_at`) VALUES
(1, '211', 'Mal-material ehtiyatları', 'aktiv', NULL, NULL, 1, '2025-07-21 18:59:26', '2025-07-22 13:53:38'),
(2, '100', 'Nağd pul (kassa)', 'aktiv', NULL, NULL, 1, '2025-07-21 19:03:05', '2025-07-22 13:54:13'),
(3, '102', 'Bank hesabı', 'aktiv', NULL, NULL, 1, '2025-07-22 13:54:36', '2025-07-22 13:56:47'),
(4, '151', 'Əsas vəsaitlər', 'aktiv', NULL, NULL, 1, '2025-07-22 13:55:27', '2025-07-22 13:55:27'),
(5, '901', 'Əməkhaqqı xərcləri', 'xərc', NULL, NULL, 1, '2025-07-22 13:55:40', '2025-07-22 13:55:40'),
(6, '903', 'Kommunal və kommunikasiyalar xərci', 'xərc', NULL, NULL, 1, '2025-07-22 13:55:54', '2025-07-22 13:55:54'),
(7, '722', 'İdarəetmə xərcləri', 'xərc', NULL, NULL, 1, '2025-07-22 13:56:04', '2025-07-22 13:56:04'),
(8, '701', 'Satılmış malların maya dəyəri', 'xərc', NULL, NULL, 1, '2025-07-22 13:56:31', '2025-07-22 14:04:56'),
(9, '311', 'Alıcılarla hesablaşmalar (debitor)', 'aktiv', NULL, NULL, 1, '2025-07-22 13:57:06', '2025-07-22 13:57:06'),
(10, '611', 'Satışdan əldə olunan gəlirlər', 'aktiv', NULL, NULL, 1, '2025-07-22 13:59:08', '2025-07-22 13:59:08'),
(11, '321', 'Tədarükçülərlə hesablaşmalar (kreditor)', 'passiv', NULL, NULL, 1, '2025-07-22 14:00:26', '2025-07-22 14:00:26'),
(12, '101001', 'Nağd Pul', 'aktiv', NULL, NULL, 1, '2025-07-23 13:17:35', '2025-07-23 13:17:35'),
(13, '102001', 'Bank Hesabı', 'aktiv', NULL, NULL, 1, '2025-07-23 13:18:01', '2025-07-23 13:18:01'),
(14, '103001', 'Debitor Borcları', 'aktiv', NULL, NULL, 1, '2025-07-23 13:18:39', '2025-07-23 13:18:39'),
(15, '104001', 'Avans', 'aktiv', NULL, NULL, 1, '2025-07-23 13:19:23', '2025-07-23 13:19:23'),
(16, '201001', 'Kreditor Borcları', 'passiv', NULL, NULL, 1, '2025-07-23 13:20:15', '2025-07-23 13:20:15'),
(17, '202001', 'Ödəniləcək Əməkhaqları', 'passiv', NULL, NULL, 1, '2025-07-23 13:20:58', '2025-07-23 13:20:58'),
(18, '203001', 'Ödəniləcək vergi və sosial ödənişlər', 'passiv', NULL, NULL, 1, '2025-07-23 13:21:32', '2025-07-23 13:21:32'),
(19, '301001', 'Sahibkar Kapitalı', 'passiv', NULL, 'Kapital Equity', 1, '2025-07-23 13:22:13', '2025-07-23 13:28:39'),
(20, '401001', 'Satış Gəliri', 'gəlir', NULL, NULL, 1, '2025-07-23 13:24:51', '2025-07-23 13:24:51'),
(21, '402001', 'Anbar Gəliri', 'gəlir', NULL, NULL, 1, '2025-07-23 13:26:07', '2025-07-23 13:26:07'),
(22, '402101', 'Sənərləşmə Gəliri', 'gəlir', NULL, NULL, 1, '2025-07-23 13:27:39', '2025-07-23 13:27:39'),
(23, '403001', 'Digər gəlirlər', 'gəlir', NULL, NULL, 1, '2025-07-23 13:28:19', '2025-07-23 13:28:19'),
(24, '501001', 'Əməkhaqqı Xərcləri', 'xərc', NULL, NULL, 1, '2025-07-23 13:30:06', '2025-07-23 13:30:06'),
(25, '502001', 'İcarə Haqqı', 'xərc', NULL, NULL, 1, '2025-07-23 13:31:11', '2025-07-23 13:31:11'),
(26, '503001', 'Kommunal xidmətlər', 'xərc', NULL, NULL, 1, '2025-07-23 13:31:36', '2025-07-23 13:31:36'),
(27, '502101', 'Ofis ləvazimatları', 'xərc', NULL, NULL, 1, '2025-07-23 13:32:48', '2025-07-23 13:32:48'),
(28, '504001', 'Anbar Xərci', 'xərc', NULL, NULL, 1, '2025-07-23 13:33:38', '2025-07-23 13:33:38'),
(29, '505001', 'Broker Xərci', 'xərc', NULL, NULL, 1, '2025-07-23 13:34:28', '2025-07-23 13:34:28'),
(30, '504101', 'Maşın Yükləmə Xərci', 'xərc', NULL, NULL, 1, '2025-07-23 13:35:36', '2025-07-23 13:35:36'),
(31, '506001', 'terminal Xərci', 'xərc', NULL, NULL, 1, '2025-07-23 13:36:15', '2025-07-23 13:36:15'),
(32, '507001', 'Nəqliyyat Xərci', 'xərc', NULL, NULL, 1, '2025-07-23 13:37:08', '2025-07-23 13:37:44'),
(33, '508001', 'Sənədləşmə Xərci', 'xərc', NULL, NULL, 1, '2025-07-23 13:38:19', '2025-07-23 13:38:19'),
(34, '508101', 'Sigorta Xərci', 'xərc', NULL, NULL, 1, '2025-07-23 13:38:46', '2025-07-23 13:38:46'),
(35, '501101', 'Bank Xərcləri', 'xərc', NULL, NULL, 1, '2025-07-23 13:39:26', '2025-07-23 13:39:26');

-- --------------------------------------------------------

--
-- Table structure for table `migrations`
--

CREATE TABLE `migrations` (
  `id` int(10) UNSIGNED NOT NULL,
  `migration` varchar(255) COLLATE utf8mb4_unicode_ci NOT NULL,
  `batch` int(11) NOT NULL
) ENGINE=InnoDB DEFAULT CHARSET=utf8mb4 COLLATE=utf8mb4_unicode_ci;

--
-- Dumping data for table `migrations`
--

INSERT INTO `migrations` (`id`, `migration`, `batch`) VALUES
(1, '2014_10_12_000000_create_users_table', 1),
(2, '2014_10_12_100000_create_password_reset_tokens_table', 1),
(3, '2019_08_19_000000_create_failed_jobs_table', 1),
(4, '2019_12_14_000001_create_personal_access_tokens_table', 1),
(5, '2025_02_13_102336_create_permission_tables', 1),
(6, '2025_02_17_114025_create_incoterms_table', 1),
(7, '2025_02_17_122845_create_sources_table', 1),
(8, '2025_02_17_134707_create_customers_table', 1),
(9, '2025_02_17_135433_create_container_types_table', 1),
(10, '2025_02_17_135752_create_customs_clearances_table', 1),
(11, '2025_02_19_081930_create_reject_reasons_table', 1),
(12, '2025_02_19_141005_create_factories_table', 1),
(13, '2025_02_20_165025_create_warehourses_table', 1),
(14, '2025_02_20_184211_create_currencies_table', 1),
(15, '2025_02_21_093231_create_transportation_types_table', 1),
(16, '2025_02_21_093412_create_transportation_services_table', 1),
(17, '2025_02_21_094739_create_transportations_table', 1),
(18, '2025_02_21_153219_create_cities_table', 1),
(19, '2025_02_21_153659_create_districts_table', 1),
(20, '2025_02_21_191519_create_about_booking_dates_table', 1),
(21, '2025_02_22_101543_create_mix_fulls_table', 1),
(22, '2025_02_22_115454_create_car_types_table', 1),
(23, '2025_02_22_143449_create_orders_table', 1),
(24, '2025_02_22_143509_create_order_rejects_table', 1),
(25, '2025_02_22_164107_create_order_prices_table', 1),
(26, '2025_02_22_181713_create_order_factories_table', 1),
(27, '2025_02_24_151837_create_product_types_table', 1),
(28, '2025_02_24_171827_create_factory_files_table', 1),
(29, '2025_02_24_173316_create_factory_details_table', 1),
(30, '2025_02_24_174326_create_products_table', 1),
(31, '2025_02_24_174421_create_factory_products_table', 1),
(32, '2025_02_24_181652_create_payment_types_table', 1),
(33, '2025_02_24_183000_create_order_payments_table', 1),
(34, '2025_02_26_232137_create_vendors_table', 1),
(35, '2025_02_26_232820_create_vendor_files_table', 1),
(36, '2025_02_27_004922_create_expense_types_table', 1),
(37, '2025_02_27_010420_create_order_expenses_table', 1),
(38, '2025_02_27_020129_create_containers_table', 1),
(39, '2025_02_27_041502_create_container_rejects_table', 1),
(40, '2025_02_27_045233_create_order_bookings_table', 1),
(41, '2025_02_27_072341_create_container_images_table', 1),
(42, '2025_02_27_074204_create_stations_table', 1),
(43, '2025_02_27_093046_create_container_prices_table', 1),
(44, '2025_02_27_135547_create_abandoned_cargos_table', 1),
(45, '2025_03_03_092226_create_price_types_table', 1),
(46, '2025_03_03_101606_create_statuses_table', 1),
(47, '2025_03_03_122240_create_order_railway_bills_table', 1),
(48, '2025_03_03_122422_create_order_declarations_table', 1),
(49, '2025_03_03_122542_create_order_images_table', 1),
(50, '2025_03_04_100149_create_order_price_types_table', 1),
(51, '2025_03_04_102002_create_booking_dates_table', 1),
(52, '2025_03_04_124143_create_booking_date_containers_table', 1),
(53, '2025_03_04_144008_add_votes_to_customers_table', 1),
(54, '2025_03_05_085113_create_comments_table', 1),
(55, '2025_03_05_092218_create_comment_reads_table', 1),
(56, '2025_03_06_092346_create_order_status_changes_table', 1),
(57, '2025_03_06_122614_create_order_files_table', 1),
(58, '2025_03_12_095510_create_document_types_table', 2),
(59, '2025_03_12_104212_create_order_services_table', 3),
(60, '2025_03_19_104707_create_customers_table', 4),
(61, '2025_03_19_113245_create_customer_files_table', 4),
(62, '2025_03_19_113508_create_sectors_table', 4),
(63, '2025_03_19_113609_create_customer_properties_table', 4),
(64, '2025_03_19_114907_create_responsible_people_table', 4),
(65, '2025_03_19_120621_add_customer_id_to_orders_table', 4),
(66, '2025_03_27_123758_create_order_reads_table', 5),
(67, '2025_03_17_124456_create_booking_date_statuses_table', 6),
(68, '2025_04_01_153835_add_votes_to_booking_dates_table', 7),
(69, '2025_04_01_171346_create_booking_date_payments_table', 8),
(70, '2025_04_02_081027_add_sort_to_roles_table', 9),
(71, '2025_04_02_083645_add_group_to_permissions_table', 10),
(73, '2025_04_04_024520_create_countries_table', 11),
(74, '2025_04_04_025647_create_branches_table', 12),
(75, '2025_04_04_031442_create_education_table', 13),
(76, '2025_04_04_032306_add_votes_to_users_table', 14),
(77, '2025_04_18_125558_create_order_sizes_table', 15),
(78, '2025_04_18_152929_add_car_count_to_factory_details_table', 16),
(79, '2025_04_18_164402_create_factory_vin_codes_table', 17),
(82, '2025_04_21_104807_create_order_items_table', 18),
(83, '2025_04_21_113404_create_bookings_table', 19),
(84, '2025_04_21_115334_create_order_item_railway_bills_table', 19),
(85, '2025_04_21_115649_create_order_item_declarations_table', 19),
(86, '2025_04_21_115809_create_order_item_images_table', 19),
(87, '2025_04_21_154408_create_order_item_status_changes_table', 20),
(88, '2025_04_22_082847_add_handover_to_orders_table', 20),
(89, '2025_04_23_114209_create_services_table', 21),
(90, '2025_04_23_121621_create_service_details_table', 22),
(91, '2025_04_23_142228_create_order_services_table', 23),
(92, '2025_04_24_113209_add_service_id_to_expense_types_table', 24),
(93, '2025_04_25_082326_create_order_item_railway_status_changes_table', 25),
(94, '2025_04_25_084415_add_max_car_count_to_container_types_table', 26),
(95, '2025_04_29_103754_create_currency_calculators_table', 27),
(96, '2025_04_29_113434_add_currencies_to_order_services_table', 28),
(97, '2025_05_05_091224_add_file_to_order_item_railway_status_changes_table', 29),
(98, '2025_05_06_125001_add_columns_to_containers_table', 30),
(99, '2025_05_07_122419_add_votes_to_order_prices_table', 31),
(100, '2025_05_07_141740_add_votes_to_order_price_types_table', 32),
(101, '2025_05_08_110846_add_votes_to_order_items_table', 33),
(102, '2025_05_08_151214_create_order_item_status_changes_table', 34),
(103, '2025_05_10_094313_add_handover_to_order_items_table', 35),
(104, '2025_05_21_084918_add_exportable_to_orders_table', 36),
(105, '2025_05_21_100758_create_container_check_reasons_table', 37),
(106, '2025_05_21_104005_add_votes_to_booking_date_containers_table', 38),
(107, '2025_05_22_113013_create_notifications_table', 39),
(108, '2025_05_22_115050_add_last_notified_at_to_order_item_railway_bills_table', 40),
(109, '2025_05_22_145535_create_order_item_warehouses_table', 41),
(110, '2025_06_03_083640_create_order_item_short_declarations_table', 42),
(111, '2025_06_03_140607_add_votes_to_users_table', 43),
(114, '2025_06_03_203713_create_user_payrolls_table', 44),
(115, '2025_06_04_024504_add_payment_method_to_user_payrolls_table', 45),
(116, '2025_06_04_024844_create_user_payroll_advances_table', 46),
(117, '2025_06_04_024849_create_user_payroll_advance_files_table', 46),
(118, '2025_06_10_082454_create_expense_categories_table', 47),
(119, '2025_06_10_082559_create_expense_sub_categories_table', 47),
(120, '2025_06_10_091414_create_expenses_table', 48),
(121, '2025_06_10_122855_create_expense_payments_table', 49),
(122, '2025_07_17_120744_create_receives_table', 50),
(123, '2025_07_17_125836_create_receive_payments_table', 50),
(124, '2025_07_18_102839_add_votes_to_receives_table', 51),
(125, '2025_07_21_125650_create_journal_entries_table', 52),
(126, '2025_07_21_161650_create_accounts_table', 53),
(127, '2025_07_21_180946_create_ledger_accounts_table', 54),
(128, '2025_07_23_145504_add_container_count_to_orders_table', 55),
(129, '2025_07_23_163454_add_order_item_id_to_order_factories_table', 56);

-- --------------------------------------------------------

--
-- Table structure for table `mix_fulls`
--

CREATE TABLE `mix_fulls` (
  `id` bigint(20) UNSIGNED NOT NULL,
  `name` varchar(255) COLLATE utf8mb4_unicode_ci NOT NULL,
  `short_name` varchar(255) COLLATE utf8mb4_unicode_ci NOT NULL,
  `sort` int(11) DEFAULT NULL,
  `status` tinyint(1) NOT NULL,
  `created_at` timestamp NULL DEFAULT NULL,
  `updated_at` timestamp NULL DEFAULT NULL
) ENGINE=InnoDB DEFAULT CHARSET=utf8mb4 COLLATE=utf8mb4_unicode_ci;

--
-- Dumping data for table `mix_fulls`
--

INSERT INTO `mix_fulls` (`id`, `name`, `short_name`, `sort`, `status`, `created_at`, `updated_at`) VALUES
(1, 'Mix', 'mix', 1, 1, '2025-03-07 10:37:13', '2025-03-07 10:37:13'),
(2, 'Full', 'full', 2, 1, '2025-03-07 10:37:13', '2025-03-07 10:37:13'),
(3, 'Avtomobil', 'automobile', 3, 1, '2025-03-07 10:37:13', '2025-03-07 10:37:13');

-- --------------------------------------------------------

--
-- Table structure for table `model_has_permissions`
--

CREATE TABLE `model_has_permissions` (
  `permission_id` bigint(20) UNSIGNED NOT NULL,
  `model_type` varchar(255) COLLATE utf8mb4_unicode_ci NOT NULL,
  `model_id` bigint(20) UNSIGNED NOT NULL
) ENGINE=InnoDB DEFAULT CHARSET=utf8mb4 COLLATE=utf8mb4_unicode_ci;

-- --------------------------------------------------------

--
-- Table structure for table `model_has_roles`
--

CREATE TABLE `model_has_roles` (
  `role_id` bigint(20) UNSIGNED NOT NULL,
  `model_type` varchar(255) COLLATE utf8mb4_unicode_ci NOT NULL,
  `model_id` bigint(20) UNSIGNED NOT NULL
) ENGINE=InnoDB DEFAULT CHARSET=utf8mb4 COLLATE=utf8mb4_unicode_ci;

--
-- Dumping data for table `model_has_roles`
--

INSERT INTO `model_has_roles` (`role_id`, `model_type`, `model_id`) VALUES
(1, 'App\\Models\\User', 1),
(1, 'App\\Models\\User', 4),
(2, 'App\\Models\\User', 6),
(2, 'App\\Models\\User', 7),
(2, 'App\\Models\\User', 9),
(1, 'App\\Models\\User', 10),
(1, 'App\\Models\\User', 11),
(2, 'App\\Models\\User', 13),
(2, 'App\\Models\\User', 15),
(6, 'App\\Models\\User', 19),
(6, 'App\\Models\\User', 20),
(6, 'App\\Models\\User', 21),
(6, 'App\\Models\\User', 22),
(5, 'App\\Models\\User', 23),
(2, 'App\\Models\\User', 24),
(6, 'App\\Models\\User', 25),
(5, 'App\\Models\\User', 26),
(5, 'App\\Models\\User', 27),
(5, 'App\\Models\\User', 28);

-- --------------------------------------------------------

--
-- Table structure for table `notifications`
--

CREATE TABLE `notifications` (
  `id` char(36) COLLATE utf8mb4_unicode_ci NOT NULL,
  `type` varchar(255) COLLATE utf8mb4_unicode_ci NOT NULL,
  `notifiable_type` varchar(255) COLLATE utf8mb4_unicode_ci NOT NULL,
  `notifiable_id` bigint(20) UNSIGNED NOT NULL,
  `data` text COLLATE utf8mb4_unicode_ci NOT NULL,
  `read_at` timestamp NULL DEFAULT NULL,
  `created_at` timestamp NULL DEFAULT NULL,
  `updated_at` timestamp NULL DEFAULT NULL
) ENGINE=InnoDB DEFAULT CHARSET=utf8mb4 COLLATE=utf8mb4_unicode_ci;

--
-- Dumping data for table `notifications`
--

INSERT INTO `notifications` (`id`, `type`, `notifiable_type`, `notifiable_id`, `data`, `read_at`, `created_at`, `updated_at`) VALUES
('0395d586-ee5f-48d0-a659-1ad9e515a3c7', 'App\\Notifications\\RailwayPendingRemainder', 'App\\Models\\User', 7, '{\"order_item_id\":143,\"message\":\"M75616665 \\u2116-li sifari\\u015fin railway statusu t\\u0259sdiql\\u0259nm\\u0259yib\",\"status\":0}', NULL, '2025-06-05 08:17:48', '2025-06-05 08:17:48'),
('07f5efb3-5b9a-4764-b7bf-89ae3b52d0b8', 'App\\Notifications\\RailwayPendingRemainder', 'App\\Models\\User', 1, '{\"order_item_id\":158,\"message\":\"M60369476 \\u2116-li sifari\\u015fin railway statusu t\\u0259sdiql\\u0259nm\\u0259yib\",\"status\":0}', NULL, '2025-07-23 07:54:38', '2025-07-23 07:54:38'),
('0ea38b6b-4a31-4004-9588-b09bcb25d555', 'App\\Notifications\\RailwayPendingRemainder', 'App\\Models\\User', 1, '{\"order_item_id\":158,\"message\":\"M60369476 \\u2116-li sifari\\u015fin railway statusu t\\u0259sdiql\\u0259nm\\u0259yib\",\"status\":0}', NULL, '2025-07-22 08:59:14', '2025-07-22 08:59:14'),
('147636b6-0dd3-44d3-b012-b564e1540da9', 'App\\Notifications\\RailwayPendingRemainder', 'App\\Models\\User', 7, '{\"order_item_id\":143,\"message\":\"M75616665 \\u2116-li sifari\\u015fin railway statusu t\\u0259sdiql\\u0259nm\\u0259yib\",\"status\":0}', NULL, '2025-05-26 09:28:36', '2025-05-26 09:28:36'),
('19ad6f1d-2e8a-4161-9206-2827ef8dcf13', 'App\\Notifications\\RailwayPendingRemainder', 'App\\Models\\User', 6, '{\"order_item_id\":149,\"message\":\"A81567622 \\u2116-li sifari\\u015fin railway statusu t\\u0259sdiql\\u0259nm\\u0259yib\",\"status\":0}', NULL, '2025-05-26 09:28:36', '2025-05-26 09:28:36'),
('1dda7918-6291-4a75-b4ea-410485233dd9', 'App\\Notifications\\RailwayPendingRemainder', 'App\\Models\\User', 1, '{\"order_item_id\":158,\"message\":\"M60369476 \\u2116-li sifari\\u015fin railway statusu t\\u0259sdiql\\u0259nm\\u0259yib\",\"status\":0}', NULL, '2025-07-12 09:21:51', '2025-07-12 09:21:51'),
('27f1a773-4b96-4eaa-99b4-e0b3a24c89e8', 'App\\Notifications\\RailwayPendingRemainder', 'App\\Models\\User', 7, '{\"order_item_id\":143,\"message\":\"M75616665 \\u2116-li sifari\\u015fin railway statusu t\\u0259sdiql\\u0259nm\\u0259yib\",\"status\":0}', NULL, '2025-05-24 11:21:03', '2025-05-24 11:21:03'),
('34ed3faf-024d-43db-939d-0319dc32d6d7', 'App\\Notifications\\RailwayPendingRemainder', 'App\\Models\\User', 1, '{\"order_item_id\":158,\"message\":\"M60369476 \\u2116-li sifari\\u015fin railway statusu t\\u0259sdiql\\u0259nm\\u0259yib\",\"status\":0}', NULL, '2025-07-11 08:18:09', '2025-07-11 08:18:09'),
('3b408d24-39ec-49a8-ab99-18684f8cbdb7', 'App\\Notifications\\RailwayPendingRemainder', 'App\\Models\\User', 1, '{\"order_item_id\":158,\"message\":\"M60369476 \\u2116-li sifari\\u015fin railway statusu t\\u0259sdiql\\u0259nm\\u0259yib\",\"status\":0}', NULL, '2025-07-28 08:14:33', '2025-07-28 08:14:33'),
('4242c845-4e81-4a78-92dd-fcda3f095459', 'App\\Notifications\\RailwayPendingRemainder', 'App\\Models\\User', 1, '{\"order_item_id\":158,\"message\":\"M60369476 \\u2116-li sifari\\u015fin railway statusu t\\u0259sdiql\\u0259nm\\u0259yib\",\"status\":0}', NULL, '2025-06-13 09:16:16', '2025-06-13 09:16:16'),
('468aeb13-b547-4b4c-b39f-8fe7a91b950c', 'App\\Notifications\\RailwayPendingRemainder', 'App\\Models\\User', 6, '{\"order_item_id\":149,\"message\":\"A81567622 \\u2116-li sifari\\u015fin railway statusu t\\u0259sdiql\\u0259nm\\u0259yib\",\"status\":0}', NULL, '2025-05-28 05:05:38', '2025-05-28 05:05:38'),
('5652ae39-eab3-452c-ad44-7a3ca34629bf', 'App\\Notifications\\RailwayPendingRemainder', 'App\\Models\\User', 1, '{\"order_item_id\":158,\"message\":\"M60369476 \\u2116-li sifari\\u015fin railway statusu t\\u0259sdiql\\u0259nm\\u0259yib\",\"status\":0}', NULL, '2025-06-10 16:51:05', '2025-06-10 16:51:05'),
('5d3e3ec8-6742-4add-a0dc-a4c849faf80d', 'App\\Notifications\\RailwayPendingRemainder', 'App\\Models\\User', 1, '{\"order_item_id\":158,\"message\":\"M60369476 \\u2116-li sifari\\u015fin railway statusu t\\u0259sdiql\\u0259nm\\u0259yib\",\"status\":0}', NULL, '2025-07-18 09:59:19', '2025-07-18 09:59:19'),
('60946c65-063f-409c-b869-7aa977582e5d', 'App\\Notifications\\RailwayPendingRemainder', 'App\\Models\\User', 7, '{\"order_item_id\":143,\"message\":\"M75616665 \\u2116-li sifari\\u015fin railway statusu t\\u0259sdiql\\u0259nm\\u0259yib\",\"status\":0}', NULL, '2025-07-21 12:23:26', '2025-07-21 12:23:26'),
('60956888-92d9-4331-9535-5811e23b0f98', 'App\\Notifications\\RailwayPendingRemainder', 'App\\Models\\User', 7, '{\"order_item_id\":143,\"message\":\"M75616665 \\u2116-li sifari\\u015fin railway statusu t\\u0259sdiql\\u0259nm\\u0259yib\",\"status\":0}', NULL, '2025-05-28 05:05:38', '2025-05-28 05:05:38'),
('6541b90e-26a3-426f-8b73-22dc15abbbf7', 'App\\Notifications\\RailwayPendingRemainder', 'App\\Models\\User', 7, '{\"order_item_id\":143,\"message\":\"M75616665 \\u2116-li sifari\\u015fin railway statusu t\\u0259sdiql\\u0259nm\\u0259yib\",\"status\":0}', NULL, '2025-06-04 16:41:02', '2025-06-04 16:41:02'),
('7be69599-e82d-43e5-945a-453c6c977aef', 'App\\Notifications\\RailwayPendingRemainder', 'App\\Models\\User', 1, '{\"order_item_id\":158,\"message\":\"M60369476 \\u2116-li sifari\\u015fin railway statusu t\\u0259sdiql\\u0259nm\\u0259yib\",\"status\":0}', NULL, '2025-07-09 10:38:26', '2025-07-09 10:38:26'),
('82c02aba-e518-4cac-9966-f76919988178', 'App\\Notifications\\RailwayPendingRemainder', 'App\\Models\\User', 1, '{\"order_item_id\":158,\"message\":\"M60369476 \\u2116-li sifari\\u015fin railway statusu t\\u0259sdiql\\u0259nm\\u0259yib\",\"status\":0}', NULL, '2025-07-15 08:20:11', '2025-07-15 08:20:11'),
('8364c945-4bdc-4b17-8753-f1263d597d81', 'App\\Notifications\\RailwayPendingRemainder', 'App\\Models\\User', 1, '{\"order_item_id\":158,\"message\":\"M60369476 \\u2116-li sifari\\u015fin railway statusu t\\u0259sdiql\\u0259nm\\u0259yib\",\"status\":0}', NULL, '2025-07-10 10:53:14', '2025-07-10 10:53:14'),
('8449fbc8-886c-4de6-bdc4-7c91b7c62622', 'App\\Notifications\\RailwayPendingRemainder', 'App\\Models\\User', 1, '{\"order_item_id\":158,\"message\":\"M60369476 \\u2116-li sifari\\u015fin railway statusu t\\u0259sdiql\\u0259nm\\u0259yib\",\"status\":0}', NULL, '2025-06-17 12:43:23', '2025-06-17 12:43:23'),
('87c694ce-152d-4b92-af59-c9829ef67eaf', 'App\\Notifications\\RailwayPendingRemainder', 'App\\Models\\User', 1, '{\"order_item_id\":158,\"message\":\"M60369476 \\u2116-li sifari\\u015fin railway statusu t\\u0259sdiql\\u0259nm\\u0259yib\",\"status\":0}', NULL, '2025-07-16 08:22:18', '2025-07-16 08:22:18'),
('8b833ac5-1a66-42f4-a0eb-6864f81d5ee5', 'App\\Notifications\\RailwayPendingRemainder', 'App\\Models\\User', 7, '{\"order_item_id\":143,\"message\":\"M75616665 \\u2116-li sifari\\u015fin railway statusu t\\u0259sdiql\\u0259nm\\u0259yib\",\"status\":0}', NULL, '2025-05-22 12:10:03', '2025-05-22 12:10:03'),
('a09c0e5f-3c1a-4145-ac11-05c1f699e69e', 'App\\Notifications\\RailwayPendingRemainder', 'App\\Models\\User', 1, '{\"order_item_id\":158,\"message\":\"M60369476 \\u2116-li sifari\\u015fin railway statusu t\\u0259sdiql\\u0259nm\\u0259yib\",\"status\":0}', NULL, '2025-07-08 08:10:50', '2025-07-08 08:10:50'),
('a69b597a-368f-4995-9ff4-cc90a37bf85e', 'App\\Notifications\\RailwayPendingRemainder', 'App\\Models\\User', 7, '{\"order_item_id\":143,\"message\":\"M75616665 \\u2116-li sifari\\u015fin railway statusu t\\u0259sdiql\\u0259nm\\u0259yib\",\"status\":0}', NULL, '2025-05-29 07:19:50', '2025-05-29 07:19:50'),
('ad9a8ffe-92f9-432d-a2f4-8ffbedf54ad0', 'App\\Notifications\\RailwayPendingRemainder', 'App\\Models\\User', 7, '{\"order_item_id\":143,\"message\":\"M75616665 \\u2116-li sifari\\u015fin railway statusu t\\u0259sdiql\\u0259nm\\u0259yib\",\"status\":0}', NULL, '2025-05-30 10:14:03', '2025-05-30 10:14:03'),
('b3355712-1e01-450b-8633-a7e23fa5aa88', 'App\\Notifications\\RailwayPendingRemainder', 'App\\Models\\User', 7, '{\"order_item_id\":143,\"message\":\"M75616665 \\u2116-li sifari\\u015fin railway statusu t\\u0259sdiql\\u0259nm\\u0259yib\",\"status\":0}', NULL, '2025-06-02 12:04:41', '2025-06-02 12:04:41'),
('b335c8af-e9a1-4a39-a0fc-1f712cc2e6ee', 'App\\Notifications\\RailwayPendingRemainder', 'App\\Models\\User', 1, '{\"order_item_id\":158,\"message\":\"M60369476 \\u2116-li sifari\\u015fin railway statusu t\\u0259sdiql\\u0259nm\\u0259yib\",\"status\":0}', NULL, '2025-07-25 13:22:10', '2025-07-25 13:22:10'),
('c27fd531-8de0-4317-89e8-6fdb79ec729d', 'App\\Notifications\\RailwayPendingRemainder', 'App\\Models\\User', 1, '{\"order_item_id\":158,\"message\":\"M60369476 \\u2116-li sifari\\u015fin railway statusu t\\u0259sdiql\\u0259nm\\u0259yib\",\"status\":0}', NULL, '2025-07-21 08:25:56', '2025-07-21 08:25:56'),
('c6cc996c-adf9-4cba-8846-b94d62f3b6fb', 'App\\Notifications\\RailwayPendingRemainder', 'App\\Models\\User', 7, '{\"order_item_id\":143,\"message\":\"M75616665 \\u2116-li sifari\\u015fin railway statusu t\\u0259sdiql\\u0259nm\\u0259yib\",\"status\":0}', NULL, '2025-06-06 11:34:39', '2025-06-06 11:34:39'),
('c981b083-6a50-4f71-bef1-c84021dec01e', 'App\\Notifications\\RailwayPendingRemainder', 'App\\Models\\User', 1, '{\"order_item_id\":137,\"message\":\"M60369476 \\u2116-li sifari\\u015fin railway statusu t\\u0259sdiql\\u0259nm\\u0259yib\",\"status\":0}', NULL, '2025-05-23 06:57:34', '2025-05-23 06:57:34'),
('ca3ef70b-dc88-4b40-bb31-07800c317692', 'App\\Notifications\\RailwayPendingRemainder', 'App\\Models\\User', 1, '{\"order_item_id\":158,\"message\":\"M60369476 \\u2116-li sifari\\u015fin railway statusu t\\u0259sdiql\\u0259nm\\u0259yib\",\"status\":0}', NULL, '2025-07-17 10:58:38', '2025-07-17 10:58:38'),
('cf9fdbe1-03e0-406f-8ada-4cca5b6d9ae8', 'App\\Notifications\\RailwayPendingRemainder', 'App\\Models\\User', 1, '{\"order_item_id\":137,\"message\":\"M60369476 \\u2116-li sifari\\u015fin railway statusu t\\u0259sdiql\\u0259nm\\u0259yib\",\"status\":0}', NULL, '2025-05-22 12:04:21', '2025-05-22 12:04:21'),
('d7265a45-cd27-4b7f-8389-fb1fc275d983', 'App\\Notifications\\RailwayPendingRemainder', 'App\\Models\\User', 1, '{\"order_item_id\":158,\"message\":\"M60369476 \\u2116-li sifari\\u015fin railway statusu t\\u0259sdiql\\u0259nm\\u0259yib\",\"status\":0}', NULL, '2025-06-18 08:48:26', '2025-06-18 08:48:26'),
('dc71ce93-d8d0-47a7-ab7f-3241ca056d57', 'App\\Notifications\\RailwayPendingRemainder', 'App\\Models\\User', 1, '{\"order_item_id\":158,\"message\":\"M60369476 \\u2116-li sifari\\u015fin railway statusu t\\u0259sdiql\\u0259nm\\u0259yib\",\"status\":0}', NULL, '2025-07-19 10:31:56', '2025-07-19 10:31:56'),
('df2971f7-4589-457a-bf44-04ecb832ba34', 'App\\Notifications\\RailwayPendingRemainder', 'App\\Models\\User', 7, '{\"order_item_id\":143,\"message\":\"M75616665 \\u2116-li sifari\\u015fin railway statusu t\\u0259sdiql\\u0259nm\\u0259yib\",\"status\":0}', NULL, '2025-06-03 09:04:23', '2025-06-03 09:04:23'),
('e9252350-0cee-414a-9cf2-04df27ccc195', 'App\\Notifications\\RailwayPendingRemainder', 'App\\Models\\User', 7, '{\"order_item_id\":143,\"message\":\"M75616665 \\u2116-li sifari\\u015fin railway statusu t\\u0259sdiql\\u0259nm\\u0259yib\",\"status\":0}', NULL, '2025-05-23 06:57:35', '2025-05-23 06:57:35'),
('ea84fd82-a68c-444d-9c33-77b7fdce5e1c', 'App\\Notifications\\RailwayPendingRemainder', 'App\\Models\\User', 6, '{\"order_item_id\":149,\"message\":\"A81567622 \\u2116-li sifari\\u015fin railway statusu t\\u0259sdiql\\u0259nm\\u0259yib\",\"status\":0}', NULL, '2025-05-24 11:21:03', '2025-05-24 11:21:03'),
('ec26c9f5-5e24-4e56-af83-a3deeef098d9', 'App\\Notifications\\RailwayPendingRemainder', 'App\\Models\\User', 1, '{\"order_item_id\":158,\"message\":\"M60369476 \\u2116-li sifari\\u015fin railway statusu t\\u0259sdiql\\u0259nm\\u0259yib\",\"status\":0}', NULL, '2025-07-24 11:28:56', '2025-07-24 11:28:56'),
('f1c49168-ac00-4b7f-9415-39f44267edf5', 'App\\Notifications\\RailwayPendingRemainder', 'App\\Models\\User', 6, '{\"order_item_id\":149,\"message\":\"A81567622 \\u2116-li sifari\\u015fin railway statusu t\\u0259sdiql\\u0259nm\\u0259yib\",\"status\":0}', NULL, '2025-05-23 06:57:34', '2025-05-23 06:57:34'),
('f3814b50-1454-43c7-8373-1273524be8b2', 'App\\Notifications\\RailwayPendingRemainder', 'App\\Models\\User', 6, '{\"order_item_id\":149,\"message\":\"A81567622 \\u2116-li sifari\\u015fin railway statusu t\\u0259sdiql\\u0259nm\\u0259yib\",\"status\":0}', NULL, '2025-05-22 12:19:14', '2025-05-22 12:19:14'),
('f3ed196e-e987-4684-b2e1-e549f7a4b50e', 'App\\Notifications\\RailwayPendingRemainder', 'App\\Models\\User', 1, '{\"order_item_id\":158,\"message\":\"M60369476 \\u2116-li sifari\\u015fin railway statusu t\\u0259sdiql\\u0259nm\\u0259yib\",\"status\":0}', NULL, '2025-07-14 08:51:56', '2025-07-14 08:51:56');

-- --------------------------------------------------------

--
-- Table structure for table `orders`
--

CREATE TABLE `orders` (
  `id` bigint(20) UNSIGNED NOT NULL,
  `code` varchar(255) COLLATE utf8mb4_unicode_ci DEFAULT NULL,
  `apply_date` date DEFAULT NULL,
  `delivery_date` date DEFAULT NULL,
  `product_name` varchar(255) COLLATE utf8mb4_unicode_ci DEFAULT NULL,
  `price` varchar(255) COLLATE utf8mb4_unicode_ci DEFAULT NULL,
  `price_currency` varchar(255) COLLATE utf8mb4_unicode_ci DEFAULT NULL,
  `cube` varchar(255) COLLATE utf8mb4_unicode_ci DEFAULT NULL,
  `weight` varchar(255) COLLATE utf8mb4_unicode_ci DEFAULT NULL,
  `referrer` varchar(255) COLLATE utf8mb4_unicode_ci DEFAULT NULL,
  `loading_point` varchar(255) COLLATE utf8mb4_unicode_ci DEFAULT NULL,
  `address` text COLLATE utf8mb4_unicode_ci,
  `note` text COLLATE utf8mb4_unicode_ci,
  `security_mode` tinyint(1) DEFAULT '1',
  `ready_status` tinyint(1) DEFAULT NULL,
  `stackable` tinyint(1) DEFAULT NULL,
  `number_of_places` int(11) DEFAULT NULL,
  `width` decimal(8,2) DEFAULT NULL,
  `height` decimal(8,2) DEFAULT NULL,
  `length` decimal(8,2) DEFAULT NULL,
  `msds` varchar(255) COLLATE utf8mb4_unicode_ci DEFAULT NULL,
  `first_car_count` int(11) DEFAULT NULL,
  `second_car_count` int(11) DEFAULT NULL,
  `is_evaluate` tinyint(1) DEFAULT '1',
  `internal_transport` tinyint(1) DEFAULT NULL,
  `status` enum('draft','confirmed','execute','finished','rejected') COLLATE utf8mb4_unicode_ci DEFAULT NULL,
  `order_status` varchar(255) COLLATE utf8mb4_unicode_ci DEFAULT NULL,
  `mix_full` enum('mix','full','automobile') COLLATE utf8mb4_unicode_ci DEFAULT NULL,
  `cbm` decimal(8,2) DEFAULT NULL,
  `customs_clearance_id` bigint(20) UNSIGNED DEFAULT NULL,
  `incoterm_id` bigint(20) UNSIGNED DEFAULT NULL,
  `container_type_id` bigint(20) UNSIGNED DEFAULT NULL,
  `warehouse_id` bigint(20) UNSIGNED DEFAULT NULL,
  `user_id` bigint(20) UNSIGNED DEFAULT NULL,
  `city_id` bigint(20) UNSIGNED DEFAULT NULL,
  `district_id` bigint(20) UNSIGNED DEFAULT NULL,
  `about_booking_date_id` bigint(20) UNSIGNED DEFAULT NULL,
  `transportation_type_id` bigint(20) UNSIGNED DEFAULT NULL,
  `transportation_service_id` bigint(20) UNSIGNED DEFAULT NULL,
  `transportation_id` bigint(20) UNSIGNED DEFAULT NULL,
  `first_car_type_id` bigint(20) UNSIGNED DEFAULT NULL,
  `second_car_type_id` bigint(20) UNSIGNED DEFAULT NULL,
  `deleted_at` timestamp NULL DEFAULT NULL,
  `created_at` timestamp NULL DEFAULT NULL,
  `updated_at` timestamp NULL DEFAULT NULL,
  `customer_id` bigint(20) UNSIGNED DEFAULT NULL,
  `handover` varchar(255) COLLATE utf8mb4_unicode_ci DEFAULT NULL,
  `exportable` tinyint(1) DEFAULT '0',
  `tax_id` varchar(255) COLLATE utf8mb4_unicode_ci DEFAULT NULL,
  `supplier_address` varchar(255) COLLATE utf8mb4_unicode_ci DEFAULT NULL,
  `container_count` int(11) NOT NULL DEFAULT '1'
) ENGINE=InnoDB DEFAULT CHARSET=utf8mb4 COLLATE=utf8mb4_unicode_ci;

--
-- Dumping data for table `orders`
--

INSERT INTO `orders` (`id`, `code`, `apply_date`, `delivery_date`, `product_name`, `price`, `price_currency`, `cube`, `weight`, `referrer`, `loading_point`, `address`, `note`, `security_mode`, `ready_status`, `stackable`, `number_of_places`, `width`, `height`, `length`, `msds`, `first_car_count`, `second_car_count`, `is_evaluate`, `internal_transport`, `status`, `order_status`, `mix_full`, `cbm`, `customs_clearance_id`, `incoterm_id`, `container_type_id`, `warehouse_id`, `user_id`, `city_id`, `district_id`, `about_booking_date_id`, `transportation_type_id`, `transportation_service_id`, `transportation_id`, `first_car_type_id`, `second_car_type_id`, `deleted_at`, `created_at`, `updated_at`, `customer_id`, `handover`, `exportable`, `tax_id`, `supplier_address`, `container_count`) VALUES
(1, 'M72056421', NULL, NULL, 'Test', '2000', NULL, '20', '50', NULL, 'Test location', NULL, 'Test', 0, NULL, 1, 500, 10.00, 10.00, 10.00, NULL, NULL, NULL, 1, NULL, 'draft', NULL, 'mix', NULL, 2, 1, NULL, NULL, NULL, NULL, NULL, NULL, NULL, NULL, NULL, NULL, NULL, NULL, '2025-03-07 11:34:06', '2025-05-05 09:39:54', NULL, NULL, 0, NULL, NULL, 1),
(2, 'A57595182', '2025-03-08', NULL, 'Test 2', '12', NULL, NULL, NULL, NULL, 'Test location', NULL, 'nblbljlkb', 0, NULL, 0, NULL, NULL, NULL, NULL, NULL, 10, 12, 1, NULL, 'draft', NULL, 'automobile', NULL, NULL, NULL, NULL, NULL, NULL, NULL, NULL, NULL, NULL, NULL, NULL, 1, 2, NULL, '2025-03-08 04:26:52', '2025-05-05 09:39:54', NULL, NULL, 0, NULL, NULL, 1),
(3, 'F46930738', '2025-03-08', NULL, 'Test 3', '200', NULL, '40', '40', NULL, 'Test location 3', NULL, 'lkjnlkjjljlk', 1, NULL, 1, 100, 11.00, 10.00, 11.00, NULL, NULL, NULL, 1, NULL, 'confirmed', NULL, 'full', NULL, 2, 3, 3, NULL, NULL, NULL, NULL, NULL, NULL, NULL, NULL, NULL, NULL, NULL, '2025-03-08 04:28:23', '2025-05-05 09:39:54', NULL, NULL, 0, NULL, NULL, 1),
(5, 'A74953233', '2025-03-08', NULL, NULL, NULL, NULL, NULL, NULL, NULL, NULL, NULL, NULL, 0, NULL, 0, NULL, NULL, NULL, NULL, NULL, NULL, NULL, 1, NULL, 'rejected', NULL, 'automobile', NULL, NULL, NULL, NULL, NULL, NULL, NULL, NULL, NULL, NULL, NULL, NULL, NULL, NULL, NULL, '2025-03-08 05:35:17', '2025-05-05 09:39:54', NULL, NULL, 0, NULL, NULL, 1),
(8, '77399340', '2025-03-10', NULL, NULL, '566', NULL, NULL, NULL, NULL, NULL, NULL, NULL, 0, NULL, 0, NULL, NULL, NULL, NULL, NULL, NULL, NULL, 1, NULL, 'draft', NULL, NULL, NULL, NULL, NULL, NULL, NULL, NULL, NULL, NULL, NULL, NULL, NULL, NULL, NULL, NULL, NULL, '2025-03-10 09:33:11', '2025-03-11 13:51:49', NULL, NULL, 0, NULL, NULL, 1),
(10, 'F58531856', '2025-03-11', NULL, 'dfdf', '555', '$', '55', '45', NULL, 'dfdfs', NULL, NULL, 0, NULL, 1, 34, 33.00, 44.00, 3.00, NULL, NULL, NULL, 1, NULL, 'confirmed', NULL, 'full', NULL, 2, 2, 2, NULL, NULL, NULL, NULL, NULL, 1, 1, 1, NULL, NULL, NULL, '2025-03-11 13:49:26', '2025-05-05 09:39:54', NULL, NULL, 0, NULL, NULL, 1),
(11, 'F14095483', '2025-03-11', NULL, 'saffdsf', NULL, NULL, '234', '3424', NULL, 'sdfsdfsf', NULL, NULL, 0, NULL, 0, 14, 34.00, 43.00, 34.00, NULL, NULL, NULL, 1, NULL, 'rejected', NULL, 'full', NULL, 2, 2, 2, NULL, NULL, NULL, NULL, NULL, NULL, NULL, NULL, NULL, NULL, NULL, '2025-03-11 13:59:08', '2025-05-05 09:39:54', NULL, NULL, 0, NULL, NULL, 1),
(13, 'M22467780', '2025-03-12', NULL, 'saffdsf', NULL, NULL, NULL, '10', NULL, 'ghj', NULL, NULL, 0, NULL, 0, NULL, NULL, NULL, NULL, NULL, NULL, NULL, 1, NULL, 'draft', NULL, 'mix', NULL, 2, 2, NULL, NULL, NULL, NULL, NULL, NULL, NULL, NULL, NULL, NULL, NULL, NULL, '2025-03-12 05:21:38', '2025-05-05 09:39:54', NULL, NULL, 0, NULL, NULL, 1),
(14, '11600514', '2025-03-12', NULL, 'sf', NULL, NULL, NULL, NULL, NULL, NULL, NULL, NULL, 0, NULL, 0, NULL, NULL, NULL, NULL, NULL, NULL, NULL, 1, NULL, 'draft', NULL, NULL, NULL, NULL, NULL, NULL, NULL, NULL, NULL, NULL, NULL, NULL, NULL, NULL, NULL, NULL, NULL, '2025-03-12 05:22:00', '2025-03-12 05:22:00', NULL, NULL, 0, NULL, NULL, 1),
(15, '78714657', '2025-03-13', NULL, NULL, NULL, NULL, NULL, NULL, NULL, NULL, NULL, NULL, 0, NULL, 0, NULL, NULL, NULL, NULL, NULL, NULL, NULL, 1, NULL, 'rejected', NULL, NULL, NULL, NULL, NULL, NULL, NULL, NULL, NULL, NULL, NULL, NULL, NULL, NULL, NULL, NULL, NULL, '2025-03-13 10:26:52', '2025-03-13 10:27:40', NULL, NULL, 0, NULL, NULL, 1),
(16, 'M94111198', '2025-03-13', NULL, 'Test', '1065', NULL, '40', '50', NULL, 'Testlocation', NULL, NULL, 1, NULL, 1, 100, 10.00, 9.00, 10.00, NULL, NULL, NULL, 1, NULL, 'draft', NULL, 'mix', NULL, 1, 1, NULL, NULL, NULL, NULL, NULL, NULL, NULL, NULL, NULL, NULL, NULL, NULL, '2025-03-13 10:44:10', '2025-05-05 09:39:54', NULL, NULL, 0, NULL, NULL, 1),
(17, 'F57860659', '2025-03-13', '2025-03-26', 'fdggfggggf', '297', '$', '4', '3', NULL, 'jhgghf', '234', NULL, 0, 1, 0, 5, 2.00, 1.00, 2.00, NULL, NULL, NULL, 1, NULL, 'execute', NULL, 'full', 68.00, 2, 2, 2, 2, 1, 1, 1, NULL, 1, 1, 1, NULL, NULL, NULL, '2025-03-13 13:14:33', '2025-05-05 09:39:54', NULL, NULL, 0, NULL, NULL, 1),
(22, 'A48832289', '2025-03-17', NULL, 'szsztst', '100', '$', NULL, NULL, NULL, 'Test location', NULL, NULL, 0, NULL, 0, NULL, NULL, NULL, NULL, NULL, 20, 12, 0, NULL, 'confirmed', NULL, 'automobile', 20.00, 2, 1, NULL, NULL, 1, NULL, NULL, NULL, 1, 1, 1, 2, 1, NULL, '2025-03-17 14:40:17', '2025-05-05 09:39:54', NULL, NULL, 0, NULL, NULL, 1),
(23, 'A61769282', '2025-03-17', NULL, 'ededed', '11', NULL, NULL, NULL, NULL, 'ededede', NULL, 'ededede', 0, NULL, 0, NULL, NULL, NULL, NULL, NULL, 11, 11, 0, NULL, 'confirmed', NULL, 'automobile', 1.00, 1, 1, NULL, NULL, 1, NULL, NULL, NULL, NULL, NULL, NULL, 1, 1, NULL, '2025-03-17 14:51:22', '2025-05-05 09:39:54', NULL, NULL, 0, NULL, NULL, 1),
(25, 'M26623518', '2025-03-18', NULL, 'saffdsf', '566', '₼', '54', '11', NULL, 'sdfsdfsf', NULL, NULL, 1, NULL, 1, 5, 12.00, 98.00, 87.00, NULL, NULL, NULL, 1, NULL, 'execute', NULL, 'mix', 12.00, 2, 2, NULL, NULL, NULL, NULL, NULL, NULL, 1, 1, 1, NULL, NULL, NULL, '2025-03-18 06:15:25', '2025-05-06 14:32:23', NULL, NULL, 0, NULL, NULL, 1),
(26, 'F32842007', '2025-03-18', NULL, 'xsX', '12', '$', '12', '12', NULL, 'SXSX', NULL, NULL, 0, NULL, 0, 12, 12.00, 12.00, 12.00, NULL, NULL, NULL, 1, NULL, 'execute', NULL, 'full', 68.00, 1, 2, 2, NULL, 1, NULL, NULL, NULL, 1, 1, 1, NULL, NULL, NULL, '2025-03-18 06:35:09', '2025-05-05 09:39:54', NULL, NULL, 0, NULL, NULL, 1),
(27, 'F53845731', '2025-03-18', NULL, 'asd', '1496', NULL, '12', '12', NULL, 'asd', NULL, NULL, 0, NULL, 0, 12, 12.00, 12.00, 12.00, NULL, NULL, NULL, 1, NULL, 'draft', NULL, 'full', 74.00, 1, 1, 1, NULL, 1, NULL, NULL, NULL, NULL, NULL, NULL, NULL, NULL, NULL, '2025-03-18 06:36:28', '2025-05-05 09:39:54', NULL, NULL, 0, NULL, NULL, 1),
(28, 'M41735267', '2025-03-19', NULL, 'dfdf', NULL, NULL, '342', '34', NULL, 'sdf', NULL, NULL, 1, NULL, 0, 34, 2.00, 23.00, 2.00, NULL, NULL, NULL, 1, NULL, 'draft', NULL, 'mix', 43.00, 1, 2, NULL, NULL, NULL, NULL, NULL, NULL, NULL, NULL, NULL, NULL, NULL, NULL, '2025-03-19 07:06:37', '2025-05-05 09:39:54', NULL, NULL, 0, NULL, NULL, 1),
(30, 'F41263343', '2025-03-20', NULL, 'sd', NULL, NULL, '32', '23', NULL, 'asd', NULL, NULL, 0, NULL, 1, 23, 23.00, 23.00, 23.00, NULL, NULL, NULL, 1, NULL, 'draft', NULL, 'full', 68.00, 1, 2, 2, NULL, 1, NULL, NULL, NULL, NULL, NULL, NULL, NULL, NULL, NULL, '2025-03-20 07:15:27', '2025-05-05 09:39:54', 1, NULL, 0, NULL, NULL, 1),
(31, 'F39474422', '2025-03-20', NULL, 'sg', NULL, '₼', '34', '343', NULL, 'dfs', NULL, NULL, 0, NULL, 1, NULL, 43.00, 65.00, 43.00, NULL, NULL, NULL, 1, NULL, 'execute', NULL, 'full', 68.00, 2, 3, 2, NULL, 1, NULL, NULL, NULL, 1, 1, 1, NULL, NULL, NULL, '2025-03-20 07:25:38', '2025-05-14 12:28:44', 1, NULL, 0, NULL, NULL, 1),
(32, 'F35204744', '2025-03-25', NULL, 'kjbkbj', NULL, NULL, '30', '20', NULL, 'kvjhv', NULL, NULL, 0, NULL, 0, 20, 2114.00, 35.00, 540.00, NULL, NULL, NULL, 1, NULL, 'draft', NULL, 'full', 58.00, 1, 1, 3, NULL, 1, NULL, NULL, NULL, NULL, NULL, NULL, NULL, NULL, NULL, '2025-03-25 13:02:43', '2025-05-05 09:39:54', 1, NULL, 0, NULL, NULL, 1),
(33, 'M22967014', '2025-03-25', NULL, NULL, NULL, NULL, '30', '20', NULL, 'lkzndlkjn', NULL, NULL, 0, NULL, 0, NULL, 10.00, 20.00, 10.00, NULL, NULL, NULL, 1, NULL, 'draft', NULL, 'mix', 50.00, 1, 2, NULL, NULL, 1, NULL, NULL, NULL, NULL, NULL, NULL, NULL, NULL, NULL, '2025-03-25 13:13:33', '2025-05-05 09:39:54', 1, NULL, 0, NULL, NULL, 1),
(34, 'A65723214', '2025-03-25', NULL, NULL, NULL, NULL, NULL, NULL, NULL, 'Test location', NULL, NULL, 0, NULL, 0, NULL, NULL, NULL, NULL, NULL, 20, 10, 1, NULL, 'draft', NULL, 'automobile', 50.00, 1, 1, NULL, NULL, 1, NULL, NULL, NULL, NULL, NULL, NULL, 1, 1, NULL, '2025-03-25 13:15:50', '2025-05-05 09:39:54', 1, NULL, 0, NULL, NULL, 1),
(35, 'M42704968', '2025-03-25', NULL, 'sdfsdf', NULL, NULL, '30', '20', NULL, 'zfdsfgds', NULL, NULL, 0, NULL, 0, NULL, 10.00, 8.00, 10.00, NULL, NULL, NULL, 1, NULL, 'draft', NULL, 'mix', 20.00, 2, 2, NULL, NULL, 1, NULL, NULL, NULL, NULL, NULL, NULL, NULL, NULL, NULL, '2025-03-25 13:18:37', '2025-05-05 09:39:54', 1, NULL, 0, NULL, NULL, 1),
(36, 'F91844388', '2025-03-25', NULL, NULL, '100', NULL, '30', '20', NULL, 'Test location', NULL, NULL, 1, NULL, 0, NULL, 20.00, 20.00, 20.00, NULL, NULL, NULL, 1, NULL, 'draft', NULL, 'full', 68.00, 1, 1, 2, NULL, 1, NULL, NULL, NULL, NULL, NULL, NULL, NULL, NULL, NULL, '2025-03-25 13:19:56', '2025-05-05 09:39:54', 1, NULL, 0, NULL, NULL, 1),
(38, 'F40206304', '2025-03-25', NULL, 'saffdsf', '20', NULL, '34', '32', NULL, 'dfdfs', NULL, NULL, 1, NULL, 0, NULL, 23.00, 33.00, 23.00, NULL, NULL, NULL, 1, NULL, 'draft', NULL, 'full', 58.00, 1, 2, 3, NULL, 1, NULL, NULL, NULL, NULL, NULL, NULL, NULL, NULL, NULL, '2025-03-25 13:46:19', '2025-05-05 09:39:54', 1, NULL, 0, NULL, NULL, 1),
(39, 'M37938002', '2025-03-25', NULL, 'ads', '14126', NULL, '23', '2323', NULL, 'asdasd', NULL, NULL, 1, NULL, 0, 23, 23.00, 23.00, 23.00, NULL, NULL, NULL, 1, NULL, 'confirmed', NULL, 'mix', 2323.00, 1, 2, NULL, NULL, NULL, NULL, NULL, NULL, NULL, NULL, NULL, NULL, NULL, NULL, '2025-03-25 14:01:38', '2025-05-05 09:39:54', 1, NULL, 0, NULL, NULL, 1),
(40, 'M98668066', '2025-03-27', NULL, 'Test', '120', '$', '30', '20', NULL, 'Test location', NULL, 'kjhbkjbkjb', 1, NULL, 1, 50, 12.00, 12.00, 12.00, NULL, NULL, NULL, 1, NULL, 'execute', NULL, 'mix', 50.00, 1, 1, NULL, NULL, 1, NULL, NULL, NULL, 1, 1, 1, NULL, NULL, NULL, '2025-03-27 13:04:01', '2025-05-13 11:53:00', 6, NULL, 0, NULL, NULL, 1),
(41, 'M39327715', '2025-03-31', NULL, 'ewrw', '220', NULL, '324', '324', NULL, 'ewr', NULL, NULL, 1, NULL, 1, 43, 324.00, 45.00, 342.00, NULL, NULL, NULL, 1, NULL, 'confirmed', NULL, 'mix', 324.00, 2, 2, NULL, NULL, NULL, NULL, NULL, NULL, NULL, NULL, NULL, NULL, NULL, NULL, '2025-03-31 21:45:45', '2025-05-05 09:39:54', 7, NULL, 0, NULL, NULL, 1),
(47, 'M69027055', '2025-04-14', '2025-08-13', 'ygfdd', '553', '₼', '1000', '1000', 'Ali', 'qweqwe', 'SD', NULL, 1, 0, 0, 12, 12.00, 19.00, 11.00, NULL, 5, 2, 1, NULL, 'execute', NULL, 'mix', 29.00, 1, 2, NULL, NULL, 1, 3, 3, NULL, 1, 1, 1, 1, NULL, NULL, '2025-04-14 10:16:34', '2025-05-26 09:29:42', 10, NULL, 0, NULL, NULL, 1),
(49, 'A69896149', '2025-04-18', NULL, 'lkzsndsn', '56', '$', NULL, NULL, NULL, 'sdfds', NULL, NULL, 0, NULL, 0, NULL, NULL, NULL, NULL, NULL, 10, NULL, 1, NULL, 'execute', NULL, 'automobile', NULL, 1, 2, NULL, NULL, 1, NULL, NULL, NULL, 1, 1, 1, 1, NULL, NULL, '2025-04-18 05:29:39', '2025-05-06 14:16:33', 6, NULL, 0, NULL, NULL, 1),
(50, 'M18123316', '2025-04-18', NULL, 'kggkuh', NULL, NULL, NULL, '500', NULL, 'khkkjnjln', NULL, NULL, 0, NULL, 0, NULL, NULL, NULL, NULL, NULL, NULL, NULL, 1, NULL, 'draft', NULL, 'mix', 65.00, 2, 1, NULL, NULL, 1, NULL, NULL, NULL, NULL, NULL, NULL, NULL, NULL, NULL, '2025-04-18 06:32:57', '2025-05-05 09:39:54', 7, NULL, 0, NULL, NULL, 1),
(51, 'F25932259', '2025-04-18', NULL, 'lhkuhioh', '50.1', NULL, NULL, '500', NULL, 'ljbnjlb', NULL, NULL, 0, NULL, 0, NULL, 3.00, 2.00, 7.00, NULL, NULL, NULL, 1, NULL, 'draft', NULL, 'full', 42.00, 2, 2, 1, NULL, 1, NULL, NULL, NULL, NULL, NULL, NULL, NULL, NULL, NULL, '2025-04-18 06:34:01', '2025-05-05 09:39:54', 5, NULL, 0, NULL, NULL, 1),
(53, 'M16160793', '2025-04-19', NULL, 'Boru', '850', '$', NULL, '232', NULL, 'Xian', NULL, NULL, 1, NULL, 0, 5, NULL, NULL, NULL, NULL, NULL, NULL, 1, NULL, 'execute', NULL, 'mix', 25.00, 1, 2, NULL, NULL, 6, NULL, NULL, NULL, 1, 1, 1, NULL, NULL, NULL, '2025-04-19 08:25:18', '2025-05-14 11:17:36', 12, NULL, 0, NULL, NULL, 1),
(54, 'F26168577', '2025-04-19', '2025-07-13', 'random', '1270', '₼', NULL, '160', NULL, 'Xian', 'sadasd', NULL, 1, 1, 1, 3, NULL, NULL, NULL, NULL, NULL, NULL, 1, 0, 'execute', NULL, 'mix', 6.20, 1, 3, 2, 3, 6, 1, 2, NULL, 1, 1, 1, NULL, NULL, NULL, '2025-04-19 08:32:20', '2025-05-13 08:13:52', 9, NULL, 0, NULL, NULL, 1),
(55, 'A85218346', '2025-04-19', NULL, 'toyota', NULL, '$', NULL, NULL, NULL, 'sadsad', NULL, NULL, 0, NULL, 0, NULL, NULL, NULL, NULL, NULL, 4, NULL, 1, NULL, 'finished', NULL, 'automobile', NULL, 1, 2, NULL, NULL, 6, NULL, NULL, NULL, 1, 1, 1, 1, NULL, NULL, '2025-04-19 09:10:42', '2025-05-05 09:39:54', 7, 'uploads/orders/99962789.xlsx', 0, NULL, NULL, 1),
(56, 'M16805413', '2025-04-22', NULL, 'Test product', NULL, NULL, NULL, '230', NULL, 'Xian', NULL, NULL, 1, NULL, 0, 5, NULL, NULL, NULL, NULL, NULL, NULL, 1, NULL, 'draft', NULL, 'mix', 4.00, 1, 2, NULL, NULL, 6, NULL, NULL, NULL, NULL, NULL, NULL, NULL, NULL, NULL, '2025-04-22 09:17:16', '2025-05-05 09:39:54', 13, NULL, 0, NULL, NULL, 1),
(57, 'F65932449', '2025-04-22', NULL, 'szsztst', NULL, NULL, NULL, '200', NULL, 'Xian', NULL, NULL, 1, NULL, 1, 5, NULL, NULL, NULL, NULL, NULL, NULL, 1, NULL, 'draft', NULL, 'full', 4.00, 1, 2, 1, NULL, 6, NULL, NULL, NULL, NULL, NULL, NULL, NULL, NULL, NULL, '2025-04-22 10:42:08', '2025-05-05 09:39:54', 14, NULL, 0, NULL, NULL, 1),
(58, 'M54558918', '2025-04-22', NULL, 'szsztst', '31500', '¥', NULL, '198', NULL, 'Xian', NULL, NULL, 1, NULL, 0, 5, NULL, NULL, NULL, NULL, NULL, NULL, 1, NULL, 'draft', NULL, 'mix', 4.00, 1, 2, NULL, NULL, 6, NULL, NULL, NULL, NULL, NULL, NULL, NULL, NULL, NULL, '2025-04-22 10:52:47', '2025-07-15 15:14:50', 14, NULL, 0, NULL, NULL, 1),
(59, 'F93473417', '2025-08-22', '2030-03-22', 'szsztst', '850', '$', NULL, '330', NULL, 'Xian', 'SD', NULL, 1, 1, 0, 5, NULL, NULL, NULL, NULL, NULL, NULL, 1, 1, 'finished', NULL, 'full', 8.00, 1, 2, 2, NULL, 6, 1, 1, NULL, 1, 1, 1, NULL, NULL, NULL, '2025-04-22 10:55:00', '2025-05-05 09:39:54', 15, 'uploads/orders/70981152.webp', 0, NULL, NULL, 1),
(60, 'A57717141', '2025-05-22', NULL, 'Zeekr', '850', '$', NULL, NULL, 'sadasd', 'Xian', 'Street', NULL, 1, 1, 0, NULL, NULL, NULL, NULL, NULL, 4, 1, 0, NULL, 'finished', NULL, 'automobile', NULL, 1, 2, NULL, NULL, 6, 3, 3, NULL, 1, 1, 1, 1, 2, NULL, '2025-04-22 12:53:16', '2025-05-05 09:39:54', 16, 'uploads/orders/81539629.webp', 0, NULL, NULL, 1),
(61, 'M73776892', '2025-04-23', NULL, 'lkzsndsn', NULL, NULL, NULL, '1000', NULL, 'sdfds', NULL, 'kbbunlkjkjkjkjk', 1, NULL, 1, 54, NULL, NULL, NULL, NULL, NULL, NULL, 1, NULL, 'draft', NULL, 'mix', 22.00, 1, 2, NULL, NULL, 1, NULL, NULL, NULL, NULL, NULL, NULL, NULL, NULL, NULL, '2025-04-23 11:05:00', '2025-05-05 09:39:54', 3, NULL, 0, NULL, NULL, 1),
(62, 'F63562807', '2025-04-23', NULL, 'khbkb', NULL, NULL, NULL, '1000', NULL, 'kjbkjbnkj', NULL, 'lnjnjnl', 1, NULL, 0, 5434, NULL, NULL, NULL, 'huhu', NULL, NULL, 1, NULL, 'draft', NULL, 'full', 61.60, 1, 2, 2, NULL, 1, NULL, NULL, NULL, NULL, NULL, NULL, NULL, NULL, NULL, '2025-04-23 11:12:08', '2025-05-05 09:39:54', 7, NULL, 0, NULL, NULL, 1),
(63, 'M21031641', '2024-11-24', '2025-05-22', 'Changan', '1000', '₼', NULL, '220', 'Ali', 'Xian', 'Donge', NULL, 1, 1, 0, 3, NULL, NULL, NULL, 'ttyu74', NULL, NULL, 1, 1, 'execute', NULL, 'mix', 20.00, 1, 2, NULL, 2, 6, 3, 3, NULL, 1, 1, 1, NULL, NULL, NULL, '2025-04-24 08:09:04', '2025-05-13 15:04:08', 17, NULL, 0, NULL, NULL, 1),
(64, 'M79900966', '2025-04-24', '2029-10-24', 'boru', '1000', '$', NULL, '225', 'Ali', 'Xian', 'Dalan', NULL, 1, 1, 1, 3, NULL, NULL, NULL, '485500', NULL, NULL, 1, 1, 'execute', NULL, 'mix', 4.00, 1, 2, NULL, 1, 6, 3, 3, NULL, 1, 1, 1, NULL, NULL, NULL, '2025-04-24 08:23:17', '2025-05-05 09:39:54', 17, NULL, 0, NULL, NULL, 1),
(65, 'A46061176', '2025-07-25', '2024-06-25', 'Masin', '13000', '₼', NULL, NULL, NULL, 'Xian', 'Kruq', NULL, 0, 1, 0, NULL, NULL, NULL, NULL, NULL, 3, 2, 0, 1, 'execute', NULL, 'automobile', NULL, 1, 2, NULL, 1, 6, 3, 3, NULL, 1, 1, 1, 1, 2, NULL, '2025-04-25 08:40:16', '2025-05-06 08:55:04', 14, NULL, 0, NULL, NULL, 1),
(66, 'A29700876', '2025-04-25', NULL, 'Hyundai', '1300', NULL, NULL, NULL, NULL, 'Xian', NULL, NULL, 0, NULL, 0, NULL, NULL, NULL, NULL, NULL, 3, 2, 1, NULL, 'confirmed', NULL, 'automobile', NULL, 1, 2, NULL, NULL, 6, NULL, NULL, NULL, NULL, NULL, NULL, 1, 2, NULL, '2025-04-25 08:45:09', '2025-05-05 09:39:54', 16, NULL, 0, NULL, NULL, 1),
(67, 'M73812959', '2025-04-28', '2025-08-11', 'Bottle', '600', '₼', NULL, '274', 'Ali', 'Xian', 'ewe', NULL, 1, NULL, 0, 6, NULL, NULL, NULL, 'wsx435', NULL, NULL, 1, NULL, 'execute', NULL, 'mix', 12.00, 1, 2, NULL, 1, 6, 1, 3, NULL, 1, 1, 1, NULL, NULL, NULL, '2025-04-28 12:10:08', '2025-05-14 15:54:48', 18, NULL, 0, NULL, NULL, 1),
(68, 'A54890831', '2025-04-29', NULL, 'fddsdsf', '60', '₼', NULL, NULL, NULL, 'dfdsf', NULL, 'sdddsfsdf', 0, NULL, 0, NULL, NULL, NULL, NULL, NULL, 3, NULL, 1, NULL, 'execute', NULL, 'automobile', NULL, 1, 1, NULL, NULL, 1, NULL, NULL, NULL, 1, 1, 1, 1, NULL, NULL, '2025-04-29 09:02:35', '2025-05-07 14:28:11', 1, NULL, 0, NULL, NULL, 1),
(69, 'M51260289', '2025-05-05', NULL, 'jbkjbkb', '112.65', '₼', NULL, '100', NULL, 'lhnbnb', NULL, 'kljlnlml', 0, NULL, 1, 4, NULL, NULL, NULL, NULL, NULL, NULL, 1, NULL, 'confirmed', NULL, 'mix', 20.00, 1, 2, NULL, NULL, 1, NULL, NULL, NULL, 1, 1, 1, NULL, NULL, NULL, '2025-05-05 09:34:22', '2025-05-21 09:13:27', 8, NULL, 1, 'dsfasdsa55454', 'adasdasd', 1),
(70, 'F59673277', '2025-05-05', '2025-05-08', 'szsztst', '1571', '₼', NULL, '1232', NULL, 'Xian', '234rr', NULL, 1, 1, 0, 14, NULL, NULL, NULL, NULL, NULL, NULL, 1, 1, 'execute', NULL, 'full', 60.00, 1, 2, 2, 1, 6, 3, 3, NULL, 1, 1, 1, NULL, NULL, NULL, '2025-05-05 09:44:36', '2025-05-11 00:23:50', 2, NULL, 0, NULL, NULL, 1),
(71, 'M89880320', '2025-05-06', '2025-05-07', NULL, '1000', '₼', NULL, '540', 'asdfav', 'sdfsdfsf', 'wqeqwe', NULL, 1, NULL, 1, 23, NULL, NULL, NULL, 'asd3123', NULL, NULL, 1, 1, 'execute', NULL, 'mix', 2.00, 1, 3, NULL, 2, 6, 1, 2, NULL, 1, 1, 1, NULL, NULL, NULL, '2025-05-06 09:00:09', '2025-05-06 09:04:24', 19, NULL, 0, NULL, NULL, 1),
(72, 'M16058172', '2025-05-06', '2025-05-30', 'test', '1040', '₼', NULL, '260', 'Ali', 'eddeedd', 'SD', NULL, 1, 0, 0, 14, NULL, NULL, NULL, '234543c', NULL, NULL, 1, 1, 'execute', NULL, 'mix', 40.00, 1, 2, NULL, 2, 6, 1, 2, NULL, 1, 1, 1, NULL, NULL, NULL, '2025-05-06 16:59:08', '2025-05-06 17:05:34', 13, NULL, 0, NULL, NULL, 1),
(73, 'F29739079', '2025-05-07', NULL, 'mebel', '3810', '₼', NULL, '23', NULL, 'Xian', 'SD', NULL, 1, 0, 0, NULL, NULL, NULL, NULL, 'asd2233', NULL, NULL, 1, NULL, 'execute', NULL, 'full', 5.40, 1, 1, 2, 1, 6, 2, 3, NULL, 1, 1, 1, NULL, NULL, NULL, '2025-05-07 09:54:41', '2025-05-07 10:06:38', 10, NULL, 0, NULL, NULL, 1),
(74, 'F51229484', '2025-05-10', NULL, 'dsfdsfdesc', NULL, NULL, NULL, '200', NULL, 'dsfdsf', NULL, NULL, 0, NULL, 0, 5, NULL, NULL, NULL, NULL, NULL, NULL, 1, NULL, 'draft', NULL, 'full', 105.00, 1, 3, 3, NULL, 1, NULL, NULL, NULL, NULL, NULL, NULL, NULL, NULL, NULL, '2025-05-10 17:26:06', '2025-05-10 17:26:06', 8, NULL, 0, NULL, NULL, 1),
(75, 'F46146605', '2025-05-11', NULL, 'aaafffttt', '9180', '₼', NULL, '343', NULL, 'Xian', NULL, NULL, 1, NULL, 0, 3, NULL, NULL, NULL, 'asdfadsf234', NULL, NULL, 1, NULL, 'draft', NULL, 'full', 18.00, 1, 2, 2, NULL, 6, NULL, NULL, NULL, NULL, NULL, NULL, NULL, NULL, NULL, '2025-05-11 14:14:35', '2025-07-16 08:29:45', 20, NULL, 0, NULL, NULL, 1),
(76, 'M86094060', '2025-05-12', NULL, 'somt', '632', NULL, NULL, '286', NULL, 'Xian', NULL, NULL, 1, NULL, 0, 7, NULL, NULL, NULL, '3d4ff56h', NULL, NULL, 1, NULL, 'rejected', NULL, 'mix', 27.00, 1, 2, NULL, NULL, 6, NULL, NULL, NULL, NULL, NULL, NULL, NULL, NULL, NULL, '2025-05-12 08:02:09', '2025-05-14 16:22:44', 17, NULL, 0, NULL, NULL, 1),
(77, 'M74007118', '2025-05-12', '2025-04-12', 'eeeeeewee', '682.8', '₼', NULL, '210', 'Ali', 'Xian', 'sadasd', 'erty', 1, 1, 0, 13, NULL, NULL, NULL, '23456uytre', NULL, NULL, 1, NULL, 'execute', NULL, 'mix', 16.00, 1, 2, NULL, 2, 6, 1, 2, NULL, 1, 1, 1, NULL, NULL, NULL, '2025-05-12 08:52:31', '2025-05-14 11:24:24', 21, NULL, 0, NULL, NULL, 1),
(78, 'M60369476', '2025-05-14', '2025-05-31', 'Test Sadiq', '105', '₼', NULL, '100', NULL, 'Alma', 'zsfzsfd', NULL, 0, 1, 0, 10, NULL, NULL, NULL, NULL, NULL, NULL, 1, 1, 'execute', NULL, 'mix', 100.00, 1, 1, NULL, 1, 1, 3, 3, NULL, 1, 1, 1, NULL, NULL, NULL, '2025-05-14 11:55:45', '2025-05-14 17:16:48', 7, NULL, 0, NULL, NULL, 1),
(79, 'A94191677', '2025-05-15', NULL, 'laptop', '44000', '¥', NULL, '234.34', NULL, 'emndnm', NULL, NULL, 0, NULL, 0, 12, NULL, NULL, NULL, NULL, 2, 3, 1, NULL, 'confirmed', NULL, 'automobile', 1728.00, 1, 1, 2, NULL, 1, NULL, NULL, NULL, NULL, NULL, NULL, 2, NULL, NULL, '2025-05-15 12:32:34', '2025-07-16 09:15:19', 22, NULL, 0, NULL, NULL, 1),
(80, 'M75616665', '2025-05-15', '2029-01-15', 'Armud', '1400', '₼', NULL, '150', 'Nurlan', 'Shanghai', 'shafayaet mehdiyev 136', NULL, 0, 0, 0, 3, NULL, NULL, NULL, NULL, NULL, NULL, 1, NULL, 'execute', NULL, 'mix', 6.00, 1, 2, NULL, 1, 7, 1, 3, NULL, 1, 1, 1, NULL, NULL, NULL, '2025-05-15 12:36:54', '2025-05-22 09:38:29', 22, NULL, 0, NULL, NULL, 1),
(81, 'M52970635', '2025-05-19', NULL, 'steeel', '550', '₼', NULL, '6000', 'drd', 'xian', 'dftrdfd', NULL, 0, 1, 0, NULL, NULL, NULL, NULL, NULL, NULL, NULL, 1, 1, 'execute', NULL, 'mix', 20.00, 1, 2, NULL, 1, NULL, NULL, NULL, NULL, 1, 1, 1, NULL, NULL, NULL, '2025-05-19 07:00:04', '2025-05-22 10:45:32', 23, NULL, 0, NULL, NULL, 1),
(82, 'A81567622', '2025-05-19', NULL, 'ZEEKR', '2500', '₼', NULL, NULL, NULL, 'Xian', 'hgfhg', NULL, 0, 0, 0, NULL, NULL, NULL, NULL, NULL, 2, NULL, 1, 1, 'execute', NULL, 'automobile', NULL, 1, 2, NULL, 1, 6, 1, 2, NULL, 1, 1, 1, 1, NULL, NULL, '2025-05-19 08:22:54', '2025-05-19 08:28:50', 12, NULL, 0, NULL, NULL, 1),
(83, 'M83354477', '2025-05-21', NULL, 'Test test', '105', NULL, NULL, '1000', NULL, 'Test', NULL, 'sdfdsf', 0, NULL, 0, NULL, NULL, NULL, NULL, NULL, NULL, NULL, 1, NULL, 'confirmed', NULL, 'mix', 60.00, 1, 1, NULL, NULL, 1, NULL, NULL, NULL, NULL, NULL, NULL, NULL, NULL, NULL, '2025-05-21 09:14:41', '2025-05-21 09:15:23', 19, NULL, 1, NULL, NULL, 1),
(84, 'M61001579', '2025-05-22', NULL, 'aldkhnawbsdc', '116.00', '₼', NULL, '2500', NULL, 'lksnoasnds', NULL, 'kjbhvbhbkj', 1, NULL, 0, NULL, NULL, NULL, NULL, 'ggg', NULL, NULL, 1, NULL, 'rejected', NULL, 'mix', 6.00, 1, 2, NULL, NULL, 7, NULL, NULL, NULL, 1, 1, 1, NULL, NULL, NULL, '2025-05-22 14:27:13', '2025-07-16 09:16:06', 21, NULL, 1, NULL, NULL, 1),
(85, 'M15945866', '2025-05-22', NULL, 'lhihihioi', '100', NULL, NULL, '10000', NULL, 'sdadxas', NULL, 'jnbhuuh', 1, NULL, 0, 10, NULL, NULL, NULL, 'kjuh', NULL, NULL, 0, NULL, 'confirmed', NULL, 'mix', 25.00, 1, 2, NULL, NULL, 7, NULL, NULL, NULL, NULL, NULL, NULL, NULL, NULL, NULL, '2025-05-22 14:33:28', '2025-05-22 14:33:28', 8, NULL, 1, NULL, NULL, 1),
(86, 'M68923382', '2025-05-22', NULL, 'mnkn', '110', '₼', NULL, '231550', NULL, 'Xian', NULL, NULL, 0, NULL, 0, NULL, NULL, NULL, NULL, NULL, NULL, NULL, 1, NULL, 'confirmed', NULL, 'mix', 37.50, 1, 2, NULL, NULL, 6, NULL, NULL, NULL, NULL, NULL, NULL, NULL, NULL, NULL, '2025-05-22 14:33:32', '2025-07-16 09:17:30', 22, NULL, 0, NULL, NULL, 1),
(87, 'M13404385', '2025-05-22', NULL, 'aaa', '6400', NULL, NULL, '231564', NULL, 'Xian', NULL, NULL, 0, NULL, 0, NULL, NULL, NULL, NULL, NULL, NULL, NULL, 1, NULL, 'confirmed', NULL, 'mix', 54.00, 1, 2, NULL, NULL, 6, NULL, NULL, NULL, NULL, NULL, NULL, NULL, NULL, NULL, '2025-05-22 14:42:36', '2025-07-11 12:34:19', 17, NULL, 0, NULL, NULL, 1),
(88, 'F61050056', '2025-05-23', NULL, 'hgvygugu', '2500', '₼', NULL, '10000', NULL, 'khgu', NULL, 'jnkjnjkn', 0, NULL, 1, 24, NULL, NULL, NULL, NULL, NULL, NULL, 1, NULL, 'execute', NULL, 'full', 40.00, 2, 2, 1, NULL, 7, NULL, NULL, NULL, 1, 1, 1, NULL, NULL, NULL, '2025-05-23 08:52:56', '2025-07-11 15:20:40', 12, NULL, 1, NULL, NULL, 1),
(89, 'M66019180', '2025-05-23', '2032-03-09', 'khibiub', '800', '₼', NULL, '10000', NULL, 'kuhuihi', 'sdf', NULL, 0, 0, 1, 554, NULL, NULL, NULL, NULL, NULL, NULL, 1, 1, 'execute', NULL, 'mix', 100.00, 1, 2, NULL, NULL, 7, 1, 2, NULL, 1, 1, 1, NULL, NULL, NULL, '2025-05-23 09:29:33', '2025-07-16 09:17:37', 23, NULL, 1, '1324rtedwsc', 'saddfaf', 1),
(90, 'M74229520', '2025-05-23', NULL, 'Ruth Salazar', NULL, '₼', NULL, '10000', NULL, 'Quis voluptatibus ip', NULL, 'Atque quasi veritati', 0, NULL, 0, NULL, NULL, NULL, NULL, NULL, NULL, NULL, 1, NULL, 'confirmed', NULL, 'mix', 10.00, 2, 2, NULL, NULL, 7, NULL, NULL, NULL, 1, 1, 1, NULL, NULL, NULL, '2025-05-23 09:52:50', '2025-07-11 15:15:52', 1, NULL, 0, NULL, NULL, 1),
(91, 'F76695629', '2025-05-23', NULL, 'aaa', NULL, NULL, NULL, '34336', NULL, 'Xian', NULL, NULL, 0, NULL, 0, NULL, NULL, NULL, NULL, NULL, NULL, NULL, 1, NULL, 'confirmed', NULL, 'full', 68.00, 1, 1, 2, NULL, 6, NULL, NULL, NULL, NULL, NULL, NULL, NULL, NULL, NULL, '2025-05-23 11:15:14', '2025-07-11 08:18:18', 2, NULL, 0, NULL, NULL, 1),
(92, 'F35614904', '2025-06-02', NULL, NULL, '392.12', '₼', NULL, '540', NULL, 'Xian', NULL, NULL, 0, NULL, 0, NULL, NULL, NULL, NULL, NULL, NULL, NULL, 1, NULL, 'execute', NULL, 'full', 3.00, 1, 2, 2, NULL, 6, NULL, NULL, NULL, 1, 1, 1, NULL, NULL, NULL, '2025-06-02 13:39:25', '2025-07-10 11:14:18', 21, NULL, 0, 'sdfgh54', 'safdggsd', 1),
(93, 'M84346850', '2025-07-08', '2015-09-08', 'metal', '499.82', '₼', NULL, '345', NULL, 'Xian', 'ewe', NULL, 0, 1, 1, NULL, NULL, NULL, NULL, NULL, NULL, NULL, 1, NULL, 'execute', NULL, 'mix', 4.00, 1, 2, NULL, 1, 6, 1, 2, NULL, 1, 1, 1, NULL, NULL, NULL, '2025-07-08 08:13:48', '2025-07-08 08:20:30', 13, NULL, 0, 'xcv56cx564cv', 'STTPTSZYL', 1),
(94, 'M97558640', '2025-07-14', '2026-06-15', 'dsfasdffdasf', '9200', '₼', NULL, '640', 'Ali', 'asdfsafasf', 'asdasd', NULL, 0, 1, 1, NULL, NULL, NULL, NULL, NULL, NULL, NULL, 1, NULL, 'execute', NULL, 'mix', 2.00, 2, 2, NULL, 2, 6, 2, 2, NULL, 1, 1, 1, NULL, NULL, NULL, '2025-07-14 10:24:32', '2025-07-15 13:24:01', 24, NULL, 0, 'sadf3423', 'asdfsdfasf', 1),
(95, 'F31601475', '2025-07-15', NULL, 'xxxxvxxxx', '31000', '¥', NULL, '266', 'Test Testov', 'Xian', NULL, NULL, 1, NULL, 1, NULL, NULL, NULL, NULL, NULL, NULL, NULL, 1, NULL, 'confirmed', NULL, 'full', 22.00, 1, 1, 2, NULL, 1, NULL, NULL, NULL, 1, 1, 1, NULL, NULL, NULL, '2025-07-15 12:48:09', '2025-07-25 13:47:47', 24, NULL, 0, NULL, NULL, 1),
(96, 'A46611876', '2027-01-21', '2025-08-05', 'ZEEKR', '5000', '$', NULL, NULL, NULL, 'Xian', '234', NULL, 0, 1, 0, NULL, NULL, NULL, NULL, NULL, 1, 1, 1, 0, 'execute', NULL, 'automobile', NULL, 1, 2, NULL, 3, 1, 2, 3, NULL, 1, 1, 1, 1, 2, NULL, '2025-07-21 12:26:46', '2025-07-21 12:29:42', 16, NULL, 1, '32423424', 'STTPTSZYL', 1),
(97, 'A17876748', '2025-07-21', '2025-07-31', 'Changan', '4250', '₼', NULL, NULL, 'Ali', 'Xian', 'ewe', NULL, 0, 1, 0, NULL, NULL, NULL, NULL, NULL, 2, NULL, 1, 1, 'execute', NULL, 'automobile', NULL, 1, 2, NULL, 2, 1, 1, 2, NULL, 1, 1, 1, 1, NULL, NULL, '2025-07-21 14:50:15', '2025-07-21 15:00:43', 19, NULL, 1, 'xcv56cx564cv', 'fasfasfafsd', 1),
(98, 'F55934622', '2025-07-23', '2026-03-23', 'Turba', '1200', '₼', NULL, '1231', NULL, 'asd', NULL, 'asd', 0, NULL, 0, 12, NULL, NULL, NULL, NULL, NULL, NULL, 1, NULL, 'execute', NULL, 'full', 1800.00, 1, 1, 2, NULL, 1, NULL, NULL, NULL, 1, 1, 1, NULL, NULL, NULL, '2025-07-23 07:55:32', '2025-07-23 08:31:06', 7, NULL, 0, NULL, NULL, 1),
(99, 'F56487677', '2025-07-23', NULL, 'test july', '1500', '₼', NULL, '1313', 'Tamraz İsgəndərov', 'shenzhen', NULL, NULL, 0, NULL, 0, 13, NULL, NULL, NULL, NULL, NULL, NULL, 1, NULL, 'execute', NULL, 'full', 2197.00, 1, 2, 1, NULL, 1, NULL, NULL, NULL, 1, 1, 1, NULL, NULL, NULL, '2025-07-23 08:06:58', '2025-07-25 13:35:31', 25, NULL, 1, NULL, NULL, 1),
(100, 'F41025109', '2025-07-23', '2025-07-23', 'My Test', '37.00', '₼', NULL, '100', 'Emin Salamov', 'My Test', 'khguhu', 'asfdsfsgsgregeras', 1, 1, 1, 3, NULL, NULL, NULL, 'asdc', NULL, NULL, 1, 1, 'execute', NULL, 'full', 17.00, 2, 1, 3, 1, 1, 1, 3, NULL, 1, 1, 1, NULL, NULL, NULL, '2025-07-23 15:05:02', '2025-07-23 15:50:49', 20, NULL, 1, '1324rtedwsc', 'kjbjjon', 5),
(101, 'F76022073', '2025-07-23', '2025-08-02', NULL, '48960', '¥', NULL, '540', 'Vucay Əliyev', 'Xian', 'safaff', NULL, 0, 1, 1, 3, NULL, NULL, NULL, NULL, NULL, NULL, 1, 1, 'execute', NULL, 'full', 43.00, 1, 2, 2, 2, 1, 1, 2, NULL, 1, 1, 1, NULL, NULL, NULL, '2025-07-23 16:02:27', '2025-07-23 16:08:08', 6, NULL, 0, 'adfsfasf', 'sdfassdf', 4),
(102, 'M30448958', '2025-07-25', NULL, 'Wood', NULL, NULL, NULL, '343', NULL, 'Xian', NULL, NULL, 0, NULL, 0, NULL, NULL, NULL, NULL, NULL, NULL, NULL, 1, NULL, 'draft', NULL, 'mix', 10.00, 1, 2, NULL, NULL, 1, NULL, NULL, NULL, NULL, NULL, NULL, NULL, NULL, NULL, '2025-07-25 13:25:32', '2025-07-25 13:25:32', 26, NULL, 1, NULL, NULL, 1),
(103, 'M89356093', '2025-07-28', NULL, NULL, '130', NULL, NULL, '60', NULL, 'XİAN', NULL, NULL, 0, NULL, 1, NULL, NULL, NULL, NULL, NULL, NULL, NULL, 1, NULL, 'confirmed', NULL, 'mix', 1.00, 1, 2, NULL, NULL, 21, NULL, NULL, NULL, NULL, NULL, NULL, NULL, NULL, NULL, '2025-07-28 13:07:00', '2025-07-28 13:07:00', 27, NULL, 0, NULL, NULL, 1);

-- --------------------------------------------------------

--
-- Table structure for table `order_expenses`
--

CREATE TABLE `order_expenses` (
  `id` bigint(20) UNSIGNED NOT NULL,
  `price` varchar(255) COLLATE utf8mb4_unicode_ci DEFAULT NULL,
  `remainder` varchar(255) COLLATE utf8mb4_unicode_ci DEFAULT NULL,
  `expense_type_id` bigint(20) UNSIGNED NOT NULL,
  `vendor_id` bigint(20) UNSIGNED NOT NULL,
  `payment_type_id` bigint(20) UNSIGNED NOT NULL,
  `order_id` bigint(20) UNSIGNED NOT NULL,
  `note` text COLLATE utf8mb4_unicode_ci,
  `created_at` timestamp NULL DEFAULT NULL,
  `updated_at` timestamp NULL DEFAULT NULL
) ENGINE=InnoDB DEFAULT CHARSET=utf8mb4 COLLATE=utf8mb4_unicode_ci;

-- --------------------------------------------------------

--
-- Table structure for table `order_factories`
--

CREATE TABLE `order_factories` (
  `id` bigint(20) UNSIGNED NOT NULL,
  `factory_id` bigint(20) UNSIGNED NOT NULL,
  `created_at` timestamp NULL DEFAULT NULL,
  `updated_at` timestamp NULL DEFAULT NULL,
  `order_item_id` bigint(20) UNSIGNED DEFAULT NULL
) ENGINE=InnoDB DEFAULT CHARSET=utf8mb4 COLLATE=utf8mb4_unicode_ci;

--
-- Dumping data for table `order_factories`
--

INSERT INTO `order_factories` (`id`, `factory_id`, `created_at`, `updated_at`, `order_item_id`) VALUES
(27, 19, NULL, '2025-07-23 16:41:50', 74),
(38, 28, NULL, '2025-07-23 16:41:50', 113),
(41, 31, NULL, '2025-07-23 16:41:50', 59),
(43, 33, NULL, '2025-07-23 16:41:50', 122),
(47, 32, NULL, '2025-07-23 16:41:50', 1),
(48, 6, NULL, '2025-07-23 16:41:50', 5),
(51, 36, NULL, '2025-07-23 16:41:50', 11),
(54, 38, NULL, '2025-07-23 16:41:50', 17),
(58, 35, NULL, '2025-07-23 16:41:50', 29),
(60, 41, NULL, '2025-07-23 16:41:50', 100),
(61, 9, NULL, '2025-07-23 16:41:50', 100),
(63, 39, NULL, '2025-07-23 16:41:50', 35),
(64, 42, NULL, '2025-07-23 16:41:50', 36),
(68, 20, NULL, '2025-07-23 16:41:50', 40),
(69, 43, NULL, '2025-07-23 16:41:50', 41),
(71, 41, NULL, '2025-07-23 16:41:50', 43),
(72, 40, NULL, '2025-07-23 16:41:50', 44),
(83, 37, NULL, '2025-07-23 16:41:50', 120),
(84, 44, NULL, '2025-07-23 16:41:50', 133),
(85, 45, NULL, '2025-07-23 16:41:50', 125),
(86, 46, NULL, '2025-07-23 16:41:50', 108),
(87, 47, NULL, '2025-07-23 16:41:50', 115),
(88, 48, NULL, '2025-07-23 16:41:50', 158),
(89, 49, NULL, '2025-07-23 16:41:50', 130),
(90, 50, NULL, '2025-07-23 16:41:50', 142),
(91, 51, NULL, '2025-07-23 16:41:50', 146),
(93, 53, NULL, '2025-07-23 16:41:50', 171),
(95, 55, NULL, '2025-07-23 16:41:50', 173),
(96, 57, NULL, '2025-07-23 16:41:50', 175),
(97, 57, NULL, '2025-07-23 16:41:50', 176),
(98, 57, NULL, '2025-07-23 16:41:50', 257),
(108, 58, NULL, '2025-07-23 16:41:50', 189),
(146, 59, NULL, '2025-07-23 16:41:50', 240),
(147, 52, NULL, '2025-07-23 16:41:50', 241),
(148, 39, NULL, '2025-07-23 16:41:50', 243),
(149, 54, NULL, '2025-07-23 16:41:50', 253),
(153, 57, NULL, '2025-07-23 16:41:50', 251),
(157, 63, NULL, '2025-07-23 16:41:50', 312),
(160, 64, NULL, '2025-07-23 16:41:50', 321),
(162, 66, NULL, NULL, 252),
(163, 67, NULL, NULL, 314),
(164, 68, NULL, NULL, NULL),
(165, 61, NULL, NULL, 256);

-- --------------------------------------------------------

--
-- Table structure for table `order_files`
--

CREATE TABLE `order_files` (
  `id` bigint(20) UNSIGNED NOT NULL,
  `file` varchar(255) COLLATE utf8mb4_unicode_ci DEFAULT NULL,
  `order_id` bigint(20) UNSIGNED NOT NULL,
  `created_at` timestamp NULL DEFAULT NULL,
  `updated_at` timestamp NULL DEFAULT NULL
) ENGINE=InnoDB DEFAULT CHARSET=utf8mb4 COLLATE=utf8mb4_unicode_ci;

--
-- Dumping data for table `order_files`
--

INSERT INTO `order_files` (`id`, `file`, `order_id`, `created_at`, `updated_at`) VALUES
(1, 'uploads/orders/28117445.xlsx', 1, '2025-03-07 11:34:06', '2025-03-07 11:34:06'),
(2, 'uploads/orders/39888781.xlsx', 2, '2025-03-08 04:26:52', '2025-03-08 04:26:52'),
(5, 'uploads/orders/72376604.webp', 23, '2025-03-17 14:51:23', '2025-03-17 14:51:23'),
(8, 'uploads/orders/74726774.xlsx', 30, '2025-03-20 07:15:27', '2025-03-20 07:15:27'),
(9, 'uploads/orders/17686851.JPG', 31, '2025-03-20 07:25:38', '2025-03-20 07:25:38'),
(11, 'uploads/orders/28725684.mp4', 41, '2025-03-31 21:45:45', '2025-03-31 21:45:45'),
(15, 'uploads/orders/53577484.webp', 47, '2025-04-14 10:16:34', '2025-04-14 10:16:34'),
(18, 'uploads/orders/70902055.webp', 53, '2025-04-19 08:25:19', '2025-04-19 08:25:19'),
(19, 'uploads/orders/32210960.webp', 54, '2025-04-19 08:32:20', '2025-04-19 08:32:20'),
(20, 'uploads/orders/61452884.JPG', 56, '2025-04-22 09:17:16', '2025-04-22 09:17:16'),
(21, 'uploads/orders/18241043.JPG', 57, '2025-04-22 10:42:08', '2025-04-22 10:42:08'),
(22, 'uploads/orders/10504544.JPG', 58, '2025-04-22 10:52:47', '2025-04-22 10:52:47'),
(23, 'uploads/orders/61734573.JPG', 59, '2025-04-22 10:55:00', '2025-04-22 10:55:00'),
(24, 'uploads/orders/54959852.webp', 60, '2025-04-22 12:53:17', '2025-04-22 12:53:17'),
(25, 'uploads/orders/98149262.webp', 63, '2025-04-24 08:09:06', '2025-04-24 08:09:06'),
(26, 'uploads/orders/94315675.webp', 64, '2025-04-24 08:23:18', '2025-04-24 08:23:18'),
(27, 'uploads/orders/64565962.JPG', 65, '2025-04-25 08:40:17', '2025-04-25 08:40:17'),
(28, 'uploads/orders/93149947.JPG', 66, '2025-04-25 08:45:09', '2025-04-25 08:45:09'),
(29, 'uploads/orders/95935116.webp', 67, '2025-04-28 12:10:09', '2025-04-28 12:10:09'),
(30, 'uploads/orders/58967820.pdf', 68, '2025-04-29 09:02:35', '2025-04-29 09:02:35'),
(31, 'uploads/orders/86436731.xlsx', 70, '2025-05-05 09:44:36', '2025-05-05 09:44:36'),
(32, 'uploads/orders/55352929.webp', 73, '2025-05-07 09:54:42', '2025-05-07 09:54:42'),
(33, 'uploads/orders/56726067.webp', 75, '2025-05-11 14:14:36', '2025-05-11 14:14:36'),
(34, 'uploads/orders/71216117.JPG', 77, '2025-05-12 08:52:31', '2025-05-12 08:52:31'),
(35, 'uploads/orders/61467522.webp', 81, '2025-05-19 07:00:04', '2025-05-19 07:00:04'),
(36, 'uploads/orders/85333603.pdf', 93, '2025-07-08 08:13:48', '2025-07-08 08:13:48'),
(37, 'uploads/orders/46713194.JPG', 95, '2025-07-15 12:48:09', '2025-07-15 12:48:09'),
(38, 'uploads/orders/68248029.JPG', 96, '2025-07-21 12:26:46', '2025-07-21 12:26:46'),
(39, 'uploads/orders/34973073.JPG', 97, '2025-07-21 14:50:15', '2025-07-21 14:50:15');

-- --------------------------------------------------------

--
-- Table structure for table `order_items`
--

CREATE TABLE `order_items` (
  `id` bigint(20) UNSIGNED NOT NULL,
  `order_id` bigint(20) UNSIGNED NOT NULL,
  `vin_code` varchar(255) COLLATE utf8mb4_unicode_ci DEFAULT NULL,
  `created_at` timestamp NULL DEFAULT NULL,
  `updated_at` timestamp NULL DEFAULT NULL,
  `cbm` decimal(8,2) DEFAULT NULL,
  `status` enum('draft','confirmed','execute','finished','rejected') COLLATE utf8mb4_unicode_ci NOT NULL,
  `handover` varchar(255) COLLATE utf8mb4_unicode_ci DEFAULT NULL
) ENGINE=InnoDB DEFAULT CHARSET=utf8mb4 COLLATE=utf8mb4_unicode_ci;

--
-- Dumping data for table `order_items`
--

INSERT INTO `order_items` (`id`, `order_id`, `vin_code`, `created_at`, `updated_at`, `cbm`, `status`, `handover`) VALUES
(1, 55, 'bubub', '2025-04-21 07:24:36', '2025-05-10 17:23:15', NULL, 'finished', NULL),
(2, 55, 'uhuh', '2025-04-21 07:24:36', '2025-05-10 17:23:15', NULL, 'finished', NULL),
(3, 55, NULL, '2025-04-21 07:24:36', '2025-05-10 17:23:15', NULL, 'finished', NULL),
(4, 55, NULL, '2025-04-21 07:24:36', '2025-05-10 17:23:15', NULL, 'finished', NULL),
(5, 17, NULL, '2025-04-22 10:22:31', '2025-05-10 17:23:15', NULL, 'execute', NULL),
(11, 60, 'fsdaf5125as1d2', '2025-04-22 13:11:58', '2025-05-10 17:23:15', NULL, 'finished', NULL),
(12, 60, 'rwe324ew', '2025-04-22 13:11:58', '2025-05-10 17:23:15', NULL, 'finished', NULL),
(13, 60, NULL, '2025-04-22 13:11:58', '2025-05-10 17:23:15', NULL, 'finished', NULL),
(14, 60, NULL, '2025-04-22 13:11:58', '2025-05-10 17:23:15', NULL, 'finished', NULL),
(17, 64, NULL, '2025-04-24 08:29:38', '2025-05-14 11:23:00', NULL, 'finished', 'uploads/orders/92451804.sql'),
(29, 59, NULL, '2025-04-25 11:07:35', '2025-05-10 17:23:15', NULL, 'finished', NULL),
(35, 65, 'dsadasdas', '2025-05-06 08:55:04', '2025-05-14 11:14:05', NULL, 'finished', 'uploads/orders/57378163.webp'),
(36, 71, NULL, '2025-05-06 09:04:13', '2025-05-15 16:23:48', NULL, 'finished', 'uploads/orders/77154904.webp'),
(40, 25, NULL, '2025-05-06 14:32:18', '2025-05-10 17:23:15', NULL, 'execute', NULL),
(41, 72, NULL, '2025-05-06 17:05:26', '2025-05-14 11:18:21', NULL, 'finished', 'uploads/orders/77775173.sql'),
(43, 73, NULL, '2025-05-07 10:06:29', '2025-05-14 11:21:59', NULL, 'finished', 'uploads/orders/58441165.JPG'),
(44, 68, 'dsadsad', '2025-05-07 14:28:11', '2025-05-15 16:54:32', NULL, 'finished', 'uploads/orders/92740764.webp'),
(45, 68, 'dasdasd', '2025-05-07 14:28:11', '2025-05-10 17:23:15', NULL, 'execute', NULL),
(46, 68, 'dasdasd', '2025-05-07 14:28:11', '2025-05-10 17:23:15', NULL, 'execute', NULL),
(49, 66, NULL, '2025-05-10 17:23:15', '2025-05-10 17:23:15', NULL, 'confirmed', NULL),
(50, 62, NULL, '2025-05-10 17:23:15', '2025-05-10 17:23:15', 61.60, 'draft', NULL),
(51, 61, NULL, '2025-05-10 17:23:15', '2025-05-10 17:23:15', 22.00, 'draft', NULL),
(52, 58, NULL, '2025-05-10 17:23:15', '2025-05-10 17:23:15', 4.00, 'draft', NULL),
(53, 57, NULL, '2025-05-10 17:23:15', '2025-05-10 17:23:15', 4.00, 'draft', NULL),
(54, 56, NULL, '2025-05-10 17:23:15', '2025-05-10 17:23:15', 4.00, 'draft', NULL),
(57, 51, NULL, '2025-05-10 17:23:15', '2025-05-10 17:23:15', 42.00, 'draft', NULL),
(58, 50, NULL, '2025-05-10 17:23:15', '2025-05-10 17:23:15', 65.00, 'draft', NULL),
(59, 49, NULL, '2025-05-10 17:23:15', '2025-05-10 17:23:15', NULL, 'execute', NULL),
(61, 41, NULL, '2025-05-10 17:23:15', '2025-05-10 17:23:15', 324.00, 'confirmed', NULL),
(63, 39, NULL, '2025-05-10 17:23:15', '2025-05-10 17:23:15', 2323.00, 'confirmed', NULL),
(64, 38, NULL, '2025-05-10 17:23:15', '2025-05-10 17:23:15', 58.00, 'draft', NULL),
(65, 36, NULL, '2025-05-10 17:23:15', '2025-05-10 17:23:15', 68.00, 'draft', NULL),
(66, 35, NULL, '2025-05-10 17:23:15', '2025-05-10 17:23:15', 20.00, 'draft', NULL),
(67, 34, NULL, '2025-05-10 17:23:15', '2025-05-10 17:23:15', 50.00, 'draft', NULL),
(68, 33, NULL, '2025-05-10 17:23:15', '2025-05-10 17:23:15', 50.00, 'draft', NULL),
(69, 32, NULL, '2025-05-10 17:23:15', '2025-05-10 17:23:15', 58.00, 'draft', NULL),
(71, 30, NULL, '2025-05-10 17:23:15', '2025-05-10 17:23:15', 68.00, 'draft', NULL),
(72, 28, NULL, '2025-05-10 17:23:15', '2025-05-10 17:23:15', 43.00, 'draft', NULL),
(73, 27, NULL, '2025-05-10 17:23:15', '2025-05-10 17:23:15', 74.00, 'draft', NULL),
(74, 26, NULL, '2025-05-10 17:23:15', '2025-05-10 17:23:15', 68.00, 'execute', NULL),
(75, 23, NULL, '2025-05-10 17:23:15', '2025-05-10 17:23:15', 1.00, 'confirmed', NULL),
(76, 22, NULL, '2025-05-10 17:23:15', '2025-05-10 17:23:15', 20.00, 'confirmed', NULL),
(77, 16, NULL, '2025-05-10 17:23:15', '2025-05-10 17:23:15', NULL, 'draft', NULL),
(78, 15, NULL, '2025-05-10 17:23:15', '2025-05-10 17:23:15', NULL, 'confirmed', NULL),
(79, 14, NULL, '2025-05-10 17:23:15', '2025-05-10 17:23:15', NULL, 'draft', NULL),
(80, 13, NULL, '2025-05-10 17:23:15', '2025-05-10 17:23:15', NULL, 'draft', NULL),
(81, 11, NULL, '2025-05-10 17:23:15', '2025-05-10 17:23:15', NULL, 'rejected', NULL),
(82, 10, NULL, '2025-05-10 17:23:15', '2025-05-10 17:23:15', NULL, 'confirmed', NULL),
(83, 8, NULL, '2025-05-10 17:23:15', '2025-05-10 17:23:15', NULL, 'draft', NULL),
(84, 5, NULL, '2025-05-10 17:23:15', '2025-05-10 17:23:15', NULL, 'rejected', NULL),
(85, 3, NULL, '2025-05-10 17:23:15', '2025-05-10 17:23:15', NULL, 'confirmed', NULL),
(86, 2, NULL, '2025-05-10 17:23:15', '2025-05-10 17:23:15', NULL, 'draft', NULL),
(87, 1, NULL, '2025-05-10 17:23:15', '2025-05-10 17:23:15', NULL, 'draft', NULL),
(88, 74, NULL, '2025-05-10 17:26:06', '2025-05-10 17:26:06', 105.00, 'draft', NULL),
(100, 70, NULL, '2025-05-11 00:24:38', '2025-05-11 00:24:38', 20.00, 'execute', NULL),
(101, 70, NULL, '2025-05-11 00:24:38', '2025-05-11 00:24:38', 30.00, 'execute', NULL),
(102, 75, NULL, '2025-05-11 14:14:36', '2025-05-11 14:14:36', 18.00, 'draft', NULL),
(104, 76, NULL, '2025-05-12 08:02:09', '2025-05-14 16:22:44', 27.00, 'rejected', NULL),
(108, 54, NULL, '2025-05-13 08:13:45', '2025-05-13 08:13:52', 6.20, 'execute', NULL),
(113, 40, NULL, '2025-05-13 11:53:13', '2025-05-13 11:53:13', 30.00, 'execute', NULL),
(114, 40, NULL, '2025-05-13 11:53:13', '2025-05-13 11:53:13', 20.00, 'execute', NULL),
(115, 47, NULL, '2025-05-13 12:05:22', '2025-05-26 09:29:42', 29.00, 'execute', NULL),
(120, 63, NULL, '2025-05-13 15:04:19', '2025-05-13 15:04:19', 10.00, 'execute', NULL),
(121, 63, NULL, '2025-05-13 15:04:19', '2025-05-13 15:04:19', 15.00, 'execute', NULL),
(122, 53, NULL, '2025-05-14 11:17:59', '2025-05-14 11:17:59', 10.00, 'execute', NULL),
(123, 53, NULL, '2025-05-14 11:17:59', '2025-05-14 11:17:59', 10.00, 'execute', NULL),
(124, 53, NULL, '2025-05-14 11:17:59', '2025-05-14 11:17:59', 5.00, 'execute', NULL),
(125, 77, NULL, '2025-05-14 11:24:42', '2025-05-14 11:24:42', 8.00, 'execute', NULL),
(126, 77, NULL, '2025-05-14 11:24:42', '2025-05-14 11:24:42', 8.00, 'execute', NULL),
(130, 31, NULL, '2025-05-14 14:15:29', '2025-05-14 14:15:29', 30.00, 'execute', NULL),
(131, 31, NULL, '2025-05-14 14:15:29', '2025-05-14 14:15:29', 20.00, 'execute', NULL),
(132, 31, NULL, '2025-05-14 14:15:29', '2025-05-14 14:15:29', 18.00, 'execute', NULL),
(133, 67, NULL, '2025-05-14 15:57:08', '2025-05-14 15:57:08', 4.00, 'execute', NULL),
(134, 67, NULL, '2025-05-14 15:57:08', '2025-05-14 15:57:08', 4.00, 'execute', NULL),
(135, 67, NULL, '2025-05-14 15:57:08', '2025-05-14 15:57:08', 3.00, 'execute', NULL),
(139, 79, NULL, '2025-05-15 12:32:34', '2025-07-16 09:15:19', 1728.00, 'confirmed', NULL),
(142, 80, NULL, '2025-05-15 16:14:48', '2025-05-15 16:14:48', 2.00, 'execute', NULL),
(143, 80, NULL, '2025-05-15 16:14:48', '2025-05-15 16:14:48', 4.00, 'execute', NULL),
(146, 81, NULL, '2025-05-19 07:57:32', '2025-05-19 07:57:32', 10.00, 'execute', NULL),
(147, 81, NULL, '2025-05-19 07:57:32', '2025-05-19 07:57:32', 10.00, 'execute', NULL),
(152, 69, NULL, '2025-05-21 09:13:27', '2025-05-21 09:13:27', 20.00, 'confirmed', NULL),
(153, 83, NULL, '2025-05-21 09:14:41', '2025-05-21 09:15:23', 60.00, 'confirmed', NULL),
(155, 85, NULL, '2025-05-22 14:33:28', '2025-05-22 14:33:28', 25.00, 'confirmed', NULL),
(156, 86, NULL, '2025-05-22 14:33:32', '2025-07-16 09:17:30', 37.50, 'confirmed', NULL),
(157, 87, NULL, '2025-05-22 14:42:36', '2025-07-11 12:34:19', 54.00, 'confirmed', NULL),
(158, 78, NULL, '2025-05-23 06:59:12', '2025-05-23 06:59:12', 100.00, 'execute', NULL),
(162, 91, NULL, '2025-05-23 11:15:14', '2025-07-11 08:18:18', 68.00, 'confirmed', NULL),
(171, 93, NULL, '2025-07-08 15:03:56', '2025-07-21 13:42:35', 4.00, 'finished', 'uploads/orders/12104003.pdf'),
(173, 92, NULL, '2025-07-09 12:01:14', '2025-07-10 11:14:18', 3.00, 'execute', NULL),
(175, 90, NULL, '2025-07-11 15:15:52', '2025-07-11 15:15:52', 10.00, 'confirmed', NULL),
(176, 84, NULL, '2025-07-11 15:20:04', '2025-07-16 09:16:06', 6.00, 'rejected', NULL),
(189, 94, NULL, '2025-07-15 13:23:55', '2025-07-15 13:24:01', 2.00, 'execute', NULL),
(240, 96, 'dawsdas', '2025-07-21 15:56:18', '2025-07-21 15:56:18', 22.67, 'execute', NULL),
(241, 82, 'ikmn', '2025-07-21 16:02:04', '2025-07-21 16:02:04', 22.67, 'execute', NULL),
(243, 97, 'zxxcasad434', '2025-07-21 16:07:27', '2025-07-21 16:07:27', 22.67, 'execute', NULL),
(251, 98, NULL, '2025-07-23 08:31:18', '2025-07-25 13:44:37', 900.00, 'finished', 'uploads/orders/51307211.webp'),
(252, 98, NULL, '2025-07-23 08:31:18', '2025-07-23 08:31:18', 900.00, 'execute', NULL),
(253, 89, NULL, '2025-07-23 09:25:10', '2025-07-23 09:25:10', 50.00, 'execute', NULL),
(254, 89, NULL, '2025-07-23 09:25:10', '2025-07-23 09:25:10', 50.00, 'execute', NULL),
(256, 95, NULL, '2025-07-23 12:45:31', '2025-07-23 12:45:31', 22.00, 'confirmed', NULL),
(257, 88, NULL, '2025-07-23 14:39:16', '2025-07-23 14:39:16', 15.00, 'execute', NULL),
(258, 88, NULL, '2025-07-23 14:39:16', '2025-07-23 14:39:16', 25.00, 'execute', NULL),
(312, 100, NULL, '2025-07-23 15:54:35', '2025-07-23 15:54:35', 58.00, 'execute', NULL),
(313, 100, NULL, '2025-07-23 15:54:35', '2025-07-23 15:54:35', 58.00, 'execute', NULL),
(314, 100, NULL, '2025-07-23 15:54:35', '2025-07-23 15:54:35', 58.00, 'execute', NULL),
(315, 100, NULL, '2025-07-23 15:54:35', '2025-07-23 15:54:35', 58.00, 'execute', NULL),
(316, 100, NULL, '2025-07-23 15:54:35', '2025-07-23 15:54:35', 58.00, 'execute', NULL),
(321, 101, NULL, '2025-07-23 16:08:08', '2025-07-23 16:08:08', 68.00, 'execute', NULL),
(322, 101, NULL, '2025-07-23 16:08:08', '2025-07-23 16:08:08', 68.00, 'execute', NULL),
(323, 101, NULL, '2025-07-23 16:08:08', '2025-07-23 16:08:08', 68.00, 'execute', NULL),
(324, 101, NULL, '2025-07-23 16:08:08', '2025-07-23 16:08:08', 68.00, 'execute', NULL),
(325, 102, NULL, '2025-07-25 13:25:32', '2025-07-25 13:25:32', 10.00, 'draft', NULL),
(326, 99, NULL, '2025-07-25 13:35:31', '2025-07-25 13:35:31', 74.00, 'execute', NULL),
(327, 103, NULL, '2025-07-28 13:07:00', '2025-07-28 13:07:00', 1.00, 'confirmed', NULL);

-- --------------------------------------------------------

--
-- Table structure for table `order_item_declarations`
--

CREATE TABLE `order_item_declarations` (
  `id` bigint(20) UNSIGNED NOT NULL,
  `file` varchar(255) COLLATE utf8mb4_unicode_ci DEFAULT NULL,
  `status` tinyint(1) NOT NULL DEFAULT '1',
  `order_item_id` bigint(20) UNSIGNED NOT NULL,
  `created_at` timestamp NULL DEFAULT NULL,
  `updated_at` timestamp NULL DEFAULT NULL
) ENGINE=InnoDB DEFAULT CHARSET=utf8mb4 COLLATE=utf8mb4_unicode_ci;

--
-- Dumping data for table `order_item_declarations`
--

INSERT INTO `order_item_declarations` (`id`, `file`, `status`, `order_item_id`, `created_at`, `updated_at`) VALUES
(1, 'uploads/orders/19402250.xlsx', 1, 1, '2025-04-21 10:28:32', '2025-04-21 10:28:32'),
(2, 'uploads/orders/58924341.xlsx', 1, 5, '2025-04-22 10:23:14', '2025-04-22 10:23:14'),
(5, 'uploads/orders/94612723.webp', 1, 11, '2025-04-22 13:12:55', '2025-04-22 13:12:55'),
(6, 'uploads/orders/84110456.webp', 1, 12, '2025-04-22 15:11:57', '2025-04-22 15:11:57'),
(7, 'uploads/orders/23069713.webp', 1, 17, '2025-04-24 08:32:04', '2025-04-24 08:32:04'),
(8, 'uploads/orders/39790518.xlsx', 1, 13, '2025-04-25 09:25:12', '2025-04-25 09:25:12'),
(16, 'uploads/orders/55842383.xlsx', 1, 29, '2025-04-29 09:42:14', '2025-04-29 09:42:14'),
(20, 'uploads/orders/90536337.webp', 1, 35, '2025-05-06 08:55:49', '2025-05-06 08:55:49'),
(21, 'uploads/orders/55418887.webp', 1, 36, '2025-05-06 09:06:45', '2025-05-06 09:06:45'),
(22, 'uploads/orders/36711786.xlsx', 1, 40, '2025-05-06 14:32:43', '2025-05-06 14:32:43'),
(23, 'uploads/orders/84096671.webp', 1, 41, '2025-05-06 17:06:15', '2025-05-06 17:06:15'),
(24, 'uploads/orders/29683639.webp', 1, 43, '2025-05-07 10:07:16', '2025-05-07 10:07:16'),
(25, 'uploads/orders/82034096.xlsx', 1, 44, '2025-05-08 10:39:25', '2025-05-08 10:39:25'),
(30, 'uploads/orders/36555026.webp', 1, 142, '2025-05-15 16:30:14', '2025-05-15 16:30:14'),
(32, 'uploads/orders/44135804.webp', 1, 146, '2025-05-19 07:59:39', '2025-05-19 07:59:39'),
(33, 'uploads/orders/88032758.webp', 1, 147, '2025-05-22 09:52:32', '2025-05-22 09:52:32'),
(40, 'uploads/orders/89392727.pdf', 1, 171, '2025-07-08 15:04:26', '2025-07-08 15:04:26'),
(41, 'uploads/orders/82051516.webp', 1, 189, '2025-07-18 11:28:35', '2025-07-18 11:28:35'),
(42, 'uploads/orders/36540705.webp', 1, 173, '2025-07-18 11:32:09', '2025-07-18 11:32:09'),
(44, 'uploads/orders/54165074.xlsx', 1, 130, '2025-07-18 14:51:27', '2025-07-18 14:51:27'),
(52, 'uploads/orders/88110861.JPG', 1, 143, '2025-07-21 12:22:36', '2025-07-21 12:22:36'),
(62, 'uploads/orders/38566221.JPG', 1, 240, '2025-07-21 15:56:18', '2025-07-21 15:56:18'),
(63, 'uploads/orders/26698026.docx', 1, 241, '2025-07-21 16:02:04', '2025-07-21 16:02:04'),
(64, 'uploads/orders/92537926.JPG', 1, 243, '2025-07-21 16:07:27', '2025-07-21 16:07:27'),
(66, 'uploads/orders/42813302.webp', 1, 251, '2025-07-23 08:32:03', '2025-07-23 08:32:03'),
(67, 'uploads/orders/27726263.webp', 1, 321, '2025-07-24 17:10:10', '2025-07-24 17:10:10'),
(68, 'uploads/orders/63677930.webp', 1, 252, '2025-07-24 17:11:21', '2025-07-24 17:11:21'),
(69, 'uploads/orders/17038037.webp', 1, 312, '2025-07-25 13:38:26', '2025-07-25 13:38:26');

-- --------------------------------------------------------

--
-- Table structure for table `order_item_images`
--

CREATE TABLE `order_item_images` (
  `id` bigint(20) UNSIGNED NOT NULL,
  `image` varchar(255) COLLATE utf8mb4_unicode_ci DEFAULT NULL,
  `order_item_id` bigint(20) UNSIGNED NOT NULL,
  `created_at` timestamp NULL DEFAULT NULL,
  `updated_at` timestamp NULL DEFAULT NULL
) ENGINE=InnoDB DEFAULT CHARSET=utf8mb4 COLLATE=utf8mb4_unicode_ci;

--
-- Dumping data for table `order_item_images`
--

INSERT INTO `order_item_images` (`id`, `image`, `order_item_id`, `created_at`, `updated_at`) VALUES
(1, 'uploads/orders/82867026.svg', 1, '2025-04-21 10:53:15', '2025-04-21 10:53:15'),
(2, 'uploads/orders/97500311.webp', 5, '2025-04-22 10:23:28', '2025-04-22 10:23:28'),
(5, 'uploads/orders/85266525.webp', 11, '2025-04-22 13:13:06', '2025-04-22 13:13:06'),
(6, 'uploads/orders/80204824.webp', 12, '2025-04-22 15:12:06', '2025-04-22 15:12:06'),
(7, 'uploads/orders/99831304.webp', 17, '2025-04-24 08:32:27', '2025-04-24 08:32:27'),
(8, 'uploads/orders/93037329.svg', 13, '2025-04-25 09:25:35', '2025-04-25 09:25:35'),
(17, 'uploads/orders/77973011.webp', 29, '2025-04-29 09:42:26', '2025-04-29 09:42:26'),
(20, 'uploads/orders/31109182.webp', 35, '2025-05-06 08:56:01', '2025-05-06 08:56:01'),
(21, 'uploads/orders/79630940.webp', 36, '2025-05-06 09:07:15', '2025-05-06 09:07:15'),
(22, 'uploads/orders/44433996.svg', 40, '2025-05-06 14:33:02', '2025-05-06 14:33:02'),
(23, 'uploads/orders/40430626.webp', 41, '2025-05-06 17:06:27', '2025-05-06 17:06:27'),
(24, 'uploads/orders/39005641.webp', 43, '2025-05-07 10:07:47', '2025-05-07 10:07:47'),
(25, 'uploads/orders/83740031.webp', 44, '2025-05-08 10:39:47', '2025-05-08 10:39:47'),
(28, 'uploads/orders/32943855.webp', 142, '2025-05-15 16:30:31', '2025-05-15 16:30:31'),
(30, 'uploads/orders/74732880.webp', 146, '2025-05-19 08:00:33', '2025-05-19 08:00:33'),
(31, 'uploads/orders/27927148.webp', 147, '2025-05-22 09:52:43', '2025-05-22 09:52:43'),
(33, 'uploads/orders/45123805.JPG', 171, '2025-07-08 15:48:07', '2025-07-08 15:48:07'),
(34, 'uploads/orders/55794996.webp', 189, '2025-07-18 11:29:14', '2025-07-18 11:29:14'),
(35, 'uploads/orders/11055634.webp', 173, '2025-07-18 11:32:45', '2025-07-18 11:32:45'),
(37, 'uploads/orders/30466154.webp', 130, '2025-07-18 14:51:56', '2025-07-18 14:51:56'),
(43, 'uploads/orders/76518021.JPG', 143, '2025-07-21 12:23:02', '2025-07-21 12:23:02'),
(52, 'uploads/orders/62700508.JPG', 240, '2025-07-21 15:56:18', '2025-07-21 15:56:18'),
(54, 'uploads/orders/63823090.JPG', 241, '2025-07-21 16:02:04', '2025-07-21 16:02:04'),
(55, 'uploads/orders/45821716.JPG', 243, '2025-07-21 16:07:27', '2025-07-21 16:07:27'),
(57, 'uploads/orders/30045980.webp', 251, '2025-07-23 08:34:13', '2025-07-23 08:34:13'),
(58, 'uploads/orders/42873258.webp', 321, '2025-07-24 17:10:36', '2025-07-24 17:10:36'),
(59, 'uploads/orders/45292445.webp', 252, '2025-07-24 17:11:47', '2025-07-24 17:11:47'),
(60, 'uploads/orders/56860826.webp', 312, '2025-07-25 13:38:49', '2025-07-25 13:38:49');

-- --------------------------------------------------------

--
-- Table structure for table `order_item_railway_bills`
--

CREATE TABLE `order_item_railway_bills` (
  `id` bigint(20) UNSIGNED NOT NULL,
  `file` varchar(255) COLLATE utf8mb4_unicode_ci DEFAULT NULL,
  `status` tinyint(1) NOT NULL DEFAULT '0',
  `order_item_id` bigint(20) UNSIGNED NOT NULL,
  `created_at` timestamp NULL DEFAULT NULL,
  `updated_at` timestamp NULL DEFAULT NULL,
  `notified_at` timestamp NULL DEFAULT NULL
) ENGINE=InnoDB DEFAULT CHARSET=utf8mb4 COLLATE=utf8mb4_unicode_ci;

--
-- Dumping data for table `order_item_railway_bills`
--

INSERT INTO `order_item_railway_bills` (`id`, `file`, `status`, `order_item_id`, `created_at`, `updated_at`, `notified_at`) VALUES
(1, 'uploads/orders/69736040.xlsx', 1, 1, '2025-04-21 08:26:42', '2025-04-21 10:49:15', NULL),
(2, 'uploads/orders/42353084.xlsx', 2, 2, '2025-04-21 11:13:07', '2025-04-21 11:13:15', NULL),
(3, 'uploads/orders/53985295.xlsx', 1, 5, '2025-04-22 10:23:06', '2025-04-22 10:27:31', NULL),
(6, 'uploads/orders/77069658.webp', 1, 11, '2025-04-22 13:12:47', '2025-04-22 13:13:32', NULL),
(7, 'uploads/orders/69422002.webp', 1, 12, '2025-04-22 15:11:46', '2025-04-22 15:12:17', NULL),
(8, 'uploads/orders/39236285.webp', 1, 17, '2025-04-24 08:31:49', '2025-04-24 08:33:59', NULL),
(9, 'uploads/orders/66498042.xlsx', 1, 13, '2025-04-24 16:57:06', '2025-04-25 09:24:49', NULL),
(10, 'uploads/orders/62061604.xlsx', 1, 14, '2025-04-25 08:33:30', '2025-04-25 08:42:12', NULL),
(18, 'uploads/orders/79944667.docx', 1, 29, '2025-04-29 09:42:06', '2025-04-29 09:42:35', NULL),
(22, 'uploads/orders/39693304.JPG', 1, 35, '2025-05-06 08:55:32', '2025-05-06 08:56:11', NULL),
(23, 'uploads/orders/51611642.webp', 1, 36, '2025-05-06 09:06:24', '2025-05-06 09:08:47', NULL),
(24, 'uploads/orders/61613269.xlsx', 1, 40, '2025-05-06 14:32:34', '2025-05-06 14:33:12', NULL),
(25, 'uploads/orders/80897311.webp', 1, 41, '2025-05-06 17:06:04', '2025-05-06 17:14:49', NULL),
(26, 'uploads/orders/77922953.webp', 1, 43, '2025-05-07 10:07:00', '2025-05-07 10:08:35', NULL),
(27, 'uploads/orders/41129232.xlsx', 1, 44, '2025-05-08 10:39:12', '2025-05-08 10:39:57', NULL),
(31, 'uploads/orders/84230262.JPG', 1, 126, '2025-05-14 15:44:30', '2025-05-14 15:45:24', NULL),
(32, 'uploads/orders/45196487.webp', 1, 133, '2025-05-14 15:59:05', '2025-05-14 17:15:41', NULL),
(34, 'uploads/orders/49913982.webp', 1, 142, '2025-05-15 16:30:02', '2025-05-15 16:34:01', NULL),
(36, 'uploads/orders/14371483.webp', 1, 146, '2025-05-19 07:58:28', '2025-05-19 08:02:04', NULL),
(37, 'uploads/orders/23760118.PNG', 1, 147, '2025-05-22 09:51:19', '2025-05-22 09:53:01', NULL),
(38, 'uploads/orders/91405163.JPG', 1, 143, '2025-05-21 11:59:29', '2025-07-21 12:23:35', '2025-07-21 12:23:26'),
(42, 'uploads/orders/24875054.JPG', 0, 158, '2025-06-06 11:48:04', '2025-07-28 08:14:33', '2025-07-28 08:14:33'),
(45, 'uploads/orders/27108628.pdf', 1, 171, '2025-07-08 15:04:14', '2025-07-08 15:48:28', NULL),
(46, 'uploads/orders/26376398.webp', 1, 189, '2025-07-18 11:28:24', '2025-07-18 11:30:52', NULL),
(47, 'uploads/orders/29735957.webp', 1, 173, '2025-07-18 11:31:59', '2025-07-18 11:32:55', NULL),
(49, 'uploads/orders/52004440.xlsx', 1, 130, '2025-07-18 14:51:17', '2025-07-18 14:52:08', NULL),
(69, 'uploads/orders/51422910.JPG', 1, 240, '2025-07-21 15:56:18', '2025-07-21 15:56:18', NULL),
(70, 'uploads/orders/69398890.webp', 1, 241, '2025-07-21 16:02:04', '2025-07-21 16:02:21', NULL),
(71, 'uploads/orders/25953449.JPG', 1, 243, '2025-07-21 16:07:27', '2025-07-21 16:07:27', NULL),
(73, 'uploads/orders/27274451.webp', 1, 251, '2025-07-23 08:31:44', '2025-07-23 08:34:47', NULL),
(74, 'uploads/orders/44704070.webp', 1, 321, '2025-07-24 17:09:59', '2025-07-24 17:10:46', NULL),
(75, 'uploads/orders/31686390.webp', 1, 252, '2025-07-24 17:11:10', '2025-07-24 17:11:57', NULL),
(76, 'uploads/orders/27080677.webp', 1, 312, '2025-07-25 13:36:25', '2025-07-25 13:38:16', NULL);

-- --------------------------------------------------------

--
-- Table structure for table `order_item_railway_status_changes`
--

CREATE TABLE `order_item_railway_status_changes` (
  `id` bigint(20) UNSIGNED NOT NULL,
  `status` varchar(255) COLLATE utf8mb4_unicode_ci NOT NULL,
  `order_item_railway_bill_id` bigint(20) UNSIGNED NOT NULL,
  `created_at` timestamp NULL DEFAULT NULL,
  `updated_at` timestamp NULL DEFAULT NULL,
  `file` varchar(255) COLLATE utf8mb4_unicode_ci DEFAULT NULL
) ENGINE=InnoDB DEFAULT CHARSET=utf8mb4 COLLATE=utf8mb4_unicode_ci;

--
-- Dumping data for table `order_item_railway_status_changes`
--

INSERT INTO `order_item_railway_status_changes` (`id`, `status`, `order_item_railway_bill_id`, `created_at`, `updated_at`, `file`) VALUES
(1, 'Yükləndi', 10, '2025-04-25 08:33:30', '2025-04-25 08:33:30', NULL),
(2, 'Ləğv olundu', 10, '2025-04-25 08:41:40', '2025-04-25 08:41:40', NULL),
(3, 'Yenidən yükləndi', 10, '2025-04-25 08:42:01', '2025-04-25 08:42:01', NULL),
(4, 'Təsdiqləndi', 10, '2025-04-25 08:42:12', '2025-04-25 08:42:12', NULL),
(5, 'Təsdiqləndi', 9, '2025-04-25 09:24:49', '2025-04-25 09:24:49', NULL),
(23, 'Yükləndi', 18, '2025-04-29 09:42:06', '2025-04-29 09:42:06', NULL),
(24, 'Təsdiqləndi', 18, '2025-04-29 09:42:35', '2025-04-29 09:42:35', NULL),
(39, 'Yükləndi', 22, '2025-05-06 08:55:32', '2025-05-06 08:55:32', 'uploads/orders/39693304.JPG'),
(40, 'Təsdiqləndi', 22, '2025-05-06 08:56:11', '2025-05-06 08:56:11', 'uploads/orders/39693304.JPG'),
(41, 'Yükləndi', 23, '2025-05-06 09:06:24', '2025-05-06 09:06:24', 'uploads/orders/51611642.webp'),
(42, 'Təsdiqləndi', 23, '2025-05-06 09:08:47', '2025-05-06 09:08:47', 'uploads/orders/51611642.webp'),
(43, 'Yükləndi', 24, '2025-05-06 14:32:34', '2025-05-06 14:32:34', 'uploads/orders/61613269.xlsx'),
(44, 'Təsdiqləndi', 24, '2025-05-06 14:33:12', '2025-05-06 14:33:12', 'uploads/orders/61613269.xlsx'),
(45, 'Yükləndi', 25, '2025-05-06 17:06:04', '2025-05-06 17:06:04', 'uploads/orders/57224904.webp'),
(46, 'Ləğv olundu', 25, '2025-05-06 17:06:52', '2025-05-06 17:06:52', 'uploads/orders/57224904.webp'),
(47, 'Yenidən yükləndi', 25, '2025-05-06 17:11:36', '2025-05-06 17:11:36', 'uploads/orders/80897311.webp'),
(48, 'Təsdiqləndi', 25, '2025-05-06 17:14:49', '2025-05-06 17:14:49', 'uploads/orders/80897311.webp'),
(49, 'Yükləndi', 26, '2025-05-07 10:07:00', '2025-05-07 10:07:00', 'uploads/orders/77922953.webp'),
(50, 'Təsdiqləndi', 26, '2025-05-07 10:08:35', '2025-05-07 10:08:35', 'uploads/orders/77922953.webp'),
(51, 'Yükləndi', 27, '2025-05-08 10:39:12', '2025-05-08 10:39:12', 'uploads/orders/41129232.xlsx'),
(52, 'Təsdiqləndi', 27, '2025-05-08 10:39:57', '2025-05-08 10:39:57', 'uploads/orders/41129232.xlsx'),
(57, 'Yükləndi', 31, '2025-05-14 15:44:30', '2025-05-14 15:44:30', 'uploads/orders/57101473.webp'),
(58, 'Ləğv olundu', 31, '2025-05-14 15:44:40', '2025-05-14 15:44:40', 'uploads/orders/57101473.webp'),
(59, 'Yenidən yükləndi', 31, '2025-05-14 15:45:11', '2025-05-14 15:45:11', 'uploads/orders/84230262.JPG'),
(60, 'Təsdiqləndi', 31, '2025-05-14 15:45:24', '2025-05-14 15:45:24', 'uploads/orders/84230262.JPG'),
(62, 'Yükləndi', 32, '2025-05-14 15:59:05', '2025-05-14 15:59:05', 'uploads/orders/95928845.webp'),
(63, 'Yenidən yükləndi', 32, '2025-05-14 15:59:09', '2025-05-14 15:59:09', 'uploads/orders/45196487.webp'),
(64, 'Təsdiqləndi', 32, '2025-05-14 17:15:41', '2025-05-14 17:15:41', 'uploads/orders/45196487.webp'),
(67, 'Yükləndi', 34, '2025-05-15 16:30:02', '2025-05-15 16:30:02', 'uploads/orders/49913982.webp'),
(68, 'Təsdiqləndi', 34, '2025-05-15 16:34:01', '2025-05-15 16:34:01', 'uploads/orders/49913982.webp'),
(74, 'Yükləndi', 36, '2025-05-19 07:58:28', '2025-05-19 07:58:28', 'uploads/orders/14371483.webp'),
(75, 'Təsdiqləndi', 36, '2025-05-19 08:02:04', '2025-05-19 08:02:04', 'uploads/orders/14371483.webp'),
(76, 'Yükləndi', 37, '2025-05-22 09:51:19', '2025-05-22 09:51:19', 'uploads/orders/23760118.PNG'),
(77, 'Təsdiqləndi', 37, '2025-05-22 09:53:01', '2025-05-22 09:53:01', 'uploads/orders/23760118.PNG'),
(78, 'Yükləndi', 38, '2025-05-22 11:59:29', '2025-05-22 11:59:29', 'uploads/orders/82281901.webp'),
(83, 'Yükləndi', 42, '2025-06-06 11:48:04', '2025-06-06 11:48:04', 'uploads/orders/24875054.JPG'),
(84, 'Ləğv olundu', 38, '2025-06-06 11:48:25', '2025-06-06 11:48:25', 'uploads/orders/82281901.webp'),
(90, 'Yükləndi', 45, '2025-07-08 15:04:14', '2025-07-08 15:04:14', 'uploads/orders/27108628.pdf'),
(91, 'Təsdiqləndi', 45, '2025-07-08 15:48:28', '2025-07-08 15:48:28', 'uploads/orders/27108628.pdf'),
(92, 'Yükləndi', 46, '2025-07-18 11:28:24', '2025-07-18 11:28:24', 'uploads/orders/71493096.JPG'),
(93, 'Ləğv olundu', 46, '2025-07-18 11:30:06', '2025-07-18 11:30:06', 'uploads/orders/71493096.JPG'),
(94, 'Yenidən yükləndi', 46, '2025-07-18 11:30:42', '2025-07-18 11:30:42', 'uploads/orders/26376398.webp'),
(95, 'Təsdiqləndi', 46, '2025-07-18 11:30:52', '2025-07-18 11:30:52', 'uploads/orders/26376398.webp'),
(96, 'Yükləndi', 47, '2025-07-18 11:31:59', '2025-07-18 11:31:59', 'uploads/orders/29735957.webp'),
(97, 'Təsdiqləndi', 47, '2025-07-18 11:32:55', '2025-07-18 11:32:55', 'uploads/orders/29735957.webp'),
(99, 'Yükləndi', 49, '2025-07-18 14:51:17', '2025-07-18 14:51:17', 'uploads/orders/52004440.xlsx'),
(100, 'Təsdiqləndi', 49, '2025-07-18 14:52:08', '2025-07-18 14:52:08', 'uploads/orders/52004440.xlsx'),
(113, 'Yenidən yükləndi', 38, '2025-07-21 12:23:25', '2025-07-21 12:23:25', 'uploads/orders/91405163.JPG'),
(114, 'Təsdiqləndi', 38, '2025-07-21 12:23:35', '2025-07-21 12:23:35', 'uploads/orders/91405163.JPG'),
(127, 'Təsdiqləndi', 70, '2025-07-21 16:02:21', '2025-07-21 16:02:21', 'uploads/orders/69398890.webp'),
(130, 'Yükləndi', 73, '2025-07-23 08:31:44', '2025-07-23 08:31:44', 'uploads/orders/27274451.webp'),
(131, 'Təsdiqləndi', 73, '2025-07-23 08:34:47', '2025-07-23 08:34:47', 'uploads/orders/27274451.webp'),
(132, 'Yükləndi', 74, '2025-07-24 17:09:59', '2025-07-24 17:09:59', 'uploads/orders/44704070.webp'),
(133, 'Təsdiqləndi', 74, '2025-07-24 17:10:46', '2025-07-24 17:10:46', 'uploads/orders/44704070.webp'),
(134, 'Yükləndi', 75, '2025-07-24 17:11:10', '2025-07-24 17:11:10', 'uploads/orders/31686390.webp'),
(135, 'Təsdiqləndi', 75, '2025-07-24 17:11:57', '2025-07-24 17:11:57', 'uploads/orders/31686390.webp'),
(136, 'Yükləndi', 76, '2025-07-25 13:36:26', '2025-07-25 13:36:26', 'uploads/orders/51761370.webp'),
(137, 'Ləğv olundu', 76, '2025-07-25 13:37:09', '2025-07-25 13:37:09', 'uploads/orders/51761370.webp'),
(138, 'Yenidən yükləndi', 76, '2025-07-25 13:38:00', '2025-07-25 13:38:00', 'uploads/orders/27080677.webp'),
(139, 'Təsdiqləndi', 76, '2025-07-25 13:38:16', '2025-07-25 13:38:16', 'uploads/orders/27080677.webp');

-- --------------------------------------------------------

--
-- Table structure for table `order_item_short_declarations`
--

CREATE TABLE `order_item_short_declarations` (
  `id` bigint(20) UNSIGNED NOT NULL,
  `file` varchar(255) COLLATE utf8mb4_unicode_ci DEFAULT NULL,
  `order_item_id` bigint(20) UNSIGNED NOT NULL,
  `created_at` timestamp NULL DEFAULT NULL,
  `updated_at` timestamp NULL DEFAULT NULL
) ENGINE=InnoDB DEFAULT CHARSET=utf8mb4 COLLATE=utf8mb4_unicode_ci;

--
-- Dumping data for table `order_item_short_declarations`
--

INSERT INTO `order_item_short_declarations` (`id`, `file`, `order_item_id`, `created_at`, `updated_at`) VALUES
(1, 'uploads/orders/89622631.sql', 146, '2025-06-03 09:13:19', '2025-06-03 09:13:28'),
(3, 'uploads/orders/91526128.pdf', 171, '2025-07-08 15:04:42', '2025-07-08 15:04:42'),
(4, 'uploads/orders/60278227.webp', 189, '2025-07-18 11:28:47', '2025-07-18 11:28:47'),
(5, 'uploads/orders/68233648.JPG', 173, '2025-07-18 11:32:29', '2025-07-18 11:32:29'),
(7, 'uploads/orders/67189015.xlsx', 130, '2025-07-18 14:51:36', '2025-07-18 14:51:36'),
(14, 'uploads/orders/45537786.JPG', 143, '2025-07-21 12:22:48', '2025-07-21 12:22:48'),
(24, 'uploads/orders/13381236.JPG', 240, '2025-07-21 15:56:18', '2025-07-21 15:56:18'),
(25, 'uploads/orders/94785850.webp', 241, '2025-07-21 16:02:04', '2025-07-21 16:02:04'),
(26, 'uploads/orders/69675230.JPG', 243, '2025-07-21 16:07:27', '2025-07-21 16:07:27'),
(28, 'uploads/orders/17236797.webp', 251, '2025-07-23 08:32:33', '2025-07-23 08:32:33'),
(29, 'uploads/orders/46180466.pdf', 321, '2025-07-24 17:10:22', '2025-07-24 17:10:22'),
(30, 'uploads/orders/79004088.webp', 252, '2025-07-24 17:11:34', '2025-07-24 17:11:34'),
(31, 'uploads/orders/61618069.webp', 312, '2025-07-25 13:38:39', '2025-07-25 13:38:39');

-- --------------------------------------------------------

--
-- Table structure for table `order_item_status_changes`
--

CREATE TABLE `order_item_status_changes` (
  `id` bigint(20) UNSIGNED NOT NULL,
  `status` enum('draft','confirmed','execute','finished','rejected') COLLATE utf8mb4_unicode_ci NOT NULL,
  `order_item_id` bigint(20) UNSIGNED NOT NULL,
  `created_at` timestamp NULL DEFAULT NULL,
  `updated_at` timestamp NULL DEFAULT NULL
) ENGINE=InnoDB DEFAULT CHARSET=utf8mb4 COLLATE=utf8mb4_unicode_ci;

--
-- Dumping data for table `order_item_status_changes`
--

INSERT INTO `order_item_status_changes` (`id`, `status`, `order_item_id`, `created_at`, `updated_at`) VALUES
(1, 'draft', 88, '2025-05-10 17:26:06', '2025-05-10 17:26:06'),
(4, 'draft', 102, '2025-05-11 14:14:36', '2025-05-11 14:14:36'),
(7, 'draft', 104, '2025-05-12 08:02:09', '2025-05-12 08:02:09'),
(171, 'draft', 87, '2025-05-14 11:02:05', '2025-05-14 11:02:05'),
(172, 'draft', 86, '2025-05-14 11:02:05', '2025-05-14 11:02:05'),
(173, 'draft', 85, '2025-05-14 11:02:05', '2025-05-14 11:02:05'),
(174, 'confirmed', 85, '2025-05-14 11:02:05', '2025-05-14 11:02:05'),
(175, 'draft', 84, '2025-05-14 11:02:05', '2025-05-14 11:02:05'),
(176, 'rejected', 84, '2025-05-14 11:02:05', '2025-05-14 11:02:05'),
(177, 'draft', 83, '2025-05-14 11:02:05', '2025-05-14 11:02:05'),
(178, 'draft', 82, '2025-05-14 11:02:05', '2025-05-14 11:02:05'),
(179, 'confirmed', 82, '2025-05-14 11:02:05', '2025-05-14 11:02:05'),
(180, 'draft', 81, '2025-05-14 11:02:05', '2025-05-14 11:02:05'),
(181, 'draft', 80, '2025-05-14 11:02:05', '2025-05-14 11:02:05'),
(182, 'draft', 79, '2025-05-14 11:02:05', '2025-05-14 11:02:05'),
(183, 'draft', 78, '2025-05-14 11:02:05', '2025-05-14 11:02:05'),
(184, 'rejected', 78, '2025-05-14 11:02:05', '2025-05-14 11:02:05'),
(185, 'rejected', 81, '2025-05-14 11:02:05', '2025-05-14 11:02:05'),
(186, 'draft', 77, '2025-05-14 11:02:05', '2025-05-14 11:02:05'),
(187, 'draft', 5, '2025-05-14 11:02:05', '2025-05-14 11:02:05'),
(188, 'confirmed', 5, '2025-05-14 11:02:05', '2025-05-14 11:02:05'),
(189, 'draft', 76, '2025-05-14 11:02:05', '2025-05-14 11:02:05'),
(190, 'confirmed', 76, '2025-05-14 11:02:05', '2025-05-14 11:02:05'),
(191, 'draft', 75, '2025-05-14 11:02:05', '2025-05-14 11:02:05'),
(192, 'confirmed', 75, '2025-05-14 11:02:05', '2025-05-14 11:02:05'),
(193, 'draft', 40, '2025-05-14 11:02:05', '2025-05-14 11:02:05'),
(194, 'confirmed', 40, '2025-05-14 11:02:05', '2025-05-14 11:02:05'),
(195, 'draft', 74, '2025-05-14 11:02:05', '2025-05-14 11:02:05'),
(196, 'confirmed', 74, '2025-05-14 11:02:05', '2025-05-14 11:02:05'),
(197, 'draft', 73, '2025-05-14 11:02:05', '2025-05-14 11:02:05'),
(198, 'draft', 72, '2025-05-14 11:02:05', '2025-05-14 11:02:05'),
(199, 'draft', 71, '2025-05-14 11:02:05', '2025-05-14 11:02:05'),
(202, 'draft', 69, '2025-05-14 11:02:05', '2025-05-14 11:02:05'),
(203, 'draft', 68, '2025-05-14 11:02:05', '2025-05-14 11:02:05'),
(204, 'draft', 67, '2025-05-14 11:02:05', '2025-05-14 11:02:05'),
(205, 'draft', 66, '2025-05-14 11:02:05', '2025-05-14 11:02:05'),
(206, 'draft', 65, '2025-05-14 11:02:05', '2025-05-14 11:02:05'),
(207, 'draft', 64, '2025-05-14 11:02:05', '2025-05-14 11:02:05'),
(208, 'draft', 63, '2025-05-14 11:02:05', '2025-05-14 11:02:05'),
(209, 'draft', 113, '2025-05-14 11:02:05', '2025-05-14 11:02:05'),
(210, 'draft', 114, '2025-05-14 11:02:05', '2025-05-14 11:02:05'),
(211, 'draft', 61, '2025-05-14 11:02:05', '2025-05-14 11:02:05'),
(212, 'confirmed', 61, '2025-05-14 11:02:05', '2025-05-14 11:02:05'),
(213, 'confirmed', 113, '2025-05-14 11:02:05', '2025-05-14 11:02:05'),
(214, 'confirmed', 114, '2025-05-14 11:02:05', '2025-05-14 11:02:05'),
(215, 'confirmed', 63, '2025-05-14 11:02:05', '2025-05-14 11:02:05'),
(216, 'draft', 115, '2025-05-14 11:02:05', '2025-05-14 11:02:05'),
(217, 'confirmed', 115, '2025-05-14 11:02:05', '2025-05-14 11:02:05'),
(218, 'draft', 59, '2025-05-14 11:02:05', '2025-05-14 11:02:05'),
(219, 'draft', 58, '2025-05-14 11:02:05', '2025-05-14 11:02:05'),
(220, 'draft', 57, '2025-05-14 11:02:05', '2025-05-14 11:02:05'),
(221, 'confirmed', 59, '2025-05-14 11:02:05', '2025-05-14 11:02:05'),
(223, 'draft', 108, '2025-05-14 11:02:05', '2025-05-14 11:02:05'),
(224, 'confirmed', 108, '2025-05-14 11:02:05', '2025-05-14 11:02:05'),
(226, 'draft', 1, '2025-05-14 11:02:05', '2025-05-14 11:02:05'),
(227, 'draft', 2, '2025-05-14 11:02:05', '2025-05-14 11:02:05'),
(228, 'draft', 3, '2025-05-14 11:02:05', '2025-05-14 11:02:05'),
(229, 'draft', 4, '2025-05-14 11:02:05', '2025-05-14 11:02:05'),
(230, 'confirmed', 1, '2025-05-14 11:02:05', '2025-05-14 11:02:05'),
(231, 'confirmed', 2, '2025-05-14 11:02:05', '2025-05-14 11:02:05'),
(232, 'confirmed', 3, '2025-05-14 11:02:05', '2025-05-14 11:02:05'),
(233, 'confirmed', 4, '2025-05-14 11:02:05', '2025-05-14 11:02:05'),
(234, 'execute', 1, '2025-05-14 11:02:05', '2025-05-14 11:02:05'),
(235, 'execute', 2, '2025-05-14 11:02:05', '2025-05-14 11:02:05'),
(236, 'execute', 3, '2025-05-14 11:02:05', '2025-05-14 11:02:05'),
(237, 'execute', 4, '2025-05-14 11:02:05', '2025-05-14 11:02:05'),
(238, 'finished', 1, '2025-05-14 11:02:05', '2025-05-14 11:02:05'),
(239, 'finished', 2, '2025-05-14 11:02:05', '2025-05-14 11:02:05'),
(240, 'finished', 3, '2025-05-14 11:02:05', '2025-05-14 11:02:05'),
(241, 'finished', 4, '2025-05-14 11:02:05', '2025-05-14 11:02:05'),
(242, 'draft', 54, '2025-05-14 11:02:05', '2025-05-14 11:02:05'),
(243, 'execute', 74, '2025-05-14 11:02:05', '2025-05-14 11:02:05'),
(244, 'execute', 5, '2025-05-14 11:02:05', '2025-05-14 11:02:05'),
(245, 'draft', 53, '2025-05-14 11:02:05', '2025-05-14 11:02:05'),
(246, 'draft', 52, '2025-05-14 11:02:05', '2025-05-14 11:02:05'),
(247, 'draft', 29, '2025-05-14 11:02:05', '2025-05-14 11:02:05'),
(248, 'confirmed', 29, '2025-05-14 11:02:05', '2025-05-14 11:02:05'),
(249, 'execute', 29, '2025-05-14 11:02:05', '2025-05-14 11:02:05'),
(250, 'draft', 11, '2025-05-14 11:02:05', '2025-05-14 11:02:05'),
(251, 'draft', 12, '2025-05-14 11:02:05', '2025-05-14 11:02:05'),
(252, 'draft', 13, '2025-05-14 11:02:05', '2025-05-14 11:02:05'),
(253, 'draft', 14, '2025-05-14 11:02:05', '2025-05-14 11:02:05'),
(254, 'confirmed', 11, '2025-05-14 11:02:05', '2025-05-14 11:02:05'),
(255, 'confirmed', 12, '2025-05-14 11:02:05', '2025-05-14 11:02:05'),
(256, 'confirmed', 13, '2025-05-14 11:02:05', '2025-05-14 11:02:05'),
(257, 'confirmed', 14, '2025-05-14 11:02:05', '2025-05-14 11:02:05'),
(258, 'execute', 11, '2025-05-14 11:02:05', '2025-05-14 11:02:05'),
(259, 'execute', 12, '2025-05-14 11:02:05', '2025-05-14 11:02:05'),
(260, 'execute', 13, '2025-05-14 11:02:05', '2025-05-14 11:02:05'),
(261, 'execute', 14, '2025-05-14 11:02:05', '2025-05-14 11:02:05'),
(262, 'draft', 51, '2025-05-14 11:02:05', '2025-05-14 11:02:05'),
(263, 'draft', 50, '2025-05-14 11:02:05', '2025-05-14 11:02:05'),
(264, 'draft', 120, '2025-05-14 11:02:05', '2025-05-14 11:02:05'),
(265, 'draft', 121, '2025-05-14 11:02:05', '2025-05-14 11:02:05'),
(266, 'confirmed', 120, '2025-05-14 11:02:05', '2025-05-14 11:02:05'),
(267, 'confirmed', 121, '2025-05-14 11:02:05', '2025-05-14 11:02:05'),
(268, 'draft', 17, '2025-05-14 11:02:05', '2025-05-14 11:02:05'),
(269, 'confirmed', 17, '2025-05-14 11:02:05', '2025-05-14 11:02:05'),
(270, 'execute', 17, '2025-05-14 11:02:05', '2025-05-14 11:02:05'),
(271, 'draft', 35, '2025-05-14 11:02:05', '2025-05-14 11:02:05'),
(272, 'confirmed', 35, '2025-05-14 11:02:05', '2025-05-14 11:02:05'),
(273, 'draft', 49, '2025-05-14 11:02:05', '2025-05-14 11:02:05'),
(274, 'confirmed', 49, '2025-05-14 11:02:05', '2025-05-14 11:02:05'),
(275, 'execute', 35, '2025-05-14 11:02:05', '2025-05-14 11:02:05'),
(278, 'draft', 44, '2025-05-14 11:02:05', '2025-05-14 11:02:05'),
(279, 'draft', 45, '2025-05-14 11:02:05', '2025-05-14 11:02:05'),
(280, 'draft', 46, '2025-05-14 11:02:05', '2025-05-14 11:02:05'),
(281, 'confirmed', 44, '2025-05-14 11:02:05', '2025-05-14 11:02:05'),
(282, 'confirmed', 45, '2025-05-14 11:02:05', '2025-05-14 11:02:05'),
(283, 'confirmed', 46, '2025-05-14 11:02:05', '2025-05-14 11:02:05'),
(284, 'execute', 44, '2025-05-14 11:02:05', '2025-05-14 11:02:05'),
(285, 'execute', 45, '2025-05-14 11:02:05', '2025-05-14 11:02:05'),
(286, 'execute', 46, '2025-05-14 11:02:05', '2025-05-14 11:02:05'),
(287, 'finished', 11, '2025-05-14 11:02:05', '2025-05-14 11:02:05'),
(288, 'finished', 12, '2025-05-14 11:02:05', '2025-05-14 11:02:05'),
(289, 'finished', 13, '2025-05-14 11:02:05', '2025-05-14 11:02:05'),
(290, 'finished', 14, '2025-05-14 11:02:05', '2025-05-14 11:02:05'),
(291, 'finished', 29, '2025-05-14 11:02:05', '2025-05-14 11:02:05'),
(293, 'draft', 100, '2025-05-14 11:02:05', '2025-05-14 11:02:05'),
(294, 'draft', 101, '2025-05-14 11:02:05', '2025-05-14 11:02:05'),
(295, 'confirmed', 100, '2025-05-14 11:02:05', '2025-05-14 11:02:05'),
(296, 'confirmed', 101, '2025-05-14 11:02:05', '2025-05-14 11:02:05'),
(297, 'execute', 100, '2025-05-14 11:02:05', '2025-05-14 11:02:05'),
(298, 'execute', 101, '2025-05-14 11:02:05', '2025-05-14 11:02:05'),
(299, 'draft', 36, '2025-05-14 11:02:05', '2025-05-14 11:02:05'),
(300, 'confirmed', 36, '2025-05-14 11:02:05', '2025-05-14 11:02:05'),
(301, 'execute', 36, '2025-05-14 11:02:05', '2025-05-14 11:02:05'),
(302, 'execute', 59, '2025-05-14 11:02:05', '2025-05-14 11:02:05'),
(303, 'execute', 113, '2025-05-14 11:02:05', '2025-05-14 11:02:05'),
(304, 'execute', 114, '2025-05-14 11:02:05', '2025-05-14 11:02:05'),
(306, 'execute', 40, '2025-05-14 11:02:05', '2025-05-14 11:02:05'),
(307, 'draft', 41, '2025-05-14 11:02:05', '2025-05-14 11:02:05'),
(308, 'confirmed', 41, '2025-05-14 11:02:05', '2025-05-14 11:02:05'),
(309, 'execute', 41, '2025-05-14 11:02:05', '2025-05-14 11:02:05'),
(310, 'draft', 43, '2025-05-14 11:02:05', '2025-05-14 11:02:05'),
(311, 'confirmed', 43, '2025-05-14 11:02:05', '2025-05-14 11:02:05'),
(312, 'execute', 43, '2025-05-14 11:02:05', '2025-05-14 11:02:05'),
(343, 'execute', 120, '2025-05-14 11:02:05', '2025-05-14 11:02:05'),
(344, 'execute', 121, '2025-05-14 11:02:05', '2025-05-14 11:02:05'),
(345, 'execute', 108, '2025-05-14 11:02:05', '2025-05-14 11:02:05'),
(349, 'finished', 43, '2025-05-14 11:21:59', '2025-05-14 11:21:59'),
(350, 'finished', 17, '2025-05-14 11:23:00', '2025-05-14 11:23:00'),
(355, 'rejected', 104, '2025-05-14 16:22:44', '2025-05-14 16:22:44'),
(356, 'draft', 139, '2025-05-15 12:32:34', '2025-05-15 12:32:34'),
(360, 'finished', 36, '2025-05-15 16:23:48', '2025-05-15 16:23:48'),
(361, 'finished', 44, '2025-05-15 16:54:32', '2025-05-15 16:54:32'),
(369, 'draft', 153, '2025-05-21 09:14:41', '2025-05-21 09:14:41'),
(370, 'confirmed', 153, '2025-05-21 09:15:23', '2025-05-21 09:15:23'),
(372, 'draft', 155, '2025-05-22 14:33:28', '2025-05-22 14:33:28'),
(373, 'confirmed', 155, '2025-05-22 14:33:28', '2025-05-22 14:33:28'),
(374, 'draft', 156, '2025-05-22 14:33:32', '2025-05-22 14:33:32'),
(375, 'draft', 157, '2025-05-22 14:42:36', '2025-05-22 14:42:36'),
(380, 'draft', 162, '2025-05-23 11:15:14', '2025-05-23 11:15:14'),
(381, 'execute', 115, '2025-05-26 09:29:42', '2025-05-26 09:29:42'),
(389, 'execute', 173, '2025-07-10 11:14:18', '2025-07-10 11:14:18'),
(390, 'confirmed', 162, '2025-07-11 08:18:18', '2025-07-11 08:18:18'),
(391, 'confirmed', 157, '2025-07-11 12:34:19', '2025-07-11 12:34:19'),
(397, 'execute', 189, '2025-07-15 13:24:01', '2025-07-15 13:24:01'),
(398, 'confirmed', 139, '2025-07-16 09:15:19', '2025-07-16 09:15:19'),
(399, 'rejected', 176, '2025-07-16 09:16:06', '2025-07-16 09:16:06'),
(400, 'confirmed', 156, '2025-07-16 09:17:30', '2025-07-16 09:17:30'),
(405, 'finished', 171, '2025-07-21 13:42:35', '2025-07-21 13:42:35'),
(420, 'finished', 251, '2025-07-25 13:44:37', '2025-07-25 13:44:37');

-- --------------------------------------------------------

--
-- Table structure for table `order_item_warehouses`
--

CREATE TABLE `order_item_warehouses` (
  `id` bigint(20) UNSIGNED NOT NULL,
  `file` varchar(255) COLLATE utf8mb4_unicode_ci DEFAULT NULL,
  `arrival_date` date DEFAULT NULL,
  `order_item_id` bigint(20) UNSIGNED NOT NULL,
  `created_at` timestamp NULL DEFAULT NULL,
  `updated_at` timestamp NULL DEFAULT NULL
) ENGINE=InnoDB DEFAULT CHARSET=utf8mb4 COLLATE=utf8mb4_unicode_ci;

--
-- Dumping data for table `order_item_warehouses`
--

INSERT INTO `order_item_warehouses` (`id`, `file`, `arrival_date`, `order_item_id`, `created_at`, `updated_at`) VALUES
(1, '/tmp/phpvdSJIJ', '2025-05-31', 81, '2025-05-22 17:01:22', '2025-05-22 17:06:48'),
(2, '/tmp/phpZR4f2t', '2025-05-31', 146, '2025-05-22 17:08:11', '2025-05-22 17:08:11'),
(3, '/tmp/php41EzXR', '2025-05-23', 143, '2025-05-23 07:20:22', '2025-05-23 07:20:22'),
(5, '/tmp/phpImK8Wl', '2025-05-23', 126, '2025-05-23 07:43:01', '2025-05-23 07:43:01'),
(6, '/tmp/phpN2hNXJ', '2025-05-21', 158, '2025-05-23 08:33:20', '2025-05-23 08:33:20'),
(7, '/tmp/phpXAoL2p', '2025-05-31', 147, '2025-05-23 08:50:44', '2025-05-23 08:50:48'),
(8, '/tmp/phphL1Q2Y', '2025-05-21', 100, '2025-05-23 09:02:18', '2025-05-23 09:02:18'),
(9, '/tmp/phpDrHVlc', '2025-05-22', 121, '2025-05-23 09:02:59', '2025-05-23 09:02:59');

-- --------------------------------------------------------

--
-- Table structure for table `order_payments`
--

CREATE TABLE `order_payments` (
  `id` bigint(20) UNSIGNED NOT NULL,
  `percent` decimal(8,2) DEFAULT '0.00',
  `remainder` decimal(8,2) DEFAULT '0.00',
  `first_date` date DEFAULT NULL,
  `last_date` date DEFAULT NULL,
  `note` text COLLATE utf8mb4_unicode_ci,
  `payment_type_id` bigint(20) UNSIGNED DEFAULT NULL,
  `order_id` bigint(20) UNSIGNED NOT NULL,
  `created_at` timestamp NULL DEFAULT NULL,
  `updated_at` timestamp NULL DEFAULT NULL
) ENGINE=InnoDB DEFAULT CHARSET=utf8mb4 COLLATE=utf8mb4_unicode_ci;

--
-- Dumping data for table `order_payments`
--

INSERT INTO `order_payments` (`id`, `percent`, `remainder`, `first_date`, `last_date`, `note`, `payment_type_id`, `order_id`, `created_at`, `updated_at`) VALUES
(4, NULL, NULL, '2025-03-13', '2025-03-13', NULL, NULL, 10, '2025-03-13 11:14:46', '2025-03-13 11:14:46'),
(5, 35.00, 193.05, '2025-03-27', '2025-04-02', NULL, 2, 17, '2025-03-13 15:11:31', '2025-04-22 10:22:31'),
(10, NULL, NULL, '2025-03-17', '2025-03-17', NULL, NULL, 22, '2025-03-17 14:44:48', '2025-03-17 14:44:48'),
(12, NULL, NULL, '2025-03-18', '2022-03-18', NULL, NULL, 26, '2025-03-18 15:30:55', '2025-03-18 15:47:52'),
(13, NULL, NULL, '2025-03-19', '2025-03-19', NULL, NULL, 25, '2025-03-19 08:21:47', '2025-05-06 14:32:18'),
(21, 10.00, 108.00, '2025-04-23', '2025-04-30', 'kjbouhiouh', 2, 40, '2025-04-14 10:38:58', '2025-04-14 10:38:58'),
(23, 15.00, 470.05, '2025-04-18', '2025-04-18', NULL, 1, 47, '2025-04-18 11:11:22', '2025-05-13 12:05:22'),
(24, NULL, NULL, '2025-04-18', '2025-04-18', NULL, NULL, 49, '2025-04-18 13:08:54', '2025-04-18 13:08:54'),
(25, 20.00, 1016.00, '2026-08-28', '2025-05-03', NULL, 1, 54, '2025-04-19 09:06:26', '2025-05-13 08:13:45'),
(26, NULL, NULL, '2025-04-19', '2025-04-30', NULL, NULL, 55, '2025-04-19 10:19:21', '2025-04-21 07:24:36'),
(27, NULL, NULL, '2025-11-19', '2025-04-19', NULL, NULL, 53, '2025-04-19 10:23:10', '2025-04-19 10:23:10'),
(29, 30.00, 595.00, '2032-05-22', '2028-06-22', NULL, 1, 59, '2025-04-22 11:23:57', '2025-04-25 11:07:35'),
(30, 15.00, 722.50, '2038-05-13', '2025-05-27', NULL, 2, 60, '2025-04-22 13:04:13', '2025-04-22 13:11:58'),
(31, 25.00, 750.00, '2025-05-14', '2025-05-30', NULL, 2, 63, '2025-04-24 08:17:07', '2025-05-10 17:35:56'),
(32, 10.00, 900.00, '2029-09-24', '2013-04-24', NULL, 2, 64, '2025-04-24 08:29:11', '2025-04-24 08:29:38'),
(33, 40.00, 7800.00, '2025-04-30', '2025-05-03', NULL, 2, 65, '2025-04-25 09:46:23', '2025-05-06 08:55:04'),
(34, NULL, NULL, '2025-04-29', '2025-04-29', NULL, NULL, 68, '2025-04-29 09:12:51', '2025-05-07 14:28:11'),
(35, 25.00, 1178.25, '2026-09-05', '2025-05-31', NULL, 1, 70, '2025-05-05 09:55:54', '2025-05-05 09:55:54'),
(36, 25.00, 750.00, '2025-05-13', '2025-05-22', NULL, 1, 71, '2025-05-06 09:04:13', '2025-05-06 09:04:13'),
(37, 10.00, 936.00, '2024-01-06', '2027-06-06', NULL, 2, 72, '2025-05-06 17:05:26', '2025-05-06 17:05:26'),
(38, 15.00, 3238.50, '2025-05-07', '2023-11-07', NULL, 2, 73, '2025-05-07 10:05:56', '2025-05-07 10:06:29'),
(39, 35.00, 390.00, '2025-05-02', '2025-08-11', NULL, 2, 67, '2025-05-11 14:24:22', '2025-05-12 08:41:53'),
(40, 15.00, 580.38, '2026-06-12', '2026-03-12', NULL, 1, 77, '2025-05-12 09:44:56', '2025-05-12 09:44:56'),
(41, NULL, NULL, '2025-05-14', '2025-05-14', NULL, NULL, 78, '2025-05-14 11:58:06', '2025-05-14 11:58:06'),
(42, NULL, NULL, '2025-05-14', '2025-05-14', NULL, NULL, 31, '2025-05-14 12:28:36', '2025-05-14 12:28:36'),
(43, 0.00, 1400.00, '2026-03-15', '2025-06-18', 'ILKIN ODENIS YOXDUR', 1, 80, '2025-05-15 15:49:28', '2025-05-15 15:49:28'),
(44, 50.00, 275.00, '2025-05-19', '2025-05-19', NULL, 1, 81, '2025-05-19 07:21:46', '2025-05-19 07:21:46'),
(45, 10.00, 2250.00, '2028-11-19', '2019-04-19', NULL, 1, 82, '2025-05-19 08:28:28', '2025-07-21 16:02:04'),
(46, NULL, NULL, NULL, '2025-05-21', NULL, NULL, 69, '2025-05-21 09:13:13', '2025-05-21 09:13:27'),
(47, 10.00, 449.84, '2025-09-08', '2025-09-30', NULL, NULL, 93, '2025-07-08 08:20:20', '2025-07-08 08:20:20'),
(48, 10.00, 720.00, '2025-07-14', '2030-08-14', NULL, 2, 89, '2025-07-09 11:55:04', '2025-07-21 16:10:18'),
(49, NULL, NULL, NULL, '2025-07-09', NULL, NULL, 92, '2025-07-09 12:01:14', '2025-07-09 12:01:14'),
(50, NULL, NULL, NULL, '2029-04-11', NULL, NULL, 88, '2025-07-11 14:50:38', '2025-07-11 15:20:33'),
(51, NULL, NULL, NULL, '2025-07-11', NULL, NULL, 90, '2025-07-11 15:15:52', '2025-07-11 15:15:52'),
(52, NULL, NULL, NULL, '2024-03-11', NULL, NULL, 84, '2025-07-11 15:20:04', '2025-07-11 15:20:04'),
(53, 20.00, 7360.00, '2025-07-31', '2025-08-14', NULL, 2, 94, '2025-07-15 13:19:12', '2025-07-15 13:23:55'),
(54, NULL, NULL, NULL, '2031-01-23', NULL, NULL, 95, '2025-07-15 15:13:30', '2025-07-25 13:47:47'),
(55, 30.00, 3500.00, '2025-07-31', '2029-08-21', NULL, 2, 96, '2025-07-21 12:27:53', '2025-07-21 15:56:18'),
(56, 15.00, 3612.50, '2025-07-24', '2025-07-31', NULL, 1, 97, '2025-07-21 14:59:39', '2025-07-21 16:07:27'),
(58, 10.00, 1080.00, '2025-07-24', '2025-08-02', NULL, 1, 98, '2025-07-23 08:22:46', '2025-07-23 16:56:32'),
(59, 10.00, 33.30, '2025-07-23', '2025-07-23', 'dsfsfs', 2, 100, '2025-07-23 15:11:24', '2025-07-23 16:57:46'),
(60, 10.00, 44064.00, '2025-08-02', '2025-08-21', NULL, 1, 101, '2025-07-23 16:07:20', '2025-07-23 16:07:49'),
(61, 15.00, 1275.00, '2025-08-13', '2025-08-31', NULL, 2, 99, '2025-07-25 13:34:55', '2025-07-25 13:34:55');

-- --------------------------------------------------------

--
-- Table structure for table `order_prices`
--

CREATE TABLE `order_prices` (
  `id` bigint(20) UNSIGNED NOT NULL,
  `price` varchar(255) COLLATE utf8mb4_unicode_ci DEFAULT NULL,
  `note` text COLLATE utf8mb4_unicode_ci,
  `order_id` bigint(20) UNSIGNED NOT NULL,
  `user_id` bigint(20) UNSIGNED NOT NULL,
  `created_at` timestamp NULL DEFAULT NULL,
  `updated_at` timestamp NULL DEFAULT NULL,
  `currency` varchar(255) COLLATE utf8mb4_unicode_ci DEFAULT 'AZN'
) ENGINE=InnoDB DEFAULT CHARSET=utf8mb4 COLLATE=utf8mb4_unicode_ci;

--
-- Dumping data for table `order_prices`
--

INSERT INTO `order_prices` (`id`, `price`, `note`, `order_id`, `user_id`, `created_at`, `updated_at`, `currency`) VALUES
(1, '2100', '2100 çox edər, 2000-ə razılaşdıra bilirsən bax gör', 1, 1, '2025-03-08 04:33:59', '2025-03-08 04:33:59', 'AZN'),
(2, '2000', NULL, 1, 1, '2025-03-08 04:37:24', '2025-03-08 04:37:24', 'AZN'),
(4, '566', NULL, 8, 1, '2025-03-11 13:51:49', '2025-03-11 13:51:49', 'AZN'),
(7, '45', 'kgkgkgk', 16, 1, '2025-03-13 11:26:49', '2025-03-13 11:26:49', 'AZN'),
(8, '159000', NULL, 16, 1, '2025-03-16 08:14:57', '2025-03-16 08:14:57', 'AZN'),
(11, '950', 'ancaq buna vere bilir', 16, 1, '2025-03-17 14:48:54', '2025-03-17 14:48:54', 'AZN'),
(16, '200', 'bu', 41, 7, '2025-04-08 09:40:13', '2025-04-08 09:40:13', 'AZN'),
(17, '56', 'bahaa', 40, 7, '2025-04-09 12:48:20', '2025-04-09 12:48:20', 'AZN'),
(18, '55', 'bahadi', 40, 7, '2025-04-09 12:48:59', '2025-04-09 12:48:59', 'AZN'),
(19, '55', 'bahadi', 40, 7, '2025-04-09 12:50:34', '2025-04-09 12:50:34', 'AZN'),
(20, '120', 'mmm', 40, 7, '2025-04-11 09:09:52', '2025-04-11 09:09:52', 'AZN'),
(25, '757', 'bahadir. musteri 500 razilasir', 47, 1, '2025-04-14 10:18:30', '2025-04-14 10:18:30', 'AZN'),
(26, '50.1', 'Çoxdur 45 manat olsun', 51, 1, '2025-04-18 07:30:12', '2025-04-18 07:30:12', 'AZN'),
(27, '1480', '1200 isteyir', 54, 6, '2025-04-19 08:36:07', '2025-04-19 08:36:07', 'AZN'),
(28, '1050', '800 teklif eden var musteriye', 53, 6, '2025-04-19 09:01:07', '2025-04-19 09:01:07', 'AZN'),
(29, '985', '850 isteyir', 59, 6, '2025-04-22 11:18:32', '2025-04-22 11:18:32', 'AZN'),
(30, '1090', '1000 olsun', 63, 6, '2025-04-24 08:12:30', '2025-04-24 08:12:30', 'AZN'),
(31, '1090', '1000 isteyir', 64, 6, '2025-04-24 08:24:52', '2025-04-24 08:24:52', 'AZN'),
(32, '800', 'Belke 600?', 67, 6, '2025-04-28 12:12:59', '2025-04-28 12:12:59', 'AZN'),
(33, '1500', 'cox bahadir musteri 1400 vere bilir', 80, 1, '2025-05-15 15:44:22', '2025-05-15 15:44:22', 'AZN'),
(34, '600', 'bahadi 500 $ bazarda var', 81, 6, '2025-05-19 07:08:58', '2025-05-19 07:08:58', 'AZN'),
(35, '990', 'musteri max 800 verir', 89, 10, '2025-05-26 09:34:20', '2025-05-26 09:34:20', 'AZN'),
(36, '6400', '6200 olsun', 87, 6, '2025-07-11 12:27:00', '2025-07-11 12:27:00', 'AZN'),
(37, '0', 'asdasd', 94, 6, '2025-07-14 12:08:15', '2025-07-14 12:08:15', 'AZN'),
(38, '150', 'endirim edin', 86, 1, '2025-07-16 09:15:41', '2025-07-16 09:15:41', 'AZN'),
(39, '150', 'endirim edin', 86, 1, '2025-07-16 09:15:42', '2025-07-16 09:15:42', 'AZN'),
(40, '140', 'birazda', 86, 1, '2025-07-16 09:17:05', '2025-07-16 09:17:05', 'AZN'),
(41, '9180', '9000 olsun.Musteri endirim isteyir', 75, 1, '2025-07-25 13:30:17', '2025-07-25 13:30:17', 'AZN');

-- --------------------------------------------------------

--
-- Table structure for table `order_price_types`
--

CREATE TABLE `order_price_types` (
  `id` bigint(20) UNSIGNED NOT NULL,
  `price` decimal(8,2) DEFAULT NULL,
  `price_currency` varchar(255) COLLATE utf8mb4_unicode_ci DEFAULT NULL,
  `price_type_id` bigint(20) UNSIGNED NOT NULL,
  `order_id` bigint(20) UNSIGNED NOT NULL,
  `created_at` timestamp NULL DEFAULT NULL,
  `updated_at` timestamp NULL DEFAULT NULL,
  `currency` varchar(255) COLLATE utf8mb4_unicode_ci DEFAULT 'AZN'
) ENGINE=InnoDB DEFAULT CHARSET=utf8mb4 COLLATE=utf8mb4_unicode_ci;

--
-- Dumping data for table `order_price_types`
--

INSERT INTO `order_price_types` (`id`, `price`, `price_currency`, `price_type_id`, `order_id`, `created_at`, `updated_at`, `currency`) VALUES
(1, 100.00, NULL, 1, 1, '2025-03-08 04:33:14', '2025-03-08 04:33:14', 'AZN'),
(2, 200.00, NULL, 2, 1, '2025-03-08 04:33:14', '2025-03-08 04:33:14', 'AZN'),
(3, 300.00, NULL, 3, 1, '2025-03-08 04:33:14', '2025-03-08 04:33:14', 'AZN'),
(4, 400.00, NULL, 4, 1, '2025-03-08 04:33:14', '2025-03-08 04:33:14', 'AZN'),
(5, 500.00, NULL, 5, 1, '2025-03-08 04:33:14', '2025-03-08 04:33:14', 'AZN'),
(6, 600.00, NULL, 6, 1, '2025-03-08 04:33:14', '2025-03-08 04:33:14', 'AZN'),
(13, 0.00, NULL, 1, 2, '2025-03-08 10:00:37', '2025-03-08 10:00:37', 'AZN'),
(14, 0.00, NULL, 2, 2, '2025-03-08 10:00:37', '2025-03-08 10:00:37', 'AZN'),
(15, 0.00, NULL, 3, 2, '2025-03-08 10:00:37', '2025-03-08 10:00:37', 'AZN'),
(16, 0.00, NULL, 4, 2, '2025-03-08 10:00:37', '2025-03-08 10:00:37', 'AZN'),
(17, 0.00, NULL, 5, 2, '2025-03-08 10:00:37', '2025-03-08 10:00:37', 'AZN'),
(18, 12.00, NULL, 6, 2, '2025-03-08 10:00:37', '2025-03-08 10:00:37', 'AZN'),
(67, 22.00, NULL, 1, 17, '2025-03-13 13:17:50', '2025-03-13 13:17:50', 'AZN'),
(68, 122.00, NULL, 2, 17, '2025-03-13 13:17:50', '2025-03-13 13:17:50', 'AZN'),
(69, 32.00, NULL, 3, 17, '2025-03-13 13:17:50', '2025-03-13 13:17:50', 'AZN'),
(70, 0.00, NULL, 4, 17, '2025-03-13 13:17:50', '2025-03-13 13:17:50', 'AZN'),
(71, 121.00, NULL, 5, 17, '2025-03-13 13:17:50', '2025-03-13 13:17:50', 'AZN'),
(72, 0.00, NULL, 6, 17, '2025-03-13 13:17:50', '2025-03-13 13:17:50', 'AZN'),
(121, 10.00, NULL, 1, 16, '2025-03-17 14:52:47', '2025-03-17 14:52:47', 'AZN'),
(122, 10.00, NULL, 2, 16, '2025-03-17 14:52:47', '2025-03-17 14:52:47', 'AZN'),
(123, 10.00, NULL, 3, 16, '2025-03-17 14:52:47', '2025-03-17 14:52:47', 'AZN'),
(124, 20.00, NULL, 4, 16, '2025-03-17 14:52:47', '2025-03-17 14:52:47', 'AZN'),
(125, 15.00, NULL, 5, 16, '2025-03-17 14:52:47', '2025-03-17 14:52:47', 'AZN'),
(126, 1000.00, NULL, 6, 16, '2025-03-17 14:52:47', '2025-03-17 14:52:47', 'AZN'),
(139, 166.00, NULL, 1, 27, '2025-03-18 06:38:20', '2025-03-18 06:38:20', 'AZN'),
(140, 156.00, NULL, 2, 27, '2025-03-18 06:38:20', '2025-03-18 06:38:20', 'AZN'),
(141, 175.00, NULL, 3, 27, '2025-03-18 06:38:20', '2025-03-18 06:38:20', 'AZN'),
(142, 999.00, NULL, 4, 27, '2025-03-18 06:38:20', '2025-03-18 06:38:20', 'AZN'),
(143, 0.00, NULL, 5, 27, '2025-03-18 06:38:20', '2025-03-18 06:38:20', 'AZN'),
(144, 0.00, NULL, 6, 27, '2025-03-18 06:38:20', '2025-03-18 06:38:20', 'AZN'),
(223, 0.00, NULL, 1, 38, '2025-03-29 12:11:30', '2025-03-29 12:11:30', 'AZN'),
(224, 0.00, NULL, 2, 38, '2025-03-29 12:11:30', '2025-03-29 12:11:30', 'AZN'),
(225, 0.00, NULL, 3, 38, '2025-03-29 12:11:30', '2025-03-29 12:11:30', 'AZN'),
(226, 0.00, NULL, 4, 38, '2025-03-29 12:11:30', '2025-03-29 12:11:30', 'AZN'),
(227, 20.00, NULL, 5, 38, '2025-03-29 12:11:30', '2025-03-29 12:11:30', 'AZN'),
(228, 0.00, NULL, 6, 38, '2025-03-29 12:11:30', '2025-03-29 12:11:30', 'AZN'),
(235, 0.00, NULL, 1, 36, '2025-03-29 12:11:42', '2025-03-29 12:11:42', 'AZN'),
(236, 0.00, NULL, 2, 36, '2025-03-29 12:11:42', '2025-03-29 12:11:42', 'AZN'),
(237, 0.00, NULL, 3, 36, '2025-03-29 12:11:42', '2025-03-29 12:11:42', 'AZN'),
(238, 0.00, NULL, 4, 36, '2025-03-29 12:11:42', '2025-03-29 12:11:42', 'AZN'),
(239, 0.00, NULL, 5, 36, '2025-03-29 12:11:42', '2025-03-29 12:11:42', 'AZN'),
(240, 100.00, NULL, 6, 36, '2025-03-29 12:11:42', '2025-03-29 12:11:42', 'AZN'),
(289, 4.00, NULL, 1, 41, '2025-04-08 09:40:26', '2025-04-08 09:40:26', 'AZN'),
(290, 34.00, NULL, 2, 41, '2025-04-08 09:40:26', '2025-04-08 09:40:26', 'AZN'),
(291, 5.00, NULL, 3, 41, '2025-04-08 09:40:26', '2025-04-08 09:40:26', 'AZN'),
(292, 55.00, NULL, 4, 41, '2025-04-08 09:40:26', '2025-04-08 09:40:26', 'AZN'),
(293, 66.00, NULL, 5, 41, '2025-04-08 09:40:26', '2025-04-08 09:40:26', 'AZN'),
(294, 56.00, NULL, 6, 41, '2025-04-08 09:40:26', '2025-04-08 09:40:26', 'AZN'),
(379, 0.00, NULL, 1, 40, '2025-04-11 09:10:12', '2025-04-11 09:10:12', 'AZN'),
(380, 10.00, NULL, 2, 40, '2025-04-11 09:10:12', '2025-04-11 09:10:12', 'AZN'),
(381, 0.00, NULL, 3, 40, '2025-04-11 09:10:12', '2025-04-11 09:10:12', 'AZN'),
(382, 20.00, NULL, 4, 40, '2025-04-11 09:10:12', '2025-04-11 09:10:12', 'AZN'),
(383, 40.00, NULL, 5, 40, '2025-04-11 09:10:12', '2025-04-11 09:10:12', 'AZN'),
(384, 50.00, NULL, 6, 40, '2025-04-11 09:10:12', '2025-04-11 09:10:12', 'AZN'),
(397, 234.00, NULL, 1, 39, '2025-04-11 17:19:14', '2025-04-11 17:19:14', 'AZN'),
(398, 3424.00, NULL, 2, 39, '2025-04-11 17:19:14', '2025-04-11 17:19:14', 'AZN'),
(399, 234.00, NULL, 3, 39, '2025-04-11 17:19:14', '2025-04-11 17:19:14', 'AZN'),
(400, 234.00, NULL, 4, 39, '2025-04-11 17:19:14', '2025-04-11 17:19:14', 'AZN'),
(401, 10000.00, NULL, 5, 39, '2025-04-11 17:19:14', '2025-04-11 17:19:14', 'AZN'),
(402, 0.00, NULL, 6, 39, '2025-04-11 17:19:14', '2025-04-11 17:19:14', 'AZN'),
(427, 111.00, NULL, 1, 47, '2025-04-14 10:18:59', '2025-04-14 10:18:59', 'AZN'),
(428, 111.00, NULL, 2, 47, '2025-04-14 10:18:59', '2025-04-14 10:18:59', 'AZN'),
(429, 23.00, NULL, 3, 47, '2025-04-14 10:18:59', '2025-04-14 10:18:59', 'AZN'),
(430, 34.00, NULL, 4, 47, '2025-04-14 10:18:59', '2025-04-14 10:18:59', 'AZN'),
(431, 240.00, NULL, 5, 47, '2025-04-14 10:18:59', '2025-04-14 10:18:59', 'AZN'),
(432, 34.00, NULL, 6, 47, '2025-04-14 10:18:59', '2025-04-14 10:18:59', 'AZN'),
(439, 11.00, NULL, 1, 49, '2025-04-18 07:27:18', '2025-04-18 07:27:18', 'AZN'),
(440, 2.50, NULL, 2, 49, '2025-04-18 07:27:18', '2025-04-18 07:27:18', 'AZN'),
(441, 5.50, NULL, 3, 49, '2025-04-18 07:27:18', '2025-04-18 07:27:18', 'AZN'),
(442, 8.00, NULL, 4, 49, '2025-04-18 07:27:18', '2025-04-18 07:27:18', 'AZN'),
(443, 9.00, NULL, 5, 49, '2025-04-18 07:27:18', '2025-04-18 07:27:18', 'AZN'),
(444, 20.00, NULL, 6, 49, '2025-04-18 07:27:18', '2025-04-18 07:27:18', 'AZN'),
(445, 10.00, NULL, 1, 51, '2025-04-18 07:29:45', '2025-04-18 07:29:45', 'AZN'),
(446, 8.50, NULL, 2, 51, '2025-04-18 07:29:45', '2025-04-18 07:29:45', 'AZN'),
(447, 13.60, NULL, 3, 51, '2025-04-18 07:29:45', '2025-04-18 07:29:45', 'AZN'),
(448, 8.00, NULL, 4, 51, '2025-04-18 07:29:45', '2025-04-18 07:29:45', 'AZN'),
(449, 10.00, NULL, 5, 51, '2025-04-18 07:29:45', '2025-04-18 07:29:45', 'AZN'),
(450, 0.00, NULL, 6, 51, '2025-04-18 07:29:45', '2025-04-18 07:29:45', 'AZN'),
(463, 120.00, NULL, 1, 54, '2025-04-19 08:56:28', '2025-04-19 08:56:28', 'AZN'),
(464, 120.00, NULL, 2, 54, '2025-04-19 08:56:28', '2025-04-19 08:56:28', 'AZN'),
(465, 30.00, NULL, 3, 54, '2025-04-19 08:56:28', '2025-04-19 08:56:28', 'AZN'),
(466, 500.00, NULL, 4, 54, '2025-04-19 08:56:28', '2025-04-19 08:56:28', 'AZN'),
(467, 500.00, NULL, 5, 54, '2025-04-19 08:56:28', '2025-04-19 08:56:28', 'AZN'),
(468, 0.00, NULL, 6, 54, '2025-04-19 08:56:28', '2025-04-19 08:56:28', 'AZN'),
(475, 100.00, NULL, 1, 53, '2025-04-19 09:03:27', '2025-04-19 09:03:27', 'AZN'),
(476, 110.00, NULL, 2, 53, '2025-04-19 09:03:27', '2025-04-19 09:03:27', 'AZN'),
(477, 40.00, NULL, 3, 53, '2025-04-19 09:03:27', '2025-04-19 09:03:27', 'AZN'),
(478, 200.00, NULL, 4, 53, '2025-04-19 09:03:27', '2025-04-19 09:03:27', 'AZN'),
(479, 400.00, NULL, 5, 53, '2025-04-19 09:03:27', '2025-04-19 09:03:27', 'AZN'),
(480, 0.00, NULL, 6, 53, '2025-04-19 09:03:27', '2025-04-19 09:03:27', 'AZN'),
(493, 205.00, NULL, 1, 59, '2025-04-22 11:19:19', '2025-04-22 11:19:19', 'AZN'),
(494, 300.00, NULL, 2, 59, '2025-04-22 11:19:19', '2025-04-22 11:19:19', 'AZN'),
(495, 110.00, NULL, 3, 59, '2025-04-22 11:19:19', '2025-04-22 11:19:19', 'AZN'),
(496, 160.00, NULL, 4, 59, '2025-04-22 11:19:19', '2025-04-22 11:19:19', 'AZN'),
(497, 210.00, NULL, 5, 59, '2025-04-22 11:19:19', '2025-04-22 11:19:19', 'AZN'),
(498, 0.00, NULL, 6, 59, '2025-04-22 11:19:19', '2025-04-22 11:19:19', 'AZN'),
(499, 120.00, NULL, 1, 60, '2025-04-22 12:55:59', '2025-04-22 12:55:59', 'AZN'),
(500, 500.00, NULL, 2, 60, '2025-04-22 12:55:59', '2025-04-22 12:55:59', 'AZN'),
(501, 150.00, NULL, 3, 60, '2025-04-22 12:55:59', '2025-04-22 12:55:59', 'AZN'),
(502, 30.00, NULL, 4, 60, '2025-04-22 12:55:59', '2025-04-22 12:55:59', 'AZN'),
(503, 50.00, NULL, 5, 60, '2025-04-22 12:55:59', '2025-04-22 12:55:59', 'AZN'),
(504, 0.00, NULL, 6, 60, '2025-04-22 12:55:59', '2025-04-22 12:55:59', 'AZN'),
(511, 100.00, NULL, 1, 63, '2025-04-24 08:12:58', '2025-04-24 08:12:58', 'AZN'),
(512, 100.00, NULL, 2, 63, '2025-04-24 08:12:58', '2025-04-24 08:12:58', 'AZN'),
(513, 0.00, NULL, 3, 63, '2025-04-24 08:12:58', '2025-04-24 08:12:58', 'AZN'),
(514, 500.00, NULL, 4, 63, '2025-04-24 08:12:58', '2025-04-24 08:12:58', 'AZN'),
(515, 300.00, NULL, 5, 63, '2025-04-24 08:12:58', '2025-04-24 08:12:58', 'AZN'),
(516, 0.00, NULL, 6, 63, '2025-04-24 08:12:58', '2025-04-24 08:12:58', 'AZN'),
(523, 100.00, NULL, 1, 64, '2025-04-24 08:26:00', '2025-04-24 08:26:00', 'AZN'),
(524, 100.00, NULL, 2, 64, '2025-04-24 08:26:00', '2025-04-24 08:26:00', 'AZN'),
(525, 0.00, NULL, 3, 64, '2025-04-24 08:26:00', '2025-04-24 08:26:00', 'AZN'),
(526, 500.00, NULL, 4, 64, '2025-04-24 08:26:00', '2025-04-24 08:26:00', 'AZN'),
(527, 300.00, NULL, 5, 64, '2025-04-24 08:26:00', '2025-04-24 08:26:00', 'AZN'),
(528, 0.00, NULL, 6, 64, '2025-04-24 08:26:00', '2025-04-24 08:26:00', 'AZN'),
(535, 100.00, NULL, 1, 67, '2025-04-28 12:13:29', '2025-04-28 12:13:29', 'AZN'),
(536, 150.00, NULL, 2, 67, '2025-04-28 12:13:29', '2025-04-28 12:13:29', 'AZN'),
(537, 50.00, NULL, 3, 67, '2025-04-28 12:13:29', '2025-04-28 12:13:29', 'AZN'),
(538, 100.00, NULL, 4, 67, '2025-04-28 12:13:29', '2025-04-28 12:13:29', 'AZN'),
(539, 200.00, NULL, 5, 67, '2025-04-28 12:13:29', '2025-04-28 12:13:29', 'AZN'),
(540, 0.00, NULL, 6, 67, '2025-04-28 12:13:29', '2025-04-28 12:13:29', 'AZN'),
(541, 10.00, NULL, 1, 68, '2025-04-29 09:03:28', '2025-04-29 09:03:28', 'AZN'),
(542, 10.00, NULL, 2, 68, '2025-04-29 09:03:28', '2025-04-29 09:03:28', 'AZN'),
(543, 10.00, NULL, 3, 68, '2025-04-29 09:03:28', '2025-04-29 09:03:28', 'AZN'),
(544, 10.00, NULL, 4, 68, '2025-04-29 09:03:28', '2025-04-29 09:03:28', 'AZN'),
(545, 10.00, NULL, 5, 68, '2025-04-29 09:03:28', '2025-04-29 09:03:28', 'AZN'),
(546, 10.00, NULL, 6, 68, '2025-04-29 09:03:28', '2025-04-29 09:03:28', 'AZN'),
(547, 234.00, NULL, 1, 70, '2025-05-05 09:51:51', '2025-05-05 09:51:51', 'AZN'),
(548, 324.00, NULL, 2, 70, '2025-05-05 09:51:51', '2025-05-05 09:51:51', 'AZN'),
(549, 123.00, NULL, 3, 70, '2025-05-05 09:51:51', '2025-05-05 09:51:51', 'AZN'),
(550, 123.00, NULL, 4, 70, '2025-05-05 09:51:51', '2025-05-05 09:51:51', 'AZN'),
(551, 445.00, NULL, 5, 70, '2025-05-05 09:51:51', '2025-05-05 09:51:51', 'AZN'),
(552, 322.00, NULL, 6, 70, '2025-05-05 09:51:51', '2025-05-05 09:51:51', 'AZN'),
(553, 50.00, NULL, 1, 71, '2025-05-06 09:01:34', '2025-05-06 09:01:34', 'AZN'),
(554, 60.00, NULL, 2, 71, '2025-05-06 09:01:34', '2025-05-06 09:01:34', 'AZN'),
(555, 20.00, NULL, 3, 71, '2025-05-06 09:01:34', '2025-05-06 09:01:34', 'AZN'),
(556, 500.00, NULL, 4, 71, '2025-05-06 09:01:34', '2025-05-06 09:01:34', 'AZN'),
(557, 300.00, NULL, 5, 71, '2025-05-06 09:01:34', '2025-05-06 09:01:34', 'AZN'),
(558, 0.00, NULL, 6, 71, '2025-05-06 09:01:34', '2025-05-06 09:01:34', 'AZN'),
(559, 180.00, NULL, 1, 72, '2025-05-06 16:59:47', '2025-05-06 16:59:47', 'AZN'),
(560, 200.00, NULL, 2, 72, '2025-05-06 16:59:47', '2025-05-06 16:59:47', 'AZN'),
(561, 60.00, NULL, 3, 72, '2025-05-06 16:59:47', '2025-05-06 16:59:47', 'AZN'),
(562, 340.00, NULL, 4, 72, '2025-05-06 16:59:47', '2025-05-06 16:59:47', 'AZN'),
(563, 260.00, NULL, 5, 72, '2025-05-06 16:59:47', '2025-05-06 16:59:47', 'AZN'),
(564, 0.00, NULL, 6, 72, '2025-05-06 16:59:47', '2025-05-06 16:59:47', 'AZN'),
(565, 150.00, NULL, 1, 73, '2025-05-07 09:59:12', '2025-05-07 09:59:12', 'AZN'),
(566, 100.00, NULL, 2, 73, '2025-05-07 09:59:12', '2025-05-07 09:59:12', 'AZN'),
(567, 60.00, NULL, 3, 73, '2025-05-07 09:59:12', '2025-05-07 09:59:12', 'AZN'),
(568, 2000.00, NULL, 4, 73, '2025-05-07 09:59:12', '2025-05-07 09:59:12', 'AZN'),
(569, 1500.00, NULL, 5, 73, '2025-05-07 09:59:12', '2025-05-07 09:59:12', 'AZN'),
(570, 0.00, NULL, 6, 73, '2025-05-07 09:59:12', '2025-05-07 09:59:12', 'AZN'),
(595, 100.00, NULL, 1, 69, '2025-05-07 14:21:28', '2025-05-07 14:21:28', 'AZN'),
(596, 55.00, NULL, 2, 69, '2025-05-07 14:21:28', '2025-05-07 14:21:28', 'CNY'),
(597, 0.00, NULL, 3, 69, '2025-05-07 14:21:28', '2025-05-07 14:21:28', 'AZN'),
(598, 0.00, NULL, 4, 69, '2025-05-07 14:21:28', '2025-05-07 14:21:28', 'AZN'),
(599, 0.00, NULL, 5, 69, '2025-05-07 14:21:28', '2025-05-07 14:21:28', 'AZN'),
(600, 0.00, NULL, 6, 69, '2025-05-07 14:21:28', '2025-05-07 14:21:28', 'AZN'),
(601, 150.00, NULL, 1, 76, '2025-05-12 08:34:50', '2025-05-12 08:34:50', 'AZN'),
(602, 150.00, NULL, 2, 76, '2025-05-12 08:34:50', '2025-05-12 08:34:50', 'AZN'),
(603, 60.00, NULL, 3, 76, '2025-05-12 08:34:50', '2025-05-12 08:34:50', 'USD'),
(604, 400.00, NULL, 4, 76, '2025-05-12 08:34:50', '2025-05-12 08:34:50', 'CNY'),
(605, 600.00, NULL, 5, 76, '2025-05-12 08:34:50', '2025-05-12 08:34:50', 'CNY'),
(606, 0.00, NULL, 6, 76, '2025-05-12 08:34:50', '2025-05-12 08:34:50', 'AZN'),
(613, 300.00, NULL, 1, 77, '2025-05-12 09:10:21', '2025-05-12 09:10:21', 'CNY'),
(614, 150.00, NULL, 2, 77, '2025-05-12 09:10:21', '2025-05-12 09:10:21', 'USD'),
(615, 160.00, NULL, 3, 77, '2025-05-12 09:10:21', '2025-05-12 09:10:21', 'CNY'),
(616, 600.00, NULL, 4, 77, '2025-05-12 09:10:21', '2025-05-12 09:10:21', 'CNY'),
(617, 800.00, NULL, 5, 77, '2025-05-12 09:10:21', '2025-05-12 09:10:21', 'CNY'),
(618, 0.00, NULL, 6, 77, '2025-05-12 09:10:21', '2025-05-12 09:10:21', 'AZN'),
(619, 5.00, NULL, 1, 78, '2025-05-14 11:56:17', '2025-05-14 11:56:17', 'AZN'),
(620, 10.00, NULL, 2, 78, '2025-05-14 11:56:17', '2025-05-14 11:56:17', 'AZN'),
(621, 15.00, NULL, 3, 78, '2025-05-14 11:56:17', '2025-05-14 11:56:17', 'AZN'),
(622, 20.00, NULL, 4, 78, '2025-05-14 11:56:17', '2025-05-14 11:56:17', 'AZN'),
(623, 25.00, NULL, 5, 78, '2025-05-14 11:56:17', '2025-05-14 11:56:17', 'AZN'),
(624, 30.00, NULL, 6, 78, '2025-05-14 11:56:17', '2025-05-14 11:56:17', 'AZN'),
(631, 100.00, NULL, 1, 80, '2025-05-15 15:44:52', '2025-05-15 15:44:52', 'AZN'),
(632, 200.00, NULL, 2, 80, '2025-05-15 15:44:52', '2025-05-15 15:44:52', 'AZN'),
(633, 300.00, NULL, 3, 80, '2025-05-15 15:44:52', '2025-05-15 15:44:52', 'AZN'),
(634, 300.00, NULL, 4, 80, '2025-05-15 15:44:52', '2025-05-15 15:44:52', 'AZN'),
(635, 300.00, NULL, 5, 80, '2025-05-15 15:44:52', '2025-05-15 15:44:52', 'AZN'),
(636, 300.00, NULL, 6, 80, '2025-05-15 15:44:52', '2025-05-15 15:44:52', 'AZN'),
(643, 0.00, NULL, 1, 81, '2025-05-19 07:09:26', '2025-05-19 07:09:26', 'USD'),
(644, 85.00, NULL, 2, 81, '2025-05-19 07:09:26', '2025-05-19 07:09:26', 'USD'),
(645, 60.00, NULL, 3, 81, '2025-05-19 07:09:26', '2025-05-19 07:09:26', 'USD'),
(646, 10.00, NULL, 4, 81, '2025-05-19 07:09:26', '2025-05-19 07:09:26', 'USD'),
(647, 10.00, NULL, 5, 81, '2025-05-19 07:09:26', '2025-05-19 07:09:26', 'USD'),
(648, 100.00, NULL, 6, 81, '2025-05-19 07:09:26', '2025-05-19 07:09:26', 'USD'),
(649, 0.00, NULL, 1, 82, '2025-05-19 08:25:22', '2025-05-19 08:25:22', 'AZN'),
(650, 0.00, NULL, 2, 82, '2025-05-19 08:25:22', '2025-05-19 08:25:22', 'AZN'),
(651, 0.00, NULL, 3, 82, '2025-05-19 08:25:22', '2025-05-19 08:25:22', 'AZN'),
(652, 0.00, NULL, 4, 82, '2025-05-19 08:25:22', '2025-05-19 08:25:22', 'AZN'),
(653, 0.00, NULL, 5, 82, '2025-05-19 08:25:22', '2025-05-19 08:25:22', 'AZN'),
(654, 0.00, NULL, 6, 82, '2025-05-19 08:25:22', '2025-05-19 08:25:22', 'AZN'),
(655, 5.00, NULL, 1, 83, '2025-05-21 09:15:10', '2025-05-21 09:15:10', 'AZN'),
(656, 10.00, NULL, 2, 83, '2025-05-21 09:15:10', '2025-05-21 09:15:10', 'AZN'),
(657, 15.00, NULL, 3, 83, '2025-05-21 09:15:10', '2025-05-21 09:15:10', 'AZN'),
(658, 20.00, NULL, 4, 83, '2025-05-21 09:15:10', '2025-05-21 09:15:10', 'AZN'),
(659, 25.00, NULL, 5, 83, '2025-05-21 09:15:10', '2025-05-21 09:15:10', 'AZN'),
(660, 30.00, NULL, 6, 83, '2025-05-21 09:15:10', '2025-05-21 09:15:10', 'AZN'),
(673, 110.00, NULL, 1, 89, '2025-05-26 09:34:45', '2025-05-26 09:34:45', 'AZN'),
(674, 0.00, NULL, 2, 89, '2025-05-26 09:34:45', '2025-05-26 09:34:45', 'AZN'),
(675, 0.00, NULL, 3, 89, '2025-05-26 09:34:45', '2025-05-26 09:34:45', 'AZN'),
(676, 0.00, NULL, 4, 89, '2025-05-26 09:34:45', '2025-05-26 09:34:45', 'AZN'),
(677, 0.00, NULL, 5, 89, '2025-05-26 09:34:45', '2025-05-26 09:34:45', 'AZN'),
(678, 0.00, NULL, 6, 89, '2025-05-26 09:34:45', '2025-05-26 09:34:45', 'AZN'),
(679, 680.00, NULL, 1, 92, '2025-06-02 13:42:25', '2025-06-02 13:42:25', 'CNY'),
(680, 100.00, NULL, 2, 92, '2025-06-02 13:42:25', '2025-06-02 13:42:25', 'USD'),
(681, 240.00, NULL, 3, 92, '2025-06-02 13:42:25', '2025-06-02 13:42:25', 'CNY'),
(682, 500.00, NULL, 4, 92, '2025-06-02 13:42:25', '2025-06-02 13:42:25', 'CNY'),
(683, 100.00, NULL, 5, 92, '2025-06-02 13:42:25', '2025-06-02 13:42:25', 'USD'),
(684, 0.00, NULL, 6, 92, '2025-06-02 13:42:25', '2025-06-02 13:42:25', 'AZN'),
(685, 70.00, NULL, 1, 93, '2025-07-08 08:15:57', '2025-07-08 08:15:57', 'USD'),
(686, 85.00, NULL, 2, 93, '2025-07-08 08:15:57', '2025-07-08 08:15:57', 'USD'),
(687, 240.00, NULL, 3, 93, '2025-07-08 08:15:57', '2025-07-08 08:15:57', 'CNY'),
(688, 1200.00, NULL, 4, 93, '2025-07-08 08:15:57', '2025-07-08 08:15:57', 'CNY'),
(689, 150.00, NULL, 5, 93, '2025-07-08 08:15:57', '2025-07-08 08:15:57', 'USD'),
(690, 0.00, NULL, 6, 93, '2025-07-08 08:15:57', '2025-07-08 08:15:57', 'AZN'),
(697, 0.00, NULL, 1, 87, '2025-07-11 12:26:54', '2025-07-11 12:26:54', 'AZN'),
(698, 0.00, NULL, 2, 87, '2025-07-11 12:26:54', '2025-07-11 12:26:54', 'AZN'),
(699, 0.00, NULL, 3, 87, '2025-07-11 12:26:54', '2025-07-11 12:26:54', 'AZN'),
(700, 0.00, NULL, 4, 87, '2025-07-11 12:26:54', '2025-07-11 12:26:54', 'AZN'),
(701, 0.00, NULL, 5, 87, '2025-07-11 12:26:54', '2025-07-11 12:26:54', 'AZN'),
(702, 0.00, NULL, 6, 87, '2025-07-11 12:26:54', '2025-07-11 12:26:54', 'AZN'),
(727, 40.00, NULL, 1, 84, '2025-07-14 09:09:26', '2025-07-14 09:09:26', '₼'),
(728, 22.00, NULL, 2, 84, '2025-07-14 09:09:26', '2025-07-14 09:09:26', '₼'),
(729, 16.00, NULL, 3, 84, '2025-07-14 09:09:26', '2025-07-14 09:09:26', '₼'),
(730, 13.00, NULL, 4, 84, '2025-07-14 09:09:26', '2025-07-14 09:09:26', '₼'),
(731, 0.00, NULL, 5, 84, '2025-07-14 09:09:26', '2025-07-14 09:09:26', '₼'),
(732, 25.00, NULL, 6, 84, '2025-07-14 09:09:26', '2025-07-14 09:09:26', '₼'),
(739, 0.00, NULL, 1, 94, '2025-07-14 16:03:54', '2025-07-14 16:03:54', '₼'),
(740, 0.00, NULL, 2, 94, '2025-07-14 16:03:54', '2025-07-14 16:03:54', '₼'),
(741, 0.00, NULL, 3, 94, '2025-07-14 16:03:54', '2025-07-14 16:03:54', '₼'),
(742, 0.00, NULL, 4, 94, '2025-07-14 16:03:54', '2025-07-14 16:03:54', '₼'),
(743, 0.00, NULL, 5, 94, '2025-07-14 16:03:54', '2025-07-14 16:03:54', '₼'),
(744, 0.00, NULL, 6, 94, '2025-07-14 16:03:54', '2025-07-14 16:03:54', '₼'),
(751, 0.00, NULL, 1, 95, '2025-07-15 12:49:41', '2025-07-15 12:49:41', '₼'),
(752, 0.00, NULL, 2, 95, '2025-07-15 12:49:41', '2025-07-15 12:49:41', '₼'),
(753, 0.00, NULL, 3, 95, '2025-07-15 12:49:41', '2025-07-15 12:49:41', '₼'),
(754, 0.00, NULL, 4, 95, '2025-07-15 12:49:41', '2025-07-15 12:49:41', '₼'),
(755, 0.00, NULL, 5, 95, '2025-07-15 12:49:41', '2025-07-15 12:49:41', '₼'),
(756, 0.00, NULL, 6, 95, '2025-07-15 12:49:41', '2025-07-15 12:49:41', '₼'),
(757, 0.00, NULL, 1, 58, '2025-07-15 15:14:50', '2025-07-15 15:14:50', '₼'),
(758, 0.00, NULL, 2, 58, '2025-07-15 15:14:50', '2025-07-15 15:14:50', '₼'),
(759, 0.00, NULL, 3, 58, '2025-07-15 15:14:50', '2025-07-15 15:14:50', '₼'),
(760, 0.00, NULL, 4, 58, '2025-07-15 15:14:50', '2025-07-15 15:14:50', '₼'),
(761, 0.00, NULL, 5, 58, '2025-07-15 15:14:50', '2025-07-15 15:14:50', '₼'),
(762, 0.00, NULL, 6, 58, '2025-07-15 15:14:50', '2025-07-15 15:14:50', '₼'),
(763, 0.00, NULL, 1, 79, '2025-07-16 08:29:00', '2025-07-16 08:29:00', '₼'),
(764, 0.00, NULL, 2, 79, '2025-07-16 08:29:00', '2025-07-16 08:29:00', '₼'),
(765, 0.00, NULL, 3, 79, '2025-07-16 08:29:00', '2025-07-16 08:29:00', '₼'),
(766, 0.00, NULL, 4, 79, '2025-07-16 08:29:00', '2025-07-16 08:29:00', '₼'),
(767, 0.00, NULL, 5, 79, '2025-07-16 08:29:00', '2025-07-16 08:29:00', '₼'),
(768, 0.00, NULL, 6, 79, '2025-07-16 08:29:00', '2025-07-16 08:29:00', '₼'),
(769, 0.00, NULL, 1, 75, '2025-07-16 08:29:45', '2025-07-16 08:29:45', '₼'),
(770, 0.00, NULL, 2, 75, '2025-07-16 08:29:45', '2025-07-16 08:29:45', '₼'),
(771, 0.00, NULL, 3, 75, '2025-07-16 08:29:45', '2025-07-16 08:29:45', '₼'),
(772, 0.00, NULL, 4, 75, '2025-07-16 08:29:45', '2025-07-16 08:29:45', '₼'),
(773, 0.00, NULL, 5, 75, '2025-07-16 08:29:45', '2025-07-16 08:29:45', '₼'),
(774, 0.00, NULL, 6, 75, '2025-07-16 08:29:45', '2025-07-16 08:29:45', '₼'),
(781, 0.00, NULL, 1, 86, '2025-07-16 09:17:21', '2025-07-16 09:17:21', '₼'),
(782, 0.00, NULL, 2, 86, '2025-07-16 09:17:21', '2025-07-16 09:17:21', '₼'),
(783, 0.00, NULL, 3, 86, '2025-07-16 09:17:21', '2025-07-16 09:17:21', '₼'),
(784, 0.00, NULL, 4, 86, '2025-07-16 09:17:21', '2025-07-16 09:17:21', '₼'),
(785, 0.00, NULL, 5, 86, '2025-07-16 09:17:21', '2025-07-16 09:17:21', '₼'),
(786, 0.00, NULL, 6, 86, '2025-07-16 09:17:21', '2025-07-16 09:17:21', '₼'),
(787, 0.00, NULL, 1, 96, '2025-07-21 12:27:12', '2025-07-21 12:27:12', '₼'),
(788, 0.00, NULL, 2, 96, '2025-07-21 12:27:12', '2025-07-21 12:27:12', '₼'),
(789, 0.00, NULL, 3, 96, '2025-07-21 12:27:12', '2025-07-21 12:27:12', '₼'),
(790, 0.00, NULL, 4, 96, '2025-07-21 12:27:12', '2025-07-21 12:27:12', '₼'),
(791, 0.00, NULL, 5, 96, '2025-07-21 12:27:12', '2025-07-21 12:27:12', '₼'),
(792, 0.00, NULL, 6, 96, '2025-07-21 12:27:12', '2025-07-21 12:27:12', '₼'),
(793, 0.00, NULL, 1, 97, '2025-07-21 14:50:53', '2025-07-21 14:50:53', '₼'),
(794, 0.00, NULL, 2, 97, '2025-07-21 14:50:53', '2025-07-21 14:50:53', '₼'),
(795, 0.00, NULL, 3, 97, '2025-07-21 14:50:53', '2025-07-21 14:50:53', '₼'),
(796, 0.00, NULL, 4, 97, '2025-07-21 14:50:53', '2025-07-21 14:50:53', '₼'),
(797, 0.00, NULL, 5, 97, '2025-07-21 14:50:53', '2025-07-21 14:50:53', '₼'),
(798, 0.00, NULL, 6, 97, '2025-07-21 14:50:53', '2025-07-21 14:50:53', '₼'),
(805, 111.00, NULL, 1, 98, '2025-07-23 08:02:11', '2025-07-23 08:02:11', '₼'),
(806, 111.00, NULL, 2, 98, '2025-07-23 08:02:11', '2025-07-23 08:02:11', '₼'),
(807, 11.00, NULL, 3, 98, '2025-07-23 08:02:11', '2025-07-23 08:02:11', '₼'),
(808, 11.00, NULL, 4, 98, '2025-07-23 08:02:11', '2025-07-23 08:02:11', '₼'),
(809, 11.00, NULL, 5, 98, '2025-07-23 08:02:11', '2025-07-23 08:02:11', '₼'),
(810, 1.00, NULL, 6, 98, '2025-07-23 08:02:11', '2025-07-23 08:02:11', '₼'),
(811, 0.00, NULL, 1, 99, '2025-07-23 08:08:23', '2025-07-23 08:08:23', '₼'),
(812, 0.00, NULL, 2, 99, '2025-07-23 08:08:23', '2025-07-23 08:08:23', '₼'),
(813, 0.00, NULL, 3, 99, '2025-07-23 08:08:23', '2025-07-23 08:08:23', '₼'),
(814, 0.00, NULL, 4, 99, '2025-07-23 08:08:23', '2025-07-23 08:08:23', '₼'),
(815, 0.00, NULL, 5, 99, '2025-07-23 08:08:23', '2025-07-23 08:08:23', '₼'),
(816, 0.00, NULL, 6, 99, '2025-07-23 08:08:23', '2025-07-23 08:08:23', '₼'),
(817, 10.00, NULL, 1, 100, '2025-07-23 15:08:11', '2025-07-23 15:08:11', '₼'),
(818, 12.00, NULL, 2, 100, '2025-07-23 15:08:11', '2025-07-23 15:08:11', '₼'),
(819, 15.00, NULL, 3, 100, '2025-07-23 15:08:11', '2025-07-23 15:08:11', '₼'),
(820, 0.00, NULL, 4, 100, '2025-07-23 15:08:11', '2025-07-23 15:08:11', '₼'),
(821, 0.00, NULL, 5, 100, '2025-07-23 15:08:11', '2025-07-23 15:08:11', '₼'),
(822, 0.00, NULL, 6, 100, '2025-07-23 15:08:11', '2025-07-23 15:08:11', '₼'),
(823, 0.00, NULL, 1, 101, '2025-07-23 16:03:23', '2025-07-23 16:03:23', '₼'),
(824, 0.00, NULL, 2, 101, '2025-07-23 16:03:23', '2025-07-23 16:03:23', '₼'),
(825, 0.00, NULL, 3, 101, '2025-07-23 16:03:23', '2025-07-23 16:03:23', '₼'),
(826, 0.00, NULL, 4, 101, '2025-07-23 16:03:23', '2025-07-23 16:03:23', '₼'),
(827, 0.00, NULL, 5, 101, '2025-07-23 16:03:23', '2025-07-23 16:03:23', '₼'),
(828, 0.00, NULL, 6, 101, '2025-07-23 16:03:23', '2025-07-23 16:03:23', '₼');

-- --------------------------------------------------------

--
-- Table structure for table `order_reads`
--

CREATE TABLE `order_reads` (
  `id` bigint(20) UNSIGNED NOT NULL,
  `status` tinyint(1) NOT NULL DEFAULT '0',
  `user_id` bigint(20) UNSIGNED NOT NULL,
  `order_id` bigint(20) UNSIGNED NOT NULL,
  `created_at` timestamp NULL DEFAULT NULL,
  `updated_at` timestamp NULL DEFAULT NULL
) ENGINE=InnoDB DEFAULT CHARSET=utf8mb4 COLLATE=utf8mb4_unicode_ci;

--
-- Dumping data for table `order_reads`
--

INSERT INTO `order_reads` (`id`, `status`, `user_id`, `order_id`, `created_at`, `updated_at`) VALUES
(3, 0, 1, 41, '2025-03-31 21:45:45', '2025-03-31 21:45:45'),
(29, 0, 4, 47, '2025-04-14 10:16:34', '2025-04-14 10:16:34'),
(30, 0, 6, 47, '2025-04-14 10:16:34', '2025-04-14 10:16:34'),
(31, 0, 7, 47, '2025-04-14 10:16:34', '2025-04-14 10:16:34'),
(39, 0, 4, 49, '2025-04-18 05:29:39', '2025-04-18 05:29:39'),
(40, 1, 6, 49, '2025-04-18 05:29:39', '2025-07-12 09:22:11'),
(41, 0, 7, 49, '2025-04-18 05:29:39', '2025-04-18 05:29:39'),
(44, 0, 4, 50, '2025-04-18 06:32:57', '2025-04-18 06:32:57'),
(45, 0, 6, 50, '2025-04-18 06:32:57', '2025-04-18 06:32:57'),
(46, 0, 7, 50, '2025-04-18 06:32:57', '2025-04-18 06:32:57'),
(49, 0, 4, 51, '2025-04-18 06:34:01', '2025-04-18 06:34:01'),
(50, 1, 6, 51, '2025-04-18 06:34:01', '2025-07-11 13:51:53'),
(51, 1, 7, 51, '2025-04-18 06:34:01', '2025-05-22 13:07:05'),
(57, 0, 1, 53, '2025-04-19 08:25:18', '2025-04-19 08:25:18'),
(60, 0, 4, 53, '2025-04-19 08:25:18', '2025-04-19 08:25:18'),
(61, 0, 7, 53, '2025-04-19 08:25:18', '2025-04-19 08:25:18'),
(62, 0, 1, 54, '2025-04-19 08:32:20', '2025-04-19 08:32:20'),
(65, 0, 4, 54, '2025-04-19 08:32:20', '2025-04-19 08:32:20'),
(66, 0, 7, 54, '2025-04-19 08:32:20', '2025-04-19 08:32:20'),
(67, 1, 1, 55, '2025-04-19 09:10:42', '2025-04-22 08:41:22'),
(70, 0, 4, 55, '2025-04-19 09:10:42', '2025-04-19 09:10:42'),
(71, 0, 7, 55, '2025-04-19 09:10:42', '2025-04-19 09:10:42'),
(72, 1, 1, 56, '2025-04-22 09:17:16', '2025-04-23 10:58:25'),
(75, 0, 4, 56, '2025-04-22 09:17:16', '2025-04-22 09:17:16'),
(76, 0, 7, 56, '2025-04-22 09:17:16', '2025-04-22 09:17:16'),
(77, 0, 1, 57, '2025-04-22 10:42:08', '2025-04-22 10:42:08'),
(80, 0, 4, 57, '2025-04-22 10:42:08', '2025-04-22 10:42:08'),
(81, 0, 7, 57, '2025-04-22 10:42:08', '2025-04-22 10:42:08'),
(82, 1, 1, 58, '2025-04-22 10:52:47', '2025-07-15 15:14:34'),
(85, 0, 4, 58, '2025-04-22 10:52:47', '2025-04-22 10:52:47'),
(86, 0, 7, 58, '2025-04-22 10:52:47', '2025-04-22 10:52:47'),
(87, 1, 1, 59, '2025-04-22 10:55:00', '2025-04-23 11:00:51'),
(90, 0, 4, 59, '2025-04-22 10:55:00', '2025-04-22 10:55:00'),
(91, 0, 7, 59, '2025-04-22 10:55:00', '2025-04-22 10:55:00'),
(92, 1, 1, 60, '2025-04-22 12:53:16', '2025-04-23 11:01:15'),
(95, 0, 4, 60, '2025-04-22 12:53:16', '2025-04-22 12:53:16'),
(96, 0, 7, 60, '2025-04-22 12:53:16', '2025-04-22 12:53:16'),
(99, 0, 4, 61, '2025-04-23 11:05:00', '2025-04-23 11:05:00'),
(100, 0, 6, 61, '2025-04-23 11:05:00', '2025-04-23 11:05:00'),
(101, 0, 7, 61, '2025-04-23 11:05:00', '2025-04-23 11:05:00'),
(104, 0, 4, 62, '2025-04-23 11:12:08', '2025-04-23 11:12:08'),
(105, 0, 6, 62, '2025-04-23 11:12:08', '2025-04-23 11:12:08'),
(106, 0, 7, 62, '2025-04-23 11:12:08', '2025-04-23 11:12:08'),
(107, 0, 1, 63, '2025-04-24 08:09:04', '2025-04-24 08:09:04'),
(110, 0, 4, 63, '2025-04-24 08:09:04', '2025-04-24 08:09:04'),
(111, 0, 7, 63, '2025-04-24 08:09:04', '2025-04-24 08:09:04'),
(112, 1, 1, 64, '2025-04-24 08:23:17', '2025-05-15 16:55:25'),
(115, 0, 4, 64, '2025-04-24 08:23:17', '2025-04-24 08:23:17'),
(116, 0, 7, 64, '2025-04-24 08:23:17', '2025-04-24 08:23:17'),
(117, 1, 1, 65, '2025-04-25 08:40:17', '2025-05-14 13:53:02'),
(120, 0, 4, 65, '2025-04-25 08:40:17', '2025-04-25 08:40:17'),
(121, 0, 7, 65, '2025-04-25 08:40:17', '2025-04-25 08:40:17'),
(122, 0, 1, 66, '2025-04-25 08:45:09', '2025-04-25 08:45:09'),
(125, 0, 4, 66, '2025-04-25 08:45:09', '2025-04-25 08:45:09'),
(126, 0, 7, 66, '2025-04-25 08:45:09', '2025-04-25 08:45:09'),
(127, 0, 1, 67, '2025-04-28 12:10:08', '2025-04-28 12:10:08'),
(130, 0, 4, 67, '2025-04-28 12:10:08', '2025-04-28 12:10:08'),
(131, 0, 7, 67, '2025-04-28 12:10:08', '2025-04-28 12:10:08'),
(134, 0, 4, 68, '2025-04-29 09:02:35', '2025-04-29 09:02:35'),
(135, 0, 6, 68, '2025-04-29 09:02:35', '2025-04-29 09:02:35'),
(136, 0, 7, 68, '2025-04-29 09:02:35', '2025-04-29 09:02:35'),
(139, 0, 4, 69, '2025-05-05 09:34:22', '2025-05-05 09:34:22'),
(140, 0, 6, 69, '2025-05-05 09:34:22', '2025-05-05 09:34:22'),
(141, 0, 7, 69, '2025-05-05 09:34:22', '2025-05-05 09:34:22'),
(142, 0, 1, 70, '2025-05-05 09:44:36', '2025-05-05 09:44:36'),
(145, 0, 4, 70, '2025-05-05 09:44:36', '2025-05-05 09:44:36'),
(146, 0, 7, 70, '2025-05-05 09:44:36', '2025-05-05 09:44:36'),
(147, 0, 1, 71, '2025-05-06 09:00:09', '2025-05-06 09:00:09'),
(150, 0, 4, 71, '2025-05-06 09:00:09', '2025-05-06 09:00:09'),
(151, 0, 7, 71, '2025-05-06 09:00:09', '2025-05-06 09:00:09'),
(152, 0, 1, 72, '2025-05-06 16:59:08', '2025-05-06 16:59:08'),
(155, 0, 4, 72, '2025-05-06 16:59:08', '2025-05-06 16:59:08'),
(156, 0, 7, 72, '2025-05-06 16:59:08', '2025-05-06 16:59:08'),
(157, 0, 1, 73, '2025-05-07 09:54:41', '2025-05-07 09:54:41'),
(160, 0, 4, 73, '2025-05-07 09:54:41', '2025-05-07 09:54:41'),
(161, 0, 7, 73, '2025-05-07 09:54:41', '2025-05-07 09:54:41'),
(164, 0, 4, 74, '2025-05-10 17:26:06', '2025-05-10 17:26:06'),
(165, 0, 6, 74, '2025-05-10 17:26:06', '2025-05-10 17:26:06'),
(166, 0, 7, 74, '2025-05-10 17:26:06', '2025-05-10 17:26:06'),
(167, 1, 1, 75, '2025-05-11 14:14:35', '2025-07-16 08:29:21'),
(170, 0, 4, 75, '2025-05-11 14:14:35', '2025-05-11 14:14:35'),
(171, 0, 7, 75, '2025-05-11 14:14:35', '2025-05-11 14:14:35'),
(172, 1, 1, 76, '2025-05-12 08:02:09', '2025-05-14 17:24:52'),
(175, 0, 4, 76, '2025-05-12 08:02:09', '2025-05-12 08:02:09'),
(176, 0, 7, 76, '2025-05-12 08:02:09', '2025-05-12 08:02:09'),
(177, 0, 1, 77, '2025-05-12 08:52:31', '2025-05-12 08:52:31'),
(180, 0, 4, 77, '2025-05-12 08:52:31', '2025-05-12 08:52:31'),
(181, 0, 7, 77, '2025-05-12 08:52:31', '2025-05-12 08:52:31'),
(184, 0, 4, 78, '2025-05-14 11:55:45', '2025-05-14 11:55:45'),
(185, 0, 6, 78, '2025-05-14 11:55:45', '2025-05-14 11:55:45'),
(186, 0, 7, 78, '2025-05-14 11:55:45', '2025-05-14 11:55:45'),
(189, 0, 4, 79, '2025-05-15 12:32:34', '2025-05-15 12:32:34'),
(190, 1, 6, 79, '2025-05-15 12:32:34', '2025-05-15 15:42:51'),
(191, 1, 7, 79, '2025-05-15 12:32:34', '2025-05-22 13:06:55'),
(194, 0, 4, 80, '2025-05-15 12:36:54', '2025-05-15 12:36:54'),
(195, 1, 6, 80, '2025-05-15 12:36:54', '2025-05-15 15:43:01'),
(196, 0, 7, 80, '2025-05-15 12:36:54', '2025-05-15 12:36:54'),
(197, 0, 1, 81, '2025-05-19 07:00:04', '2025-05-19 07:00:04'),
(200, 0, 4, 81, '2025-05-19 07:00:04', '2025-05-19 07:00:04'),
(201, 0, 7, 81, '2025-05-19 07:00:04', '2025-05-19 07:00:04'),
(202, 0, 9, 81, '2025-05-19 07:00:04', '2025-05-19 07:00:04'),
(203, 0, 10, 81, '2025-05-19 07:00:04', '2025-05-19 07:00:04'),
(204, 0, 1, 82, '2025-05-19 08:22:54', '2025-05-19 08:22:54'),
(207, 0, 4, 82, '2025-05-19 08:22:54', '2025-05-19 08:22:54'),
(208, 0, 7, 82, '2025-05-19 08:22:54', '2025-05-19 08:22:54'),
(209, 0, 9, 82, '2025-05-19 08:22:54', '2025-05-19 08:22:54'),
(210, 0, 10, 82, '2025-05-19 08:22:54', '2025-05-19 08:22:54'),
(213, 0, 4, 83, '2025-05-21 09:14:41', '2025-05-21 09:14:41'),
(214, 0, 6, 83, '2025-05-21 09:14:41', '2025-05-21 09:14:41'),
(215, 0, 7, 83, '2025-05-21 09:14:41', '2025-05-21 09:14:41'),
(216, 0, 9, 83, '2025-05-21 09:14:41', '2025-05-21 09:14:41'),
(217, 0, 10, 83, '2025-05-21 09:14:41', '2025-05-21 09:14:41'),
(218, 1, 1, 84, '2025-05-22 14:27:13', '2025-07-11 16:52:05'),
(221, 0, 4, 84, '2025-05-22 14:27:13', '2025-05-22 14:27:13'),
(222, 1, 6, 84, '2025-05-22 14:27:13', '2025-05-22 14:31:24'),
(223, 0, 9, 84, '2025-05-22 14:27:13', '2025-05-22 14:27:13'),
(224, 0, 10, 84, '2025-05-22 14:27:13', '2025-05-22 14:27:13'),
(225, 0, 1, 85, '2025-05-22 14:33:28', '2025-05-22 14:33:28'),
(228, 0, 4, 85, '2025-05-22 14:33:28', '2025-05-22 14:33:28'),
(229, 0, 6, 85, '2025-05-22 14:33:28', '2025-05-22 14:33:28'),
(230, 0, 9, 85, '2025-05-22 14:33:28', '2025-05-22 14:33:28'),
(231, 0, 10, 85, '2025-05-22 14:33:28', '2025-05-22 14:33:28'),
(232, 1, 1, 86, '2025-05-22 14:33:32', '2025-07-11 16:54:08'),
(235, 0, 4, 86, '2025-05-22 14:33:32', '2025-05-22 14:33:32'),
(236, 0, 7, 86, '2025-05-22 14:33:32', '2025-05-22 14:33:32'),
(237, 0, 9, 86, '2025-05-22 14:33:32', '2025-05-22 14:33:32'),
(238, 0, 10, 86, '2025-05-22 14:33:32', '2025-05-22 14:33:32'),
(239, 1, 1, 87, '2025-05-22 14:42:36', '2025-07-11 12:26:45'),
(242, 0, 4, 87, '2025-05-22 14:42:36', '2025-05-22 14:42:36'),
(243, 0, 7, 87, '2025-05-22 14:42:36', '2025-05-22 14:42:36'),
(244, 0, 9, 87, '2025-05-22 14:42:36', '2025-05-22 14:42:36'),
(245, 0, 10, 87, '2025-05-22 14:42:36', '2025-05-22 14:42:36'),
(246, 0, 1, 88, '2025-05-23 08:52:56', '2025-05-23 08:52:56'),
(249, 0, 4, 88, '2025-05-23 08:52:56', '2025-05-23 08:52:56'),
(250, 0, 6, 88, '2025-05-23 08:52:56', '2025-05-23 08:52:56'),
(251, 0, 9, 88, '2025-05-23 08:52:56', '2025-05-23 08:52:56'),
(252, 0, 10, 88, '2025-05-23 08:52:56', '2025-05-23 08:52:56'),
(253, 0, 1, 89, '2025-05-23 09:29:34', '2025-05-23 09:29:34'),
(256, 0, 4, 89, '2025-05-23 09:29:34', '2025-05-23 09:29:34'),
(257, 0, 6, 89, '2025-05-23 09:29:34', '2025-05-23 09:29:34'),
(258, 0, 9, 89, '2025-05-23 09:29:34', '2025-05-23 09:29:34'),
(259, 1, 10, 89, '2025-05-23 09:29:34', '2025-05-26 09:33:17'),
(260, 0, 1, 90, '2025-05-23 09:52:50', '2025-05-23 09:52:50'),
(263, 0, 4, 90, '2025-05-23 09:52:50', '2025-05-23 09:52:50'),
(264, 1, 6, 90, '2025-05-23 09:52:50', '2025-05-24 11:57:32'),
(265, 0, 9, 90, '2025-05-23 09:52:50', '2025-05-23 09:52:50'),
(266, 0, 10, 90, '2025-05-23 09:52:50', '2025-05-23 09:52:50'),
(267, 0, 1, 91, '2025-05-23 11:15:14', '2025-05-23 11:15:14'),
(270, 0, 4, 91, '2025-05-23 11:15:14', '2025-05-23 11:15:14'),
(271, 0, 7, 91, '2025-05-23 11:15:14', '2025-05-23 11:15:14'),
(272, 0, 9, 91, '2025-05-23 11:15:14', '2025-05-23 11:15:14'),
(273, 1, 10, 91, '2025-05-23 11:15:14', '2025-05-26 09:31:24'),
(274, 0, 1, 92, '2025-06-02 13:39:25', '2025-06-02 13:39:25'),
(277, 0, 4, 92, '2025-06-02 13:39:25', '2025-06-02 13:39:25'),
(278, 0, 7, 92, '2025-06-02 13:39:25', '2025-06-02 13:39:25'),
(279, 0, 9, 92, '2025-06-02 13:39:25', '2025-06-02 13:39:25'),
(280, 0, 10, 92, '2025-06-02 13:39:25', '2025-06-02 13:39:25'),
(281, 0, 1, 93, '2025-07-08 08:13:48', '2025-07-08 08:13:48'),
(284, 0, 4, 93, '2025-07-08 08:13:48', '2025-07-08 08:13:48'),
(285, 0, 7, 93, '2025-07-08 08:13:48', '2025-07-08 08:13:48'),
(286, 0, 9, 93, '2025-07-08 08:13:48', '2025-07-08 08:13:48'),
(287, 0, 10, 93, '2025-07-08 08:13:48', '2025-07-08 08:13:48'),
(288, 0, 11, 93, '2025-07-08 08:13:48', '2025-07-08 08:13:48'),
(289, 0, 13, 93, '2025-07-08 08:13:48', '2025-07-08 08:13:48'),
(290, 0, 15, 93, '2025-07-08 08:13:48', '2025-07-08 08:13:48'),
(291, 0, 1, 94, '2025-07-14 10:24:32', '2025-07-14 10:24:32'),
(294, 0, 4, 94, '2025-07-14 10:24:32', '2025-07-14 10:24:32'),
(295, 0, 7, 94, '2025-07-14 10:24:32', '2025-07-14 10:24:32'),
(296, 0, 9, 94, '2025-07-14 10:24:32', '2025-07-14 10:24:32'),
(297, 0, 10, 94, '2025-07-14 10:24:32', '2025-07-14 10:24:32'),
(298, 0, 11, 94, '2025-07-14 10:24:32', '2025-07-14 10:24:32'),
(299, 0, 13, 94, '2025-07-14 10:24:32', '2025-07-14 10:24:32'),
(300, 0, 15, 94, '2025-07-14 10:24:32', '2025-07-14 10:24:32'),
(303, 0, 4, 95, '2025-07-15 12:48:09', '2025-07-15 12:48:09'),
(304, 0, 6, 95, '2025-07-15 12:48:09', '2025-07-15 12:48:09'),
(305, 0, 7, 95, '2025-07-15 12:48:09', '2025-07-15 12:48:09'),
(306, 0, 9, 95, '2025-07-15 12:48:09', '2025-07-15 12:48:09'),
(307, 0, 10, 95, '2025-07-15 12:48:09', '2025-07-15 12:48:09'),
(308, 0, 11, 95, '2025-07-15 12:48:09', '2025-07-15 12:48:09'),
(309, 0, 13, 95, '2025-07-15 12:48:09', '2025-07-15 12:48:09'),
(310, 0, 15, 95, '2025-07-15 12:48:09', '2025-07-15 12:48:09'),
(313, 0, 4, 96, '2025-07-21 12:26:46', '2025-07-21 12:26:46'),
(314, 0, 6, 96, '2025-07-21 12:26:46', '2025-07-21 12:26:46'),
(315, 0, 7, 96, '2025-07-21 12:26:46', '2025-07-21 12:26:46'),
(316, 0, 9, 96, '2025-07-21 12:26:46', '2025-07-21 12:26:46'),
(317, 0, 10, 96, '2025-07-21 12:26:46', '2025-07-21 12:26:46'),
(318, 0, 11, 96, '2025-07-21 12:26:46', '2025-07-21 12:26:46'),
(319, 0, 13, 96, '2025-07-21 12:26:46', '2025-07-21 12:26:46'),
(320, 0, 15, 96, '2025-07-21 12:26:46', '2025-07-21 12:26:46'),
(323, 0, 4, 97, '2025-07-21 14:50:15', '2025-07-21 14:50:15'),
(324, 0, 6, 97, '2025-07-21 14:50:15', '2025-07-21 14:50:15'),
(325, 0, 7, 97, '2025-07-21 14:50:15', '2025-07-21 14:50:15'),
(326, 0, 9, 97, '2025-07-21 14:50:15', '2025-07-21 14:50:15'),
(327, 0, 10, 97, '2025-07-21 14:50:15', '2025-07-21 14:50:15'),
(328, 0, 11, 97, '2025-07-21 14:50:15', '2025-07-21 14:50:15'),
(329, 0, 13, 97, '2025-07-21 14:50:15', '2025-07-21 14:50:15'),
(330, 0, 15, 97, '2025-07-21 14:50:15', '2025-07-21 14:50:15'),
(333, 0, 4, 98, '2025-07-23 07:55:32', '2025-07-23 07:55:32'),
(334, 0, 6, 98, '2025-07-23 07:55:32', '2025-07-23 07:55:32'),
(335, 0, 7, 98, '2025-07-23 07:55:32', '2025-07-23 07:55:32'),
(336, 0, 9, 98, '2025-07-23 07:55:32', '2025-07-23 07:55:32'),
(337, 0, 10, 98, '2025-07-23 07:55:32', '2025-07-23 07:55:32'),
(338, 0, 11, 98, '2025-07-23 07:55:32', '2025-07-23 07:55:32'),
(339, 0, 13, 98, '2025-07-23 07:55:32', '2025-07-23 07:55:32'),
(340, 0, 15, 98, '2025-07-23 07:55:32', '2025-07-23 07:55:32'),
(343, 0, 4, 99, '2025-07-23 08:06:58', '2025-07-23 08:06:58'),
(344, 0, 6, 99, '2025-07-23 08:06:58', '2025-07-23 08:06:58'),
(345, 0, 7, 99, '2025-07-23 08:06:58', '2025-07-23 08:06:58'),
(346, 0, 9, 99, '2025-07-23 08:06:58', '2025-07-23 08:06:58'),
(347, 0, 10, 99, '2025-07-23 08:06:58', '2025-07-23 08:06:58'),
(348, 0, 11, 99, '2025-07-23 08:06:58', '2025-07-23 08:06:58'),
(349, 0, 13, 99, '2025-07-23 08:06:58', '2025-07-23 08:06:58'),
(350, 0, 15, 99, '2025-07-23 08:06:58', '2025-07-23 08:06:58'),
(351, 0, 4, 100, '2025-07-23 15:05:02', '2025-07-23 15:05:02'),
(352, 0, 6, 100, '2025-07-23 15:05:02', '2025-07-23 15:05:02'),
(353, 0, 7, 100, '2025-07-23 15:05:02', '2025-07-23 15:05:02'),
(354, 0, 9, 100, '2025-07-23 15:05:02', '2025-07-23 15:05:02'),
(355, 0, 10, 100, '2025-07-23 15:05:02', '2025-07-23 15:05:02'),
(356, 0, 11, 100, '2025-07-23 15:05:02', '2025-07-23 15:05:02'),
(357, 0, 13, 100, '2025-07-23 15:05:02', '2025-07-23 15:05:02'),
(358, 0, 15, 100, '2025-07-23 15:05:02', '2025-07-23 15:05:02'),
(359, 0, 24, 100, '2025-07-23 15:05:02', '2025-07-23 15:05:02'),
(360, 0, 4, 101, '2025-07-23 16:02:27', '2025-07-23 16:02:27'),
(361, 0, 6, 101, '2025-07-23 16:02:27', '2025-07-23 16:02:27'),
(362, 0, 7, 101, '2025-07-23 16:02:27', '2025-07-23 16:02:27'),
(363, 0, 9, 101, '2025-07-23 16:02:27', '2025-07-23 16:02:27'),
(364, 0, 10, 101, '2025-07-23 16:02:27', '2025-07-23 16:02:27'),
(365, 0, 11, 101, '2025-07-23 16:02:27', '2025-07-23 16:02:27'),
(366, 0, 13, 101, '2025-07-23 16:02:27', '2025-07-23 16:02:27'),
(367, 0, 15, 101, '2025-07-23 16:02:27', '2025-07-23 16:02:27'),
(368, 0, 24, 101, '2025-07-23 16:02:27', '2025-07-23 16:02:27'),
(369, 0, 4, 102, '2025-07-25 13:25:32', '2025-07-25 13:25:32'),
(370, 0, 6, 102, '2025-07-25 13:25:32', '2025-07-25 13:25:32'),
(371, 0, 7, 102, '2025-07-25 13:25:32', '2025-07-25 13:25:32'),
(372, 0, 9, 102, '2025-07-25 13:25:32', '2025-07-25 13:25:32'),
(373, 0, 10, 102, '2025-07-25 13:25:32', '2025-07-25 13:25:32'),
(374, 0, 11, 102, '2025-07-25 13:25:32', '2025-07-25 13:25:32'),
(375, 0, 13, 102, '2025-07-25 13:25:32', '2025-07-25 13:25:32'),
(376, 0, 15, 102, '2025-07-25 13:25:32', '2025-07-25 13:25:32'),
(377, 0, 24, 102, '2025-07-25 13:25:32', '2025-07-25 13:25:32'),
(378, 0, 1, 103, '2025-07-28 13:07:00', '2025-07-28 13:07:00'),
(379, 0, 4, 103, '2025-07-28 13:07:00', '2025-07-28 13:07:00'),
(380, 0, 6, 103, '2025-07-28 13:07:00', '2025-07-28 13:07:00'),
(381, 0, 7, 103, '2025-07-28 13:07:00', '2025-07-28 13:07:00'),
(382, 0, 9, 103, '2025-07-28 13:07:00', '2025-07-28 13:07:00'),
(383, 0, 10, 103, '2025-07-28 13:07:00', '2025-07-28 13:07:00'),
(384, 0, 11, 103, '2025-07-28 13:07:00', '2025-07-28 13:07:00'),
(385, 0, 13, 103, '2025-07-28 13:07:00', '2025-07-28 13:07:00'),
(386, 0, 15, 103, '2025-07-28 13:07:00', '2025-07-28 13:07:00'),
(387, 0, 24, 103, '2025-07-28 13:07:00', '2025-07-28 13:07:00');

-- --------------------------------------------------------

--
-- Table structure for table `order_rejects`
--

CREATE TABLE `order_rejects` (
  `id` bigint(20) UNSIGNED NOT NULL,
  `note` text COLLATE utf8mb4_unicode_ci,
  `reject_reason_id` bigint(20) UNSIGNED NOT NULL,
  `order_id` bigint(20) UNSIGNED NOT NULL,
  `user_id` bigint(20) UNSIGNED DEFAULT NULL,
  `created_at` timestamp NULL DEFAULT NULL,
  `updated_at` timestamp NULL DEFAULT NULL
) ENGINE=InnoDB DEFAULT CHARSET=utf8mb4 COLLATE=utf8mb4_unicode_ci;

--
-- Dumping data for table `order_rejects`
--

INSERT INTO `order_rejects` (`id`, `note`, `reject_reason_id`, `order_id`, `user_id`, `created_at`, `updated_at`) VALUES
(1, 'lksajnflsafnl', 1, 5, 1, '2025-03-08 05:53:35', '2025-03-08 05:53:35'),
(2, ';lsmv', 1, 15, 1, '2025-03-13 10:27:40', '2025-03-13 10:27:40'),
(3, 'fsd;lmkgmd', 2, 11, 1, '2025-03-13 10:28:08', '2025-03-13 10:28:08'),
(4, 'Qiymət bahadır', 1, 76, 6, '2025-05-14 16:22:44', '2025-05-14 16:22:44'),
(5, '100 e veren var', 1, 84, 1, '2025-07-16 09:16:06', '2025-07-16 09:16:06');

-- --------------------------------------------------------

--
-- Table structure for table `order_services`
--

CREATE TABLE `order_services` (
  `id` bigint(20) UNSIGNED NOT NULL,
  `purchase_price` decimal(8,2) DEFAULT NULL,
  `sale_price` decimal(8,2) DEFAULT NULL,
  `date` date DEFAULT NULL,
  `start_date` date DEFAULT NULL,
  `end_date` date DEFAULT NULL,
  `last_payment_date` date DEFAULT NULL,
  `note` text COLLATE utf8mb4_unicode_ci,
  `document_type` varchar(255) COLLATE utf8mb4_unicode_ci DEFAULT NULL,
  `service_id` bigint(20) UNSIGNED DEFAULT NULL,
  `expense_type_id` bigint(20) UNSIGNED DEFAULT NULL,
  `vendor_id` bigint(20) UNSIGNED DEFAULT NULL,
  `order_id` bigint(20) UNSIGNED NOT NULL,
  `created_at` timestamp NULL DEFAULT NULL,
  `updated_at` timestamp NULL DEFAULT NULL,
  `purchase_currency` varchar(255) COLLATE utf8mb4_unicode_ci DEFAULT NULL,
  `sale_currency` varchar(255) COLLATE utf8mb4_unicode_ci DEFAULT NULL,
  `order_item_id` bigint(20) UNSIGNED NOT NULL
) ENGINE=InnoDB DEFAULT CHARSET=utf8mb4 COLLATE=utf8mb4_unicode_ci;

--
-- Dumping data for table `order_services`
--

INSERT INTO `order_services` (`id`, `purchase_price`, `sale_price`, `date`, `start_date`, `end_date`, `last_payment_date`, `note`, `document_type`, `service_id`, `expense_type_id`, `vendor_id`, `order_id`, `created_at`, `updated_at`, `purchase_currency`, `sale_currency`, `order_item_id`) VALUES
(2, 1000.00, 2000.00, '2025-04-30', NULL, NULL, NULL, NULL, NULL, 3, NULL, 2, 59, '2025-04-23 16:23:11', '2025-07-23 14:03:33', NULL, NULL, 29),
(3, 1000.00, 2000.00, '2025-04-30', NULL, NULL, NULL, 'zskdnszlkcn', NULL, 2, NULL, 2, 59, '2025-04-23 16:23:41', '2025-07-23 14:03:33', NULL, NULL, 29),
(5, 100.00, 250.00, '2025-04-30', NULL, NULL, NULL, NULL, NULL, 1, 1, 2, 64, '2025-04-24 08:33:26', '2025-07-23 14:03:33', NULL, NULL, 17),
(8, 1000.00, 2000.00, '2025-04-24', NULL, NULL, NULL, 'lknlnlnn', 'Declaration', 2, NULL, 1, 59, '2025-04-24 08:49:43', '2025-07-23 14:03:33', NULL, NULL, 29),
(9, 0.00, 230.00, '2025-04-25', '2025-04-26', '2025-06-26', NULL, NULL, NULL, 1, 4, 1, 65, '2025-04-25 09:55:51', '2025-07-23 14:03:33', NULL, NULL, 35),
(11, 1000.00, 2000.00, '2025-04-29', NULL, NULL, NULL, 'kjbkbkb', NULL, 1, 2, 2, 59, '2025-04-29 11:50:21', '2025-07-23 14:03:33', 'USD', 'AZN', 29),
(12, 300.00, 100.00, '2025-05-20', NULL, NULL, NULL, NULL, NULL, 3, NULL, 2, 67, '2025-05-14 16:12:49', '2025-07-23 14:03:33', 'CNY', 'USD', 133),
(13, 100.00, 150.00, '2025-05-15', NULL, NULL, NULL, NULL, 'Mənşə sertifikatı', 2, NULL, 2, 80, '2025-05-15 16:35:21', '2025-07-23 14:03:33', 'AZN', 'AZN', 142),
(14, 100.00, 150.00, '2025-05-26', NULL, NULL, NULL, 'dsalkjbnclkasjd', 'Mənşə sertifikatı', 2, NULL, 2, 81, '2025-05-26 09:37:30', '2025-07-23 14:03:33', 'AZN', 'AZN', 146),
(15, 650.00, 1250.00, '2025-07-30', NULL, NULL, NULL, NULL, 'Declaration', 2, NULL, 2, 93, '2025-07-08 15:57:39', '2025-07-23 14:03:33', 'USD', 'USD', 171),
(16, 100.00, 150.00, '2025-07-23', NULL, NULL, NULL, NULL, 'Declaration', 2, NULL, 2, 98, '2025-07-23 08:35:27', '2025-07-23 14:03:33', 'AZN', 'AZN', 251),
(17, 100.00, 1500.00, '2025-07-23', NULL, NULL, NULL, NULL, NULL, 3, NULL, 2, 98, '2025-07-23 08:36:21', '2025-07-23 14:03:33', 'AZN', 'AZN', 251),
(18, 200.00, 300.00, '2025-07-23', '2025-07-23', NULL, NULL, NULL, NULL, 3, NULL, 1, 98, '2025-07-23 14:30:53', '2025-07-23 14:33:42', 'AZN', 'AZN', 252),
(19, 300.00, 250.00, '2025-07-30', NULL, NULL, NULL, NULL, NULL, 3, NULL, 2, 88, '2025-07-23 14:39:53', '2025-07-23 14:39:53', 'CNY', 'USD', 257),
(20, 100.00, 200.00, '2025-07-23', NULL, NULL, NULL, 'asfndg', 'Declaration', 2, NULL, 1, 100, '2025-07-23 15:56:26', '2025-07-23 15:56:26', 'AZN', 'AZN', 313);

-- --------------------------------------------------------

--
-- Table structure for table `order_sizes`
--

CREATE TABLE `order_sizes` (
  `id` bigint(20) UNSIGNED NOT NULL,
  `width` decimal(8,2) DEFAULT NULL,
  `height` decimal(8,2) DEFAULT NULL,
  `length` decimal(8,2) DEFAULT NULL,
  `order_id` bigint(20) UNSIGNED NOT NULL,
  `created_at` timestamp NULL DEFAULT NULL,
  `updated_at` timestamp NULL DEFAULT NULL
) ENGINE=InnoDB DEFAULT CHARSET=utf8mb4 COLLATE=utf8mb4_unicode_ci;

--
-- Dumping data for table `order_sizes`
--

INSERT INTO `order_sizes` (`id`, `width`, `height`, `length`, `order_id`, `created_at`, `updated_at`) VALUES
(9, NULL, NULL, NULL, 53, '2025-04-19 10:23:10', '2025-04-19 10:23:10'),
(13, NULL, NULL, NULL, 55, '2025-04-21 07:24:36', '2025-04-21 07:24:36'),
(14, NULL, NULL, NULL, 56, '2025-04-22 09:17:16', '2025-04-22 09:17:16'),
(15, NULL, NULL, NULL, 57, '2025-04-22 10:42:09', '2025-04-22 10:42:09'),
(16, NULL, NULL, NULL, 58, '2025-04-22 10:52:47', '2025-04-22 10:52:47'),
(21, NULL, NULL, NULL, 60, '2025-04-22 13:11:58', '2025-04-22 13:11:58'),
(22, 5.00, 2.00, 2.50, 61, '2025-04-23 11:05:00', '2025-04-23 11:05:00'),
(23, 4.00, 2.20, 7.00, 62, '2025-04-23 11:12:08', '2025-04-23 11:12:08'),
(30, 1.00, 0.70, 2.00, 64, '2025-04-24 08:29:38', '2025-04-24 08:29:38'),
(31, 1.40, 0.70, 4.00, 64, '2025-04-24 08:29:38', '2025-04-24 08:29:38'),
(33, NULL, NULL, NULL, 66, '2025-04-25 08:45:09', '2025-04-25 08:45:09'),
(37, 2.30, 1.00, 4.00, 59, '2025-04-25 11:07:35', '2025-04-25 11:07:35'),
(43, 1.50, 1.20, 1.10, 70, '2025-05-05 09:55:54', '2025-05-05 09:55:54'),
(45, NULL, NULL, NULL, 65, '2025-05-06 08:55:04', '2025-05-06 08:55:04'),
(47, 2.30, 0.80, 2.00, 71, '2025-05-06 09:04:13', '2025-05-06 09:04:13'),
(48, 1.50, 1.20, 1.10, 71, '2025-05-06 09:04:13', '2025-05-06 09:04:13'),
(50, 2.00, 5.00, 2.00, 72, '2025-05-06 17:05:26', '2025-05-06 17:05:26'),
(54, 2.30, 0.80, 2.00, 73, '2025-05-07 10:06:29', '2025-05-07 10:06:29'),
(55, 1.50, 1.20, 3.00, 73, '2025-05-07 10:06:29', '2025-05-07 10:06:29'),
(56, NULL, NULL, NULL, 68, '2025-05-07 14:28:11', '2025-05-07 14:28:11'),
(57, 5.00, 3.00, 7.00, 74, '2025-05-10 17:26:06', '2025-05-10 17:26:06'),
(78, 1.00, 0.70, 2.00, 63, '2025-05-10 17:35:56', '2025-05-10 17:35:56'),
(79, 1.40, 0.80, 4.00, 63, '2025-05-10 17:35:56', '2025-05-10 17:35:56'),
(80, 3.00, 1.50, 4.00, 75, '2025-05-11 14:14:36', '2025-05-11 14:14:36'),
(82, NULL, NULL, NULL, 76, '2025-05-12 08:02:09', '2025-05-12 08:02:09'),
(83, 3.20, 1.80, 5.00, 67, '2025-05-12 08:41:53', '2025-05-12 08:41:53'),
(85, NULL, NULL, NULL, 77, '2025-05-12 09:44:56', '2025-05-12 09:44:56'),
(86, NULL, NULL, NULL, 54, '2025-05-13 08:13:45', '2025-05-13 08:13:45'),
(87, 2.50, 1.70, 4.00, 47, '2025-05-13 12:05:22', '2025-05-13 12:05:22'),
(88, 2.40, 1.00, 5.00, 47, '2025-05-13 12:05:22', '2025-05-13 12:05:22'),
(90, 5.00, 8.00, 3.00, 78, '2025-05-14 11:58:06', '2025-05-14 11:58:06'),
(91, 12.00, 12.00, 12.00, 79, '2025-05-15 12:32:34', '2025-05-15 12:32:34'),
(93, 2.00, 2.00, 2.00, 80, '2025-05-15 15:49:28', '2025-05-15 15:49:28'),
(94, 2.00, 1.00, 3.00, 80, '2025-05-15 15:49:28', '2025-05-15 15:49:28'),
(96, 2.00, 1.00, 8.00, 81, '2025-05-19 07:21:46', '2025-05-19 07:21:46'),
(100, NULL, NULL, NULL, 69, '2025-05-21 09:13:27', '2025-05-21 09:13:27'),
(101, 5.00, 4.00, 3.00, 83, '2025-05-21 09:14:41', '2025-05-21 09:14:41'),
(103, NULL, NULL, NULL, 85, '2025-05-22 14:33:28', '2025-05-22 14:33:28'),
(104, 2.50, 2.50, 6.00, 86, '2025-05-22 14:33:32', '2025-05-22 14:33:32'),
(105, 3.00, 3.00, 6.00, 87, '2025-05-22 14:42:36', '2025-05-22 14:42:36'),
(109, 3.00, 3.20, 6.00, 91, '2025-05-23 11:15:14', '2025-05-23 11:15:14'),
(112, NULL, NULL, NULL, 93, '2025-07-08 08:20:20', '2025-07-08 08:20:20'),
(114, 2.50, 0.20, 6.00, 92, '2025-07-09 12:01:14', '2025-07-09 12:01:14'),
(116, NULL, NULL, NULL, 90, '2025-07-11 15:15:52', '2025-07-11 15:15:52'),
(117, 2.00, 1.50, 2.00, 84, '2025-07-11 15:20:04', '2025-07-11 15:20:04'),
(118, NULL, NULL, NULL, 88, '2025-07-11 15:20:33', '2025-07-11 15:20:33'),
(130, NULL, NULL, NULL, 94, '2025-07-15 13:23:55', '2025-07-15 13:23:55'),
(173, NULL, NULL, NULL, 96, '2025-07-21 15:56:18', '2025-07-21 15:56:18'),
(174, NULL, NULL, NULL, 82, '2025-07-21 16:02:04', '2025-07-21 16:02:04'),
(176, NULL, NULL, NULL, 97, '2025-07-21 16:07:27', '2025-07-21 16:07:27'),
(177, 5.00, 3.00, 1.00, 89, '2025-07-21 16:10:18', '2025-07-21 16:10:18'),
(196, NULL, NULL, NULL, 101, '2025-07-23 16:07:49', '2025-07-23 16:07:49'),
(197, 12.00, 12.00, 12.00, 98, '2025-07-23 16:56:32', '2025-07-23 16:56:32'),
(198, 2.00, 1.70, 5.00, 100, '2025-07-23 16:57:46', '2025-07-23 16:57:46'),
(199, 1.50, 0.70, 6.00, 102, '2025-07-25 13:25:32', '2025-07-25 13:25:32'),
(200, 13.00, 13.00, 13.00, 99, '2025-07-25 13:34:55', '2025-07-25 13:34:55'),
(201, 4.20, 2.60, 2.00, 95, '2025-07-25 13:47:47', '2025-07-25 13:47:47'),
(202, 47.00, 62.00, 35.00, 103, '2025-07-28 13:07:00', '2025-07-28 13:07:00');

-- --------------------------------------------------------

--
-- Table structure for table `order_status_changes`
--

CREATE TABLE `order_status_changes` (
  `id` bigint(20) UNSIGNED NOT NULL,
  `status` enum('draft','confirmed','execute','finished','rejected') COLLATE utf8mb4_unicode_ci NOT NULL,
  `order_id` bigint(20) UNSIGNED NOT NULL,
  `created_at` timestamp NULL DEFAULT NULL,
  `updated_at` timestamp NULL DEFAULT NULL
) ENGINE=InnoDB DEFAULT CHARSET=utf8mb4 COLLATE=utf8mb4_unicode_ci;

--
-- Dumping data for table `order_status_changes`
--

INSERT INTO `order_status_changes` (`id`, `status`, `order_id`, `created_at`, `updated_at`) VALUES
(1, 'draft', 1, '2025-03-07 11:34:06', '2025-03-07 11:34:06'),
(2, 'draft', 2, '2025-03-08 04:26:52', '2025-03-08 04:26:52'),
(3, 'draft', 3, '2025-03-08 04:28:23', '2025-03-08 04:28:23'),
(4, 'confirmed', 3, '2025-03-08 04:28:23', '2025-03-08 04:28:23'),
(7, 'draft', 5, '2025-03-08 05:35:17', '2025-03-08 05:35:17'),
(8, 'rejected', 5, '2025-03-08 05:53:35', '2025-03-08 05:53:35'),
(13, 'draft', 8, '2025-03-10 09:33:11', '2025-03-10 09:33:11'),
(20, 'draft', 10, '2025-03-11 13:49:26', '2025-03-11 13:49:26'),
(21, 'confirmed', 10, '2025-03-11 13:49:26', '2025-03-11 13:49:26'),
(22, 'draft', 11, '2025-03-11 13:59:08', '2025-03-11 13:59:08'),
(24, 'draft', 13, '2025-03-12 05:21:38', '2025-03-12 05:21:38'),
(25, 'draft', 14, '2025-03-12 05:22:00', '2025-03-12 05:22:00'),
(28, 'draft', 15, '2025-03-13 10:26:52', '2025-03-13 10:26:52'),
(29, 'rejected', 15, '2025-03-13 10:27:40', '2025-03-13 10:27:40'),
(30, 'rejected', 11, '2025-03-13 10:28:08', '2025-03-13 10:28:08'),
(31, 'draft', 16, '2025-03-13 10:44:10', '2025-03-13 10:44:10'),
(32, 'draft', 17, '2025-03-13 13:14:33', '2025-03-13 13:14:33'),
(33, 'confirmed', 17, '2025-03-13 13:21:57', '2025-03-13 13:21:57'),
(47, 'draft', 22, '2025-03-17 14:40:17', '2025-03-17 14:40:17'),
(48, 'confirmed', 22, '2025-03-17 14:40:17', '2025-03-17 14:40:17'),
(49, 'draft', 23, '2025-03-17 14:51:23', '2025-03-17 14:51:23'),
(50, 'confirmed', 23, '2025-03-17 14:51:23', '2025-03-17 14:51:23'),
(54, 'draft', 25, '2025-03-18 06:15:25', '2025-03-18 06:15:25'),
(55, 'confirmed', 25, '2025-03-18 06:15:25', '2025-03-18 06:15:25'),
(56, 'draft', 26, '2025-03-18 06:35:09', '2025-03-18 06:35:09'),
(57, 'confirmed', 26, '2025-03-18 06:35:09', '2025-03-18 06:35:09'),
(58, 'draft', 27, '2025-03-18 06:36:28', '2025-03-18 06:36:28'),
(59, 'draft', 28, '2025-03-19 07:06:37', '2025-03-19 07:06:37'),
(63, 'draft', 30, '2025-03-20 07:15:27', '2025-03-20 07:15:27'),
(64, 'draft', 31, '2025-03-20 07:25:38', '2025-03-20 07:25:38'),
(65, 'confirmed', 31, '2025-03-20 07:27:13', '2025-03-20 07:27:13'),
(66, 'draft', 32, '2025-03-25 13:02:43', '2025-03-25 13:02:43'),
(67, 'draft', 33, '2025-03-25 13:13:33', '2025-03-25 13:13:33'),
(68, 'draft', 34, '2025-03-25 13:15:50', '2025-03-25 13:15:50'),
(69, 'draft', 35, '2025-03-25 13:18:37', '2025-03-25 13:18:37'),
(70, 'draft', 36, '2025-03-25 13:19:56', '2025-03-25 13:19:56'),
(74, 'draft', 38, '2025-03-25 13:46:19', '2025-03-25 13:46:19'),
(75, 'draft', 39, '2025-03-25 14:01:38', '2025-03-25 14:01:38'),
(76, 'draft', 40, '2025-03-27 13:04:01', '2025-03-27 13:04:01'),
(77, 'draft', 41, '2025-03-31 21:45:45', '2025-03-31 21:45:45'),
(86, 'confirmed', 41, '2025-04-08 15:52:00', '2025-04-08 15:52:00'),
(87, 'confirmed', 40, '2025-04-11 09:10:42', '2025-04-11 09:10:42'),
(93, 'confirmed', 39, '2025-04-12 11:10:12', '2025-04-12 11:10:12'),
(96, 'draft', 47, '2025-04-14 10:16:34', '2025-04-14 10:16:34'),
(97, 'confirmed', 47, '2025-04-14 10:22:42', '2025-04-14 10:22:42'),
(101, 'draft', 49, '2025-04-18 05:29:39', '2025-04-18 05:29:39'),
(102, 'draft', 50, '2025-04-18 06:32:57', '2025-04-18 06:32:57'),
(103, 'draft', 51, '2025-04-18 06:34:01', '2025-04-18 06:34:01'),
(104, 'confirmed', 49, '2025-04-18 07:29:02', '2025-04-18 07:29:02'),
(106, 'draft', 53, '2025-04-19 08:25:19', '2025-04-19 08:25:19'),
(107, 'draft', 54, '2025-04-19 08:32:20', '2025-04-19 08:32:20'),
(108, 'confirmed', 54, '2025-04-19 08:56:53', '2025-04-19 08:56:53'),
(109, 'confirmed', 53, '2025-04-19 09:03:49', '2025-04-19 09:03:49'),
(110, 'draft', 55, '2025-04-19 09:10:42', '2025-04-19 09:10:42'),
(111, 'confirmed', 55, '2025-04-19 09:10:52', '2025-04-19 09:10:52'),
(114, 'execute', 55, '2025-04-21 07:24:58', '2025-04-21 07:24:58'),
(115, 'finished', 55, '2025-04-22 08:34:12', '2025-04-22 08:34:12'),
(116, 'draft', 56, '2025-04-22 09:17:16', '2025-04-22 09:17:16'),
(117, 'execute', 26, '2025-04-22 10:12:24', '2025-04-22 10:12:24'),
(118, 'execute', 17, '2025-04-22 10:22:37', '2025-04-22 10:22:37'),
(119, 'draft', 57, '2025-04-22 10:42:09', '2025-04-22 10:42:09'),
(120, 'draft', 58, '2025-04-22 10:52:47', '2025-04-22 10:52:47'),
(121, 'draft', 59, '2025-04-22 10:55:00', '2025-04-22 10:55:00'),
(122, 'confirmed', 59, '2025-04-22 11:19:31', '2025-04-22 11:19:31'),
(123, 'execute', 59, '2025-04-22 11:24:53', '2025-04-22 11:24:53'),
(124, 'draft', 60, '2025-04-22 12:53:17', '2025-04-22 12:53:17'),
(125, 'confirmed', 60, '2025-04-22 12:56:56', '2025-04-22 12:56:56'),
(126, 'execute', 60, '2025-04-22 13:04:47', '2025-04-22 13:04:47'),
(127, 'draft', 61, '2025-04-23 11:05:00', '2025-04-23 11:05:00'),
(128, 'draft', 62, '2025-04-23 11:12:08', '2025-04-23 11:12:08'),
(129, 'draft', 63, '2025-04-24 08:09:06', '2025-04-24 08:09:06'),
(130, 'confirmed', 63, '2025-04-24 08:13:08', '2025-04-24 08:13:08'),
(131, 'draft', 64, '2025-04-24 08:23:18', '2025-04-24 08:23:18'),
(132, 'confirmed', 64, '2025-04-24 08:26:40', '2025-04-24 08:26:40'),
(133, 'execute', 64, '2025-04-24 08:29:43', '2025-04-24 08:29:43'),
(134, 'draft', 65, '2025-04-25 08:40:17', '2025-04-25 08:40:17'),
(135, 'confirmed', 65, '2025-04-25 08:40:17', '2025-04-25 08:40:17'),
(136, 'draft', 66, '2025-04-25 08:45:09', '2025-04-25 08:45:09'),
(137, 'confirmed', 66, '2025-04-25 08:45:09', '2025-04-25 08:45:09'),
(138, 'execute', 65, '2025-04-25 09:46:43', '2025-04-25 09:46:43'),
(139, 'draft', 67, '2025-04-28 12:10:09', '2025-04-28 12:10:09'),
(140, 'confirmed', 67, '2025-04-28 12:14:01', '2025-04-28 12:14:01'),
(141, 'draft', 68, '2025-04-29 09:02:35', '2025-04-29 09:02:35'),
(142, 'confirmed', 68, '2025-04-29 09:11:05', '2025-04-29 09:11:05'),
(143, 'execute', 68, '2025-04-29 09:12:58', '2025-04-29 09:12:58'),
(144, 'finished', 60, '2025-05-01 10:06:15', '2025-05-01 10:06:15'),
(145, 'finished', 59, '2025-05-01 13:47:09', '2025-05-01 13:47:09'),
(146, 'draft', 69, '2025-05-05 09:34:22', '2025-05-05 09:34:22'),
(147, 'draft', 70, '2025-05-05 09:44:36', '2025-05-05 09:44:36'),
(148, 'confirmed', 70, '2025-05-05 09:52:19', '2025-05-05 09:52:19'),
(149, 'execute', 70, '2025-05-05 09:56:05', '2025-05-05 09:56:05'),
(150, 'draft', 71, '2025-05-06 09:00:09', '2025-05-06 09:00:09'),
(151, 'confirmed', 71, '2025-05-06 09:02:02', '2025-05-06 09:02:02'),
(152, 'execute', 71, '2025-05-06 09:04:24', '2025-05-06 09:04:24'),
(153, 'execute', 49, '2025-05-06 14:16:33', '2025-05-06 14:16:33'),
(154, 'execute', 40, '2025-05-06 14:16:55', '2025-05-06 14:16:55'),
(155, 'execute', 53, '2025-05-06 14:20:01', '2025-05-06 14:20:01'),
(156, 'execute', 25, '2025-05-06 14:32:23', '2025-05-06 14:32:23'),
(157, 'draft', 72, '2025-05-06 16:59:08', '2025-05-06 16:59:08'),
(158, 'confirmed', 72, '2025-05-06 17:03:06', '2025-05-06 17:03:06'),
(159, 'execute', 72, '2025-05-06 17:05:34', '2025-05-06 17:05:34'),
(160, 'draft', 73, '2025-05-07 09:54:42', '2025-05-07 09:54:42'),
(161, 'confirmed', 73, '2025-05-07 10:01:30', '2025-05-07 10:01:30'),
(162, 'execute', 73, '2025-05-07 10:06:38', '2025-05-07 10:06:38'),
(163, 'confirmed', 69, '2025-05-10 17:27:33', '2025-05-10 17:27:33'),
(164, 'execute', 63, '2025-05-10 17:36:00', '2025-05-10 17:36:00'),
(165, 'execute', 63, '2025-05-11 14:24:46', '2025-05-11 14:24:46'),
(166, 'execute', 63, '2025-05-11 14:25:27', '2025-05-11 14:25:27'),
(167, 'execute', 63, '2025-05-12 08:16:16', '2025-05-12 08:16:16'),
(168, 'execute', 63, '2025-05-12 08:30:13', '2025-05-12 08:30:13'),
(169, 'execute', 67, '2025-05-12 08:41:58', '2025-05-12 08:41:58'),
(170, 'confirmed', 77, '2025-05-12 09:10:55', '2025-05-12 09:10:55'),
(171, 'confirmed', 77, '2025-05-12 09:11:49', '2025-05-12 09:11:49'),
(172, 'confirmed', 77, '2025-05-12 09:35:22', '2025-05-12 09:35:22'),
(173, 'confirmed', 77, '2025-05-12 09:40:09', '2025-05-12 09:40:09'),
(174, 'execute', 77, '2025-05-12 09:45:02', '2025-05-12 09:45:02'),
(175, 'execute', 77, '2025-05-12 09:46:06', '2025-05-12 09:46:06'),
(176, 'execute', 63, '2025-05-12 14:30:06', '2025-05-12 14:30:06'),
(177, 'execute', 54, '2025-05-13 08:13:52', '2025-05-13 08:13:52'),
(178, 'execute', 77, '2025-05-13 12:05:44', '2025-05-13 12:05:44'),
(179, 'confirmed', 78, '2025-05-14 11:56:32', '2025-05-14 11:56:32'),
(180, 'execute', 78, '2025-05-14 11:58:13', '2025-05-14 11:58:13'),
(181, 'execute', 31, '2025-05-14 12:28:44', '2025-05-14 12:28:44'),
(182, 'rejected', 76, '2025-05-14 16:22:44', '2025-05-14 16:22:44'),
(183, 'confirmed', 80, '2025-05-15 15:45:09', '2025-05-15 15:45:09'),
(184, 'execute', 80, '2025-05-15 15:50:46', '2025-05-15 15:50:46'),
(185, 'confirmed', 81, '2025-05-19 07:10:02', '2025-05-19 07:10:02'),
(186, 'execute', 81, '2025-05-19 07:22:31', '2025-05-19 07:22:31'),
(187, 'confirmed', 82, '2025-05-19 08:25:47', '2025-05-19 08:25:47'),
(188, 'execute', 82, '2025-05-19 08:28:50', '2025-05-19 08:28:50'),
(189, 'confirmed', 83, '2025-05-21 09:15:23', '2025-05-21 09:15:23'),
(190, 'confirmed', 85, '2025-05-22 14:33:28', '2025-05-22 14:33:28'),
(191, 'confirmed', 88, '2025-05-23 08:52:56', '2025-05-23 08:52:56'),
(192, 'execute', 47, '2025-05-26 09:29:42', '2025-05-26 09:29:42'),
(193, 'confirmed', 89, '2025-05-26 09:34:57', '2025-05-26 09:34:57'),
(194, 'confirmed', 92, '2025-06-02 14:50:33', '2025-06-02 14:50:33'),
(195, 'confirmed', 93, '2025-07-08 08:16:30', '2025-07-08 08:16:30'),
(196, 'execute', 93, '2025-07-08 08:20:30', '2025-07-08 08:20:30'),
(197, 'confirmed', 90, '2025-07-09 11:15:05', '2025-07-09 11:15:05'),
(198, 'execute', 92, '2025-07-10 11:14:18', '2025-07-10 11:14:18'),
(199, 'confirmed', 91, '2025-07-11 08:18:18', '2025-07-11 08:18:18'),
(200, 'confirmed', 87, '2025-07-11 12:34:19', '2025-07-11 12:34:19'),
(201, 'execute', 88, '2025-07-11 15:20:40', '2025-07-11 15:20:40'),
(202, 'confirmed', 94, '2025-07-15 08:22:46', '2025-07-15 08:22:46'),
(203, 'confirmed', 95, '2025-07-15 12:51:03', '2025-07-15 12:51:03'),
(204, 'execute', 94, '2025-07-15 13:24:01', '2025-07-15 13:24:01'),
(205, 'confirmed', 79, '2025-07-16 09:15:19', '2025-07-16 09:15:19'),
(206, 'rejected', 84, '2025-07-16 09:16:06', '2025-07-16 09:16:06'),
(207, 'confirmed', 86, '2025-07-16 09:17:30', '2025-07-16 09:17:30'),
(208, 'execute', 89, '2025-07-16 09:17:37', '2025-07-16 09:17:37'),
(209, 'confirmed', 96, '2025-07-21 12:27:30', '2025-07-21 12:27:30'),
(210, 'execute', 96, '2025-07-21 12:29:42', '2025-07-21 12:29:42'),
(211, 'confirmed', 97, '2025-07-21 14:51:10', '2025-07-21 14:51:10'),
(212, 'execute', 97, '2025-07-21 15:00:43', '2025-07-21 15:00:43'),
(213, 'confirmed', 98, '2025-07-23 08:02:37', '2025-07-23 08:02:37'),
(214, 'execute', 98, '2025-07-23 08:25:14', '2025-07-23 08:25:14'),
(215, 'confirmed', 100, '2025-07-23 15:08:39', '2025-07-23 15:08:39'),
(224, 'execute', 100, '2025-07-23 15:43:03', '2025-07-23 15:43:03'),
(225, 'execute', 100, '2025-07-23 15:48:39', '2025-07-23 15:48:39'),
(226, 'execute', 100, '2025-07-23 15:50:49', '2025-07-23 15:50:49'),
(227, 'execute', 100, '2025-07-23 15:54:35', '2025-07-23 15:54:35'),
(228, 'confirmed', 101, '2025-07-23 16:03:43', '2025-07-23 16:03:43'),
(229, 'execute', 101, '2025-07-23 16:08:08', '2025-07-23 16:08:08'),
(230, 'confirmed', 99, '2025-07-25 13:30:48', '2025-07-25 13:30:48'),
(231, 'execute', 99, '2025-07-25 13:35:31', '2025-07-25 13:35:31'),
(232, 'confirmed', 103, '2025-07-28 13:07:00', '2025-07-28 13:07:00');

-- --------------------------------------------------------

--
-- Table structure for table `password_reset_tokens`
--

CREATE TABLE `password_reset_tokens` (
  `email` varchar(255) COLLATE utf8mb4_unicode_ci NOT NULL,
  `token` varchar(255) COLLATE utf8mb4_unicode_ci NOT NULL,
  `created_at` timestamp NULL DEFAULT NULL
) ENGINE=InnoDB DEFAULT CHARSET=utf8mb4 COLLATE=utf8mb4_unicode_ci;

-- --------------------------------------------------------

--
-- Table structure for table `payment_types`
--

CREATE TABLE `payment_types` (
  `id` bigint(20) UNSIGNED NOT NULL,
  `name` varchar(255) COLLATE utf8mb4_unicode_ci NOT NULL,
  `sort` int(11) DEFAULT NULL,
  `status` tinyint(1) NOT NULL,
  `created_at` timestamp NULL DEFAULT NULL,
  `updated_at` timestamp NULL DEFAULT NULL
) ENGINE=InnoDB DEFAULT CHARSET=utf8mb4 COLLATE=utf8mb4_unicode_ci;

--
-- Dumping data for table `payment_types`
--

INSERT INTO `payment_types` (`id`, `name`, `sort`, `status`, `created_at`, `updated_at`) VALUES
(1, 'Nağd', NULL, 1, '2025-03-07 10:37:13', '2025-03-07 10:37:13'),
(2, 'Köçürmə', NULL, 1, '2025-03-07 10:37:13', '2025-03-07 10:37:13');

-- --------------------------------------------------------

--
-- Table structure for table `permissions`
--

CREATE TABLE `permissions` (
  `id` bigint(20) UNSIGNED NOT NULL,
  `name` varchar(255) COLLATE utf8mb4_unicode_ci NOT NULL,
  `guard_name` varchar(255) COLLATE utf8mb4_unicode_ci NOT NULL,
  `group_name` varchar(255) COLLATE utf8mb4_unicode_ci NOT NULL,
  `status` tinyint(1) NOT NULL,
  `sort` int(11) DEFAULT NULL,
  `created_at` timestamp NULL DEFAULT NULL,
  `updated_at` timestamp NULL DEFAULT NULL
) ENGINE=InnoDB DEFAULT CHARSET=utf8mb4 COLLATE=utf8mb4_unicode_ci;

--
-- Dumping data for table `permissions`
--

INSERT INTO `permissions` (`id`, `name`, `guard_name`, `group_name`, `status`, `sort`, `created_at`, `updated_at`) VALUES
(2, 'İdarə Paneli', 'web', 'Dashboard', 1, NULL, '2025-04-03 23:16:33', '2025-04-03 23:16:33'),
(3, 'Müştərilər menyu', 'web', 'Müştərilər', 1, NULL, '2025-04-03 23:16:33', '2025-04-03 23:16:33'),
(4, 'Müştərilər əlavə et', 'web', 'Müştərilər', 1, NULL, '2025-04-03 23:16:33', '2025-04-03 23:16:33'),
(5, 'Müştərilər düzəliş et', 'web', 'Müştərilər', 1, NULL, '2025-04-03 23:16:33', '2025-04-03 23:16:33'),
(6, 'Müştərilər sil', 'web', 'Müştərilər', 1, NULL, '2025-04-03 23:16:33', '2025-04-03 23:16:33'),
(7, 'Sifarişlər menu', 'web', 'Sifarişlər', 1, NULL, '2025-04-03 23:16:33', '2025-04-03 23:16:33'),
(8, 'Draft sifarişlər menu', 'web', 'Sifarişlər', 1, NULL, '2025-04-03 23:16:33', '2025-04-03 23:16:33'),
(9, 'Təsdiqlənən sifarişlər menu', 'web', 'Sifarişlər', 1, NULL, '2025-04-03 23:16:33', '2025-04-03 23:16:33'),
(10, 'İcrada olan sifarişlər menu', 'web', 'Sifarişlər', 1, NULL, '2025-04-03 23:16:33', '2025-04-03 23:16:33'),
(11, 'Bitmiş sifarişlər menu', 'web', 'Sifarişlər', 1, NULL, '2025-04-03 23:16:33', '2025-04-03 23:16:33'),
(12, 'İmtina olunan sifarişlər menu', 'web', 'Sifarişlər', 1, NULL, '2025-04-03 23:16:33', '2025-04-03 23:16:33'),
(13, 'Qiymət gözləyən sifarişlər menu', 'web', 'Sifarişlər', 1, NULL, '2025-04-03 23:16:33', '2025-04-03 23:16:33'),
(14, 'Draft sifariş əlavə et', 'web', 'Sifarişlər', 1, NULL, '2025-04-03 23:16:33', '2025-04-03 23:16:33'),
(15, 'Sifarişi təsdiq et', 'web', 'Sifarişlər', 1, NULL, '2025-04-03 23:16:33', '2025-04-03 23:16:33'),
(16, 'Sifarişi düzəlişə göndər', 'web', 'Sifarişlər', 1, NULL, '2025-04-03 23:16:33', '2025-04-03 23:16:33'),
(17, 'Sifariş imtina et', 'web', 'Sifarişlər', 1, NULL, '2025-04-03 23:16:33', '2025-04-03 23:16:33'),
(18, 'Sifariş bax', 'web', 'Sifarişlər', 1, NULL, '2025-04-03 23:16:33', '2025-04-03 23:16:33'),
(19, 'Sifariş məlumatlarını daxil et', 'web', 'Sifarişlər', 1, NULL, '2025-04-03 23:16:33', '2025-04-03 23:16:33'),
(20, 'Sifarişi icraya göndər', 'web', 'Sifarişlər', 1, NULL, '2025-04-03 23:16:33', '2025-04-03 23:16:33'),
(21, 'Kontenynerlər menu', 'web', 'Konteynerlər', 1, NULL, '2025-04-03 23:16:33', '2025-04-03 23:16:33'),
(22, 'Bütün konteynerlər', 'web', 'Konteynerlər', 1, NULL, '2025-04-03 23:16:33', '2025-04-03 23:16:33'),
(23, 'Yeni konteynerlər', 'web', 'Konteynerlər', 1, NULL, '2025-04-03 23:16:33', '2025-04-03 23:16:33'),
(24, 'Konteyner əlavə et', 'web', 'Konteynerlər', 1, NULL, '2025-04-03 23:16:33', '2025-04-03 23:16:33'),
(25, 'Konteyner təsdiq et', 'web', 'Konteynerlər', 1, NULL, '2025-04-03 23:16:33', '2025-04-03 23:16:33'),
(26, 'Konteyner düzəliş et', 'web', 'Konteynerlər', 1, NULL, '2025-04-03 23:16:33', '2025-04-03 23:16:33'),
(27, 'Kontenyner imtina et', 'web', 'Konteynerlər', 1, NULL, '2025-04-03 23:16:33', '2025-04-03 23:16:33'),
(28, 'Rezervasiya qiymətləri', 'web', 'Konteynerlər', 1, NULL, '2025-04-03 23:16:33', '2025-04-03 23:16:33'),
(29, 'Rezervasiya qiyməti əlavə et', 'web', 'Konteynerlər', 1, NULL, '2025-04-03 23:16:33', '2025-04-03 23:16:33'),
(30, 'Rezervasiya qiyməti düzəliş et', 'web', 'Konteynerlər', 1, NULL, '2025-04-03 23:16:33', '2025-04-03 23:16:33'),
(31, 'Rezervasiya qiyməti sil', 'web', 'Konteynerlər', 1, NULL, '2025-04-03 23:16:33', '2025-04-03 23:16:33'),
(32, 'Rezervasiya tarixləri', 'web', 'Konteynerlər', 1, NULL, '2025-04-03 23:16:33', '2025-04-03 23:16:33'),
(33, 'Yoxlamada olan konteynerlər', 'web', 'Konteynerlər', 1, NULL, '2025-04-03 23:16:33', '2025-04-03 23:16:33'),
(34, 'Rezervasiya tarixi əlavə et', 'web', 'Konteynerlər', 1, NULL, '2025-04-03 23:16:33', '2025-04-03 23:16:33'),
(35, 'Rezervasiya tarixi düzəliş et', 'web', 'Konteynerlər', 1, NULL, '2025-04-03 23:16:33', '2025-04-03 23:16:33'),
(36, 'Rezervasiya tarixi sil', 'web', 'Konteynerlər', 1, NULL, '2025-04-03 23:16:33', '2025-04-03 23:16:33'),
(37, 'Rezervasiya tarixi bax', 'web', 'Konteynerlər', 1, NULL, '2025-04-03 23:16:33', '2025-04-03 23:16:33'),
(38, 'Rezervasiya tarixi status dəyiş', 'web', 'Konteynerlər', 1, NULL, '2025-04-03 23:16:33', '2025-04-03 23:16:33'),
(39, 'Yoxlamaya at', 'web', 'Konteynerlər', 1, NULL, '2025-04-03 23:16:33', '2025-04-03 23:16:33'),
(40, 'Rezervasiya tarixini təyin et', 'web', 'Konteynerlər', 1, NULL, '2025-04-03 23:16:33', '2025-04-03 23:16:33'),
(41, 'Sahibsiz yüklər menu', 'web', 'Sahibsiz yüklər', 1, NULL, '2025-04-03 23:16:33', '2025-04-03 23:16:33'),
(42, 'Bütün sahibsiz yüklər', 'web', 'Sahibsiz yüklər', 1, NULL, '2025-04-03 23:16:33', '2025-04-03 23:16:33'),
(43, 'Rezervasiya çin tərəfi', 'web', 'Sahibsiz yüklər', 1, NULL, '2025-04-03 23:16:33', '2025-04-03 23:16:33'),
(44, 'Sahibsiz yük əlavə et', 'web', 'Sahibsiz yüklər', 1, NULL, '2025-04-03 23:16:33', '2025-04-03 23:16:33'),
(45, 'Sahibsiz yük təsdiq et', 'web', 'Sahibsiz yüklər', 1, NULL, '2025-04-03 23:16:33', '2025-04-03 23:16:33'),
(46, 'Railway bill yüklə', 'web', 'Sahibsiz yüklər', 1, NULL, '2025-04-03 23:16:33', '2025-04-03 23:16:33'),
(47, 'Declaration yüklə', 'web', 'Sahibsiz yüklər', 1, NULL, '2025-04-03 23:16:33', '2025-04-03 23:16:33'),
(48, 'Konteyner şəkilləri yüklə', 'web', 'Sahibsiz yüklər', 1, NULL, '2025-04-03 23:16:33', '2025-04-03 23:16:33'),
(49, 'Xərc əlavə et', 'web', 'Sahibsiz yüklər', 1, NULL, '2025-04-03 23:16:33', '2025-04-03 23:16:33'),
(50, 'Rezervasiya et', 'web', 'Sahibsiz yüklər', 1, NULL, '2025-04-03 23:16:33', '2025-04-03 23:16:33'),
(51, 'Xidmətlər', 'web', 'Sahibsiz yüklər', 1, NULL, '2025-04-03 23:16:33', '2025-04-03 23:16:33'),
(52, 'Xidmət əlavə et', 'web', 'Sahibsiz yüklər', 1, NULL, '2025-04-03 23:16:33', '2025-04-03 23:16:33'),
(53, 'Xidmət düzəliş et', 'web', 'Sahibsiz yüklər', 1, NULL, '2025-04-03 23:16:33', '2025-04-03 23:16:33'),
(54, 'Xidmət sil', 'web', 'Sahibsiz yüklər', 1, NULL, '2025-04-03 23:16:33', '2025-04-03 23:16:33'),
(55, 'Xidmət bax', 'web', 'Sahibsiz yüklər', 1, NULL, '2025-04-03 23:16:33', '2025-04-03 23:16:33'),
(56, 'Digər əməliyyatlar menu', 'web', 'Digər əməliyyatlar', 1, NULL, '2025-04-03 23:16:33', '2025-04-03 23:16:33'),
(57, 'Vendor management', 'web', 'Digər əməliyyatlar', 1, NULL, '2025-04-03 23:16:33', '2025-04-03 23:16:33'),
(58, 'Vendor əlavə et', 'web', 'Digər əməliyyatlar', 1, NULL, '2025-04-03 23:16:33', '2025-04-03 23:16:33'),
(59, 'Vendor düzəliş et', 'web', 'Digər əməliyyatlar', 1, NULL, '2025-04-03 23:16:33', '2025-04-03 23:16:33'),
(60, 'Vendor bax', 'web', 'Digər əməliyyatlar', 1, NULL, '2025-04-03 23:16:33', '2025-04-03 23:16:33'),
(61, 'Vendor sil', 'web', 'Digər əməliyyatlar', 1, NULL, '2025-04-03 23:16:33', '2025-04-03 23:16:33'),
(62, 'Tənzimləmələr menu', 'web', 'Tənzimləmələr', 1, NULL, '2025-04-03 23:16:33', '2025-04-03 23:16:33'),
(63, 'Tərcümələr', 'web', 'Tənzimləmələr', 1, NULL, '2025-04-03 23:16:33', '2025-04-03 23:16:33'),
(64, 'Tərcümə əlavə et', 'web', 'Tənzimləmələr', 1, NULL, '2025-04-03 23:16:33', '2025-04-03 23:16:33'),
(65, 'Tərcümə düzəliş et', 'web', 'Tənzimləmələr', 1, NULL, '2025-04-03 23:16:33', '2025-04-03 23:16:33'),
(66, 'Tərcümə sil', 'web', 'Tənzimləmələr', 1, NULL, '2025-04-03 23:16:33', '2025-04-03 23:16:33'),
(67, 'Rollar', 'web', 'Tənzimləmələr', 1, NULL, '2025-04-03 23:16:33', '2025-04-03 23:16:33'),
(68, 'Rol əlavə et', 'web', 'Tənzimləmələr', 1, NULL, '2025-04-03 23:16:33', '2025-04-03 23:16:33'),
(69, 'Rol düzəliş et', 'web', 'Tənzimləmələr', 1, NULL, '2025-04-03 23:16:33', '2025-04-03 23:16:33'),
(70, 'Rol sil', 'web', 'Tənzimləmələr', 1, NULL, '2025-04-03 23:16:33', '2025-04-03 23:16:33'),
(71, 'İcazələr', 'web', 'Tənzimləmələr', 1, NULL, '2025-04-03 23:16:33', '2025-04-03 23:16:33'),
(72, 'İcazə əlavə et', 'web', 'Tənzimləmələr', 1, NULL, '2025-04-03 23:16:33', '2025-04-03 23:16:33'),
(73, 'İcazə düzəliş et', 'web', 'Tənzimləmələr', 1, NULL, '2025-04-03 23:16:33', '2025-04-03 23:16:33'),
(74, 'İcazə sil', 'web', 'Tənzimləmələr', 1, NULL, '2025-04-03 23:16:33', '2025-04-03 23:16:33'),
(75, 'Əməkdaşlar', 'web', 'Tənzimləmələr', 1, NULL, '2025-04-03 23:16:33', '2025-04-03 23:16:33'),
(76, 'Əməkdaş bax', 'web', 'Tənzimləmələr', 1, NULL, '2025-04-03 23:16:33', '2025-04-03 23:16:33'),
(77, 'Əməkdaş əlavə et', 'web', 'Tənzimləmələr', 1, NULL, '2025-04-03 23:16:33', '2025-04-03 23:16:33'),
(78, 'Əməkdaş düzəliş et', 'web', 'Tənzimləmələr', 1, NULL, '2025-04-03 23:16:33', '2025-04-03 23:16:33'),
(79, 'Əməkdaş sil', 'web', 'Tənzimləmələr', 1, NULL, '2025-04-03 23:16:33', '2025-04-03 23:16:33'),
(80, 'Statuslar', 'web', 'Tənzimləmələr', 1, NULL, '2025-04-03 23:16:33', '2025-04-03 23:16:33'),
(81, 'Status əlavə et', 'web', 'Tənzimləmələr', 1, NULL, '2025-04-03 23:16:33', '2025-04-03 23:16:33'),
(82, 'Status düzəliş et', 'web', 'Tənzimləmələr', 1, NULL, '2025-04-03 23:16:33', '2025-04-03 23:16:33'),
(83, 'Status sil', 'web', 'Tənzimləmələr', 1, NULL, '2025-04-03 23:16:33', '2025-04-03 23:16:33');

-- --------------------------------------------------------

--
-- Table structure for table `personal_access_tokens`
--

CREATE TABLE `personal_access_tokens` (
  `id` bigint(20) UNSIGNED NOT NULL,
  `tokenable_type` varchar(255) COLLATE utf8mb4_unicode_ci NOT NULL,
  `tokenable_id` bigint(20) UNSIGNED NOT NULL,
  `name` varchar(255) COLLATE utf8mb4_unicode_ci NOT NULL,
  `token` varchar(64) COLLATE utf8mb4_unicode_ci NOT NULL,
  `abilities` text COLLATE utf8mb4_unicode_ci,
  `last_used_at` timestamp NULL DEFAULT NULL,
  `expires_at` timestamp NULL DEFAULT NULL,
  `created_at` timestamp NULL DEFAULT NULL,
  `updated_at` timestamp NULL DEFAULT NULL
) ENGINE=InnoDB DEFAULT CHARSET=utf8mb4 COLLATE=utf8mb4_unicode_ci;

-- --------------------------------------------------------

--
-- Table structure for table `price_types`
--

CREATE TABLE `price_types` (
  `id` bigint(20) UNSIGNED NOT NULL,
  `name` varchar(255) COLLATE utf8mb4_unicode_ci NOT NULL,
  `status` tinyint(1) NOT NULL,
  `sort` int(11) DEFAULT NULL,
  `created_at` timestamp NULL DEFAULT NULL,
  `updated_at` timestamp NULL DEFAULT NULL
) ENGINE=InnoDB DEFAULT CHARSET=utf8mb4 COLLATE=utf8mb4_unicode_ci;

--
-- Dumping data for table `price_types`
--

INSERT INTO `price_types` (`id`, `name`, `status`, `sort`, `created_at`, `updated_at`) VALUES
(1, 'Railway bill', 1, NULL, '2025-03-07 10:37:13', '2025-03-07 10:37:13'),
(2, 'Declaration fee', 1, NULL, '2025-03-07 10:37:13', '2025-03-07 10:37:13'),
(3, 'Broker fee', 1, NULL, '2025-03-07 10:37:13', '2025-03-07 10:37:13'),
(4, 'Yükləmə məbləği', 1, NULL, '2025-03-07 10:37:13', '2025-03-07 10:37:13'),
(5, 'Boşaltma məbləği', 1, NULL, '2025-03-07 10:37:13', '2025-03-07 10:37:13'),
(6, 'Digər', 1, NULL, '2025-03-07 10:37:13', '2025-03-07 10:37:13');

-- --------------------------------------------------------

--
-- Table structure for table `products`
--

CREATE TABLE `products` (
  `id` bigint(20) UNSIGNED NOT NULL,
  `name` varchar(255) COLLATE utf8mb4_unicode_ci DEFAULT NULL,
  `status` tinyint(1) NOT NULL,
  `created_at` timestamp NULL DEFAULT NULL,
  `updated_at` timestamp NULL DEFAULT NULL
) ENGINE=InnoDB DEFAULT CHARSET=utf8mb4 COLLATE=utf8mb4_unicode_ci;

--
-- Dumping data for table `products`
--

INSERT INTO `products` (`id`, `name`, `status`, `created_at`, `updated_at`) VALUES
(1, 'Test 1', 1, '2025-03-11 09:30:43', '2025-03-11 09:30:43'),
(2, 'üqeeü3', 1, '2025-03-12 05:34:54', '2025-03-12 05:34:54'),
(3, 'kjnbkjbkjb', 1, '2025-03-13 11:41:54', '2025-03-13 11:41:54'),
(4, 'rerer', 1, '2025-03-13 15:11:31', '2025-03-13 15:11:31'),
(5, 'sdaaasddaü', 1, '2025-03-16 06:57:22', '2025-03-16 06:57:22'),
(6, 'sfwrsf', 1, '2025-03-16 08:03:33', '2025-03-16 08:03:33'),
(7, 'dfsf', 1, '2025-03-16 09:25:56', '2025-03-16 09:25:56'),
(8, 'sazdad', 1, '2025-03-16 09:28:15', '2025-03-16 09:28:15'),
(9, 'asdqwad', 1, '2025-03-17 15:18:39', '2025-03-17 15:18:39'),
(10, 'test', 1, '2025-03-18 15:30:55', '2025-03-18 15:30:55'),
(11, 'Test 2', 1, '2025-03-19 08:21:47', '2025-03-19 08:21:47'),
(12, 'dsffd', 1, '2025-03-20 05:52:38', '2025-03-20 05:52:38'),
(13, 'dfdf', 1, '2025-03-20 05:52:38', '2025-03-20 05:52:38'),
(14, '55', 1, '2025-03-20 05:52:38', '2025-03-20 05:52:38'),
(15, 'asdasd', 1, '2025-03-25 13:43:19', '2025-03-25 13:43:19'),
(16, 'sdkjcnsdc', 1, '2025-04-03 12:18:18', '2025-04-03 12:18:18'),
(17, 'sdckjnskdc', 1, '2025-04-03 12:18:18', '2025-04-03 12:18:18'),
(18, 'sdkcjnksd', 1, '2025-04-03 12:18:18', '2025-04-03 12:18:18'),
(19, 'taxta', 1, '2025-04-08 09:35:07', '2025-04-08 09:35:07'),
(20, 'demir', 1, '2025-04-08 09:35:07', '2025-04-08 09:35:07'),
(21, 'Boru', 1, '2025-04-11 09:37:11', '2025-04-11 09:37:11'),
(22, 'dfs', 1, '2025-04-12 11:39:30', '2025-04-12 11:39:30'),
(23, 'sdf', 1, '2025-04-12 12:12:48', '2025-04-12 12:12:48'),
(24, 'kjbnkjbkjb', 1, '2025-04-14 10:38:58', '2025-04-14 10:38:58'),
(25, 'khbjhbhk', 1, '2025-04-14 10:46:35', '2025-04-14 10:46:35'),
(26, 'awdawd', 1, '2025-04-14 10:50:20', '2025-04-14 10:50:20'),
(27, 'dsadasd', 1, '2025-04-18 13:08:54', '2025-04-18 13:08:54'),
(28, 'vjvjhv', 1, '2025-04-19 10:19:21', '2025-04-19 10:19:21'),
(29, 'zxxta', 1, '2025-04-19 10:23:10', '2025-04-19 10:23:10'),
(30, 'Zeekr', 1, '2025-04-19 10:24:50', '2025-04-19 10:24:50'),
(31, 'Toyota', 1, '2025-04-19 10:24:50', '2025-04-19 10:24:50'),
(32, 'Avatr', 1, '2025-04-19 10:24:50', '2025-04-19 10:24:50'),
(33, 'Changan', 1, '2025-04-25 09:46:23', '2025-04-25 09:46:23'),
(34, 'ww', 1, '2025-04-25 09:46:23', '2025-04-25 09:46:23'),
(35, 'hyundai', 1, '2025-04-25 09:46:23', '2025-04-25 09:46:23'),
(36, 'Changan v', 1, '2025-04-25 09:46:23', '2025-04-25 09:46:23'),
(37, 'adfs', 1, '2025-04-29 09:12:51', '2025-04-29 09:12:51'),
(38, 'asd', 1, '2025-05-05 09:55:54', '2025-05-05 09:55:54'),
(39, 'zero', 1, '2025-05-06 09:04:13', '2025-05-06 09:04:13'),
(40, 'book', 1, '2025-05-06 17:05:26', '2025-05-06 17:05:26'),
(41, 'mebel', 1, '2025-05-07 10:05:55', '2025-05-07 10:05:55'),
(42, 'fdsfsdf', 1, '2025-05-12 08:41:53', '2025-05-12 08:41:53'),
(43, 'bal', 1, '2025-05-12 09:44:56', '2025-05-12 09:44:56'),
(44, 'asdsasa', 1, '2025-05-13 08:13:45', '2025-05-13 08:13:45'),
(45, 'ssaa', 1, '2025-05-13 12:05:22', '2025-05-13 12:05:22'),
(46, 'lnjnlknlkn', 1, '2025-05-14 11:58:06', '2025-05-14 11:58:06'),
(47, 'kjnkjn', 1, '2025-05-14 12:28:36', '2025-05-14 12:28:36'),
(48, 'QWEQWE', 1, '2025-05-15 15:49:28', '2025-05-15 15:49:28'),
(49, 'QWEQW', 1, '2025-05-15 15:49:28', '2025-05-15 15:49:28'),
(50, 'steel', 1, '2025-05-19 07:21:46', '2025-05-19 07:21:46'),
(51, 'zrrkr', 1, '2025-05-19 08:28:28', '2025-05-19 08:28:28'),
(52, 'touo', 1, '2025-05-19 08:28:28', '2025-05-19 08:28:28'),
(53, 'Metal', 1, '2025-07-08 08:20:20', '2025-07-08 08:20:20'),
(54, 'bolt', 1, '2025-07-09 11:55:04', '2025-07-09 11:55:04'),
(55, NULL, 1, '2025-07-11 15:15:52', '2025-07-11 15:15:52'),
(56, 'iron steel', 1, '2025-07-15 13:22:47', '2025-07-15 13:22:47'),
(57, 'Changan a05', 1, '2025-07-21 15:00:36', '2025-07-21 15:00:36'),
(58, 'sdfvbn', 1, '2025-07-23 11:38:56', '2025-07-23 11:38:56'),
(60, 'My Test', 1, '2025-07-23 15:17:59', '2025-07-23 15:17:59'),
(61, 'wood', 1, '2025-07-23 16:07:20', '2025-07-23 16:07:20'),
(63, 'hjknm', 1, '2025-07-23 16:56:32', '2025-07-23 16:56:32'),
(64, 'sfdsgd', 1, '2025-07-23 16:57:46', '2025-07-23 16:57:46');

-- --------------------------------------------------------

--
-- Table structure for table `product_types`
--

CREATE TABLE `product_types` (
  `id` bigint(20) UNSIGNED NOT NULL,
  `name` varchar(255) COLLATE utf8mb4_unicode_ci NOT NULL,
  `sort` int(11) DEFAULT NULL,
  `status` tinyint(1) NOT NULL,
  `created_at` timestamp NULL DEFAULT NULL,
  `updated_at` timestamp NULL DEFAULT NULL
) ENGINE=InnoDB DEFAULT CHARSET=utf8mb4 COLLATE=utf8mb4_unicode_ci;

--
-- Dumping data for table `product_types`
--

INSERT INTO `product_types` (`id`, `name`, `sort`, `status`, `created_at`, `updated_at`) VALUES
(1, 'Avtomobil', NULL, 1, '2025-03-13 10:47:36', '2025-03-13 10:47:36'),
(2, 'Digər', NULL, 1, '2025-03-13 10:47:41', '2025-03-13 10:47:41');

-- --------------------------------------------------------

--
-- Table structure for table `receives`
--

CREATE TABLE `receives` (
  `id` bigint(20) UNSIGNED NOT NULL,
  `invoice_id` varchar(255) COLLATE utf8mb4_unicode_ci DEFAULT NULL,
  `service_name` varchar(255) COLLATE utf8mb4_unicode_ci DEFAULT NULL,
  `invoice_date` date DEFAULT NULL,
  `last_payment_date` date DEFAULT NULL,
  `currency` varchar(255) COLLATE utf8mb4_unicode_ci DEFAULT NULL,
  `price` decimal(8,2) DEFAULT NULL,
  `vat` decimal(8,2) DEFAULT NULL,
  `total_price` decimal(8,2) DEFAULT NULL,
  `initial_payment` decimal(8,2) DEFAULT NULL,
  `remainder` decimal(8,2) DEFAULT NULL,
  `status` enum('pending','paid','not_paid') COLLATE utf8mb4_unicode_ci DEFAULT NULL,
  `customer_id` bigint(20) UNSIGNED DEFAULT NULL,
  `created_at` timestamp NULL DEFAULT NULL,
  `updated_at` timestamp NULL DEFAULT NULL,
  `order_id` bigint(20) UNSIGNED DEFAULT NULL,
  `country_id` bigint(20) UNSIGNED DEFAULT NULL
) ENGINE=InnoDB DEFAULT CHARSET=utf8mb4 COLLATE=utf8mb4_unicode_ci;

--
-- Dumping data for table `receives`
--

INSERT INTO `receives` (`id`, `invoice_id`, `service_name`, `invoice_date`, `last_payment_date`, `currency`, `price`, `vat`, `total_price`, `initial_payment`, `remainder`, `status`, `customer_id`, `created_at`, `updated_at`, `order_id`, `country_id`) VALUES
(1, 'Dignissimos eos lor', 'Denton Madden', '1999-06-07', '2015-09-04', 'USD', 500.00, 5.00, 475.00, 250.00, 125.00, 'paid', 23, '2025-07-17 14:33:33', '2025-07-17 15:06:19', NULL, NULL),
(2, '4646', 'sadasd', '2025-07-30', '2025-07-31', 'USD', 1000.00, 10.00, 900.00, 300.00, 600.00, 'pending', 23, '2025-07-17 16:23:30', '2025-07-17 16:48:52', NULL, NULL),
(3, '5475475', 'nnn', '2025-07-23', '2025-07-31', 'AZN', 100.00, 18.00, 118.00, 1.00, 17.00, 'paid', 22, '2025-07-18 09:57:10', '2025-07-18 09:58:07', NULL, NULL),
(4, NULL, 'Test 3', NULL, NULL, NULL, 200.00, 0.00, 200.00, 0.00, 200.00, 'not_paid', NULL, '2025-07-18 11:30:04', '2025-07-18 11:30:04', 3, NULL),
(5, NULL, 'dfdf', NULL, NULL, 'USD', 555.00, 0.00, 555.00, 0.00, 555.00, 'not_paid', NULL, '2025-07-18 11:30:04', '2025-07-18 11:46:57', 10, NULL),
(6, NULL, NULL, NULL, NULL, NULL, NULL, 0.00, NULL, 0.00, NULL, 'not_paid', NULL, '2025-07-18 11:30:04', '2025-07-18 11:30:04', 15, NULL),
(7, NULL, 'fdggfggggf', NULL, NULL, 'USD', 297.00, 0.00, 297.00, 0.00, 297.00, 'not_paid', NULL, '2025-07-18 11:30:04', '2025-07-18 11:46:57', 17, NULL),
(8, NULL, 'szsztst', NULL, NULL, 'USD', 100.00, 0.00, 100.00, 0.00, 100.00, 'not_paid', NULL, '2025-07-18 11:30:04', '2025-07-18 11:46:57', 22, NULL),
(9, NULL, 'ededed', NULL, NULL, NULL, 11.00, 0.00, 11.00, 0.00, 11.00, 'not_paid', NULL, '2025-07-18 11:30:04', '2025-07-18 11:30:04', 23, NULL),
(10, NULL, 'saffdsf', NULL, NULL, 'AZN', 566.00, 0.00, 566.00, 0.00, 566.00, 'not_paid', NULL, '2025-07-18 11:30:04', '2025-07-18 11:46:57', 25, NULL),
(11, NULL, 'xsX', NULL, NULL, 'USD', 12.00, 0.00, 12.00, 0.00, 12.00, 'not_paid', NULL, '2025-07-18 11:30:04', '2025-07-18 11:46:57', 26, NULL),
(12, '4546', 'sg', '2025-07-18', '2025-07-31', 'AZN', 1000.00, 10.00, 1100.00, 100.00, 900.00, 'pending', 1, '2025-07-18 11:30:04', '2025-07-18 12:34:14', 31, 2),
(13, NULL, 'ads', NULL, NULL, NULL, 14126.00, 0.00, 14126.00, 0.00, 13876.00, 'not_paid', 1, '2025-07-18 11:30:04', '2025-07-18 12:24:27', 39, NULL),
(14, NULL, 'Test', NULL, NULL, 'USD', 120.00, 0.00, 120.00, 0.00, 120.00, 'not_paid', 6, '2025-07-18 11:30:04', '2025-07-18 11:46:57', 40, NULL),
(15, NULL, 'ewrw', NULL, NULL, NULL, 220.00, 0.00, 220.00, 0.00, 220.00, 'not_paid', 7, '2025-07-18 11:30:04', '2025-07-18 11:30:04', 41, NULL),
(16, NULL, 'ygfdd', NULL, NULL, 'AZN', 553.00, 0.00, 553.00, 0.00, 553.00, 'not_paid', 10, '2025-07-18 11:30:04', '2025-07-18 11:46:57', 47, NULL),
(17, NULL, 'lkzsndsn', NULL, NULL, 'USD', 56.00, 0.00, 56.00, 0.00, 56.00, 'not_paid', 6, '2025-07-18 11:30:04', '2025-07-18 11:46:57', 49, NULL),
(18, NULL, 'Boru', NULL, NULL, 'USD', 850.00, 0.00, 850.00, 0.00, 850.00, 'not_paid', 12, '2025-07-18 11:30:04', '2025-07-18 11:46:57', 53, NULL),
(19, NULL, 'random', NULL, NULL, 'AZN', 1270.00, 0.00, 1270.00, 0.00, 1270.00, 'not_paid', 9, '2025-07-18 11:30:04', '2025-07-18 11:46:57', 54, NULL),
(20, NULL, 'toyota', NULL, NULL, 'USD', NULL, 0.00, NULL, 0.00, NULL, 'not_paid', 7, '2025-07-18 11:30:04', '2025-07-18 11:46:57', 55, NULL),
(21, NULL, 'szsztst', NULL, NULL, 'USD', 850.00, 0.00, 850.00, 0.00, 850.00, 'not_paid', 15, '2025-07-18 11:30:04', '2025-07-18 11:46:57', 59, NULL),
(22, NULL, 'Zeekr', NULL, NULL, 'USD', 850.00, 0.00, 850.00, 0.00, 850.00, 'not_paid', 16, '2025-07-18 11:30:04', '2025-07-18 11:46:57', 60, NULL),
(23, NULL, 'Changan', NULL, NULL, 'AZN', 1000.00, 0.00, 1000.00, 0.00, 1000.00, 'not_paid', 17, '2025-07-18 11:30:04', '2025-07-18 11:46:57', 63, NULL),
(24, NULL, 'boru', NULL, NULL, 'USD', 1000.00, 0.00, 1000.00, 0.00, 1000.00, 'not_paid', 17, '2025-07-18 11:30:04', '2025-07-18 11:46:57', 64, NULL),
(25, NULL, 'Masin', NULL, NULL, 'AZN', 13000.00, 0.00, 13000.00, 0.00, 13000.00, 'not_paid', 14, '2025-07-18 11:30:04', '2025-07-18 11:46:57', 65, NULL),
(26, NULL, 'Hyundai', NULL, NULL, NULL, 1300.00, 0.00, 1300.00, 0.00, 1300.00, 'not_paid', 16, '2025-07-18 11:30:04', '2025-07-18 11:30:04', 66, NULL),
(27, NULL, 'Bottle', NULL, NULL, 'AZN', 600.00, 0.00, 600.00, 0.00, 600.00, 'not_paid', 18, '2025-07-18 11:30:04', '2025-07-18 11:46:57', 67, NULL),
(28, NULL, 'fddsdsf', NULL, NULL, 'AZN', 60.00, 0.00, 60.00, 0.00, 60.00, 'not_paid', 1, '2025-07-18 11:30:04', '2025-07-18 11:46:57', 68, NULL),
(29, NULL, 'jbkjbkb', NULL, NULL, 'AZN', 112.65, 0.00, 112.65, 0.00, 112.65, 'not_paid', 8, '2025-07-18 11:30:04', '2025-07-18 11:46:57', 69, NULL),
(30, NULL, 'szsztst', NULL, NULL, 'AZN', 1571.00, 0.00, 1571.00, 0.00, 1571.00, 'not_paid', 2, '2025-07-18 11:30:04', '2025-07-18 11:46:57', 70, NULL),
(31, NULL, NULL, NULL, NULL, 'AZN', 1000.00, 0.00, 1000.00, 0.00, 1000.00, 'not_paid', 19, '2025-07-18 11:30:04', '2025-07-18 11:46:57', 71, NULL),
(32, NULL, 'test', NULL, NULL, 'AZN', 1040.00, 0.00, 1040.00, 0.00, 1040.00, 'not_paid', 13, '2025-07-18 11:30:04', '2025-07-18 11:46:57', 72, NULL),
(33, NULL, 'mebel', NULL, NULL, 'AZN', 3810.00, 0.00, 3810.00, 0.00, 3810.00, 'not_paid', 10, '2025-07-18 11:30:04', '2025-07-18 11:46:57', 73, NULL),
(34, NULL, 'eeeeeewee', NULL, NULL, 'AZN', 682.80, 0.00, 682.80, 0.00, 682.80, 'not_paid', 21, '2025-07-18 11:30:04', '2025-07-18 11:46:57', 77, NULL),
(35, NULL, 'Test Sadiq', NULL, NULL, 'AZN', 105.00, 0.00, 105.00, 0.00, 105.00, 'not_paid', 7, '2025-07-18 11:30:04', '2025-07-18 11:46:57', 78, NULL),
(36, NULL, 'laptop', NULL, NULL, 'CNY', 44000.00, 0.00, 44000.00, 0.00, 44000.00, 'not_paid', 22, '2025-07-18 11:30:04', '2025-07-18 11:46:57', 79, NULL),
(37, NULL, 'Armud', NULL, NULL, 'AZN', 1400.00, 0.00, 1400.00, 0.00, 1400.00, 'not_paid', 22, '2025-07-18 11:30:04', '2025-07-18 11:46:57', 80, NULL),
(38, NULL, 'steeel', NULL, NULL, 'AZN', 550.00, 0.00, 550.00, 0.00, 550.00, 'not_paid', 23, '2025-07-18 11:30:04', '2025-07-18 11:46:57', 81, NULL),
(39, NULL, 'ZEEKR', NULL, NULL, 'AZN', 2500.00, 0.00, 2500.00, 0.00, 2500.00, 'not_paid', 12, '2025-07-18 11:30:04', '2025-07-18 11:46:57', 82, NULL),
(40, NULL, 'Test test', NULL, NULL, NULL, 105.00, 0.00, 105.00, 0.00, 105.00, 'not_paid', 19, '2025-07-18 11:30:04', '2025-07-18 11:30:04', 83, NULL),
(41, NULL, 'lhihihioi', NULL, NULL, NULL, 100.00, 0.00, 100.00, 0.00, 100.00, 'not_paid', 8, '2025-07-18 11:30:04', '2025-07-18 11:30:04', 85, NULL),
(42, NULL, 'mnkn', NULL, NULL, 'AZN', 110.00, 0.00, 110.00, 0.00, 110.00, 'not_paid', 22, '2025-07-18 11:30:04', '2025-07-18 11:46:57', 86, NULL),
(43, NULL, 'aaa', NULL, NULL, NULL, 6400.00, 0.00, 6400.00, 0.00, 6400.00, 'not_paid', 17, '2025-07-18 11:30:04', '2025-07-18 11:30:04', 87, NULL),
(44, NULL, 'hgvygugu', NULL, NULL, 'AZN', 2500.00, 0.00, 2500.00, 0.00, 2500.00, 'not_paid', 12, '2025-07-18 11:30:04', '2025-07-18 11:46:57', 88, NULL),
(45, NULL, 'khibiub', NULL, NULL, 'AZN', 800.00, 0.00, 800.00, 0.00, 800.00, 'not_paid', 23, '2025-07-18 11:30:04', '2025-07-18 11:46:57', 89, NULL),
(46, NULL, 'Ruth Salazar', NULL, NULL, 'AZN', NULL, 0.00, NULL, 0.00, NULL, 'not_paid', 1, '2025-07-18 11:30:04', '2025-07-18 11:46:57', 90, NULL),
(47, NULL, 'aaa', NULL, NULL, NULL, NULL, 0.00, NULL, 0.00, NULL, 'not_paid', 2, '2025-07-18 11:30:04', '2025-07-18 11:30:04', 91, NULL),
(48, NULL, NULL, NULL, NULL, 'AZN', 392.12, 0.00, 392.12, 0.00, 392.12, 'not_paid', 21, '2025-07-18 11:30:04', '2025-07-18 11:46:57', 92, NULL),
(49, NULL, 'metal', NULL, NULL, 'AZN', 499.82, 0.00, 499.82, 0.00, 499.82, 'not_paid', 13, '2025-07-18 11:30:04', '2025-07-18 11:46:57', 93, NULL),
(50, NULL, 'dsfasdffdasf', NULL, NULL, 'AZN', 9200.00, 0.00, 9200.00, 0.00, 9200.00, 'not_paid', 24, '2025-07-18 11:30:04', '2025-07-18 11:46:57', 94, NULL),
(51, NULL, 'xxxxvxxxx', NULL, NULL, 'CNY', 31000.00, 0.00, 31000.00, 0.00, 31000.00, 'not_paid', 24, '2025-07-18 11:30:04', '2025-07-18 11:46:57', 95, NULL),
(52, NULL, 'ZEEKR', NULL, NULL, 'USD', 5000.00, 0.00, 5000.00, 0.00, 5000.00, 'not_paid', 16, '2025-07-21 12:27:30', '2025-07-21 12:27:30', 96, NULL),
(53, NULL, 'Changan', NULL, NULL, 'AZN', 4250.00, 0.00, 4250.00, 0.00, 4250.00, 'not_paid', 19, '2025-07-21 14:51:10', '2025-07-21 14:51:10', 97, NULL),
(54, '111', 'Delilah Dorsey', '1987-02-13', '2021-04-20', 'USD', 445.00, 11.00, 493.95, 11.00, 482.95, 'paid', 23, '2025-07-21 15:14:27', '2025-07-21 15:14:27', 91, 1),
(55, NULL, 'Turba', NULL, NULL, 'AZN', 1200.00, 0.00, 1200.00, 0.00, 1200.00, 'not_paid', 7, '2025-07-23 08:02:37', '2025-07-23 08:02:37', 98, NULL),
(56, NULL, 'My Test', NULL, NULL, 'AZN', 37.00, 0.00, 37.00, 0.00, 37.00, 'not_paid', 20, '2025-07-23 15:08:39', '2025-07-23 15:08:39', 100, NULL),
(57, NULL, NULL, NULL, NULL, 'CNY', 48960.00, 0.00, 48960.00, 0.00, 48960.00, 'not_paid', 6, '2025-07-23 16:03:43', '2025-07-23 16:03:43', 101, NULL),
(58, NULL, 'test july', NULL, NULL, 'AZN', 1500.00, 0.00, 1500.00, 0.00, 1500.00, 'not_paid', 25, '2025-07-25 13:30:48', '2025-07-25 13:30:48', 99, NULL);

-- --------------------------------------------------------

--
-- Table structure for table `receive_payments`
--

CREATE TABLE `receive_payments` (
  `id` bigint(20) UNSIGNED NOT NULL,
  `date` date DEFAULT NULL,
  `currency` varchar(255) COLLATE utf8mb4_unicode_ci DEFAULT NULL,
  `file` varchar(255) COLLATE utf8mb4_unicode_ci DEFAULT NULL,
  `price` decimal(8,2) DEFAULT NULL,
  `payment_method` enum('cash','bank') COLLATE utf8mb4_unicode_ci DEFAULT NULL,
  `note` text COLLATE utf8mb4_unicode_ci,
  `receive_id` bigint(20) UNSIGNED NOT NULL,
  `created_at` timestamp NULL DEFAULT NULL,
  `updated_at` timestamp NULL DEFAULT NULL
) ENGINE=InnoDB DEFAULT CHARSET=utf8mb4 COLLATE=utf8mb4_unicode_ci;

--
-- Dumping data for table `receive_payments`
--

INSERT INTO `receive_payments` (`id`, `date`, `currency`, `file`, `price`, `payment_method`, `note`, `receive_id`, `created_at`, `updated_at`) VALUES
(1, '2025-07-19', 'AZN', 'uploads/receives/75433821.xlsx', 100.00, 'bank', 'nknk', 1, '2025-07-17 15:06:19', '2025-07-17 15:06:19'),
(2, '2025-07-18', 'AZN', 'uploads/receives/85369484.xlsx', 100.00, 'bank', 'ytyj6yj', 3, '2025-07-18 09:58:07', '2025-07-18 09:58:07'),
(3, '2025-07-19', 'AZN', 'uploads/receives/69345948.xlsx', 250.00, 'bank', 'efssdasdasdadasdasdasdasd', 13, '2025-07-18 12:24:27', '2025-07-18 12:24:27'),
(4, '2025-07-18', 'AZN', 'uploads/receives/41214956.xlsx', 100.00, 'bank', 'test', 12, '2025-07-18 12:34:14', '2025-07-18 12:34:14');

-- --------------------------------------------------------

--
-- Table structure for table `reject_reasons`
--

CREATE TABLE `reject_reasons` (
  `id` bigint(20) UNSIGNED NOT NULL,
  `name` varchar(255) COLLATE utf8mb4_unicode_ci NOT NULL,
  `sort` int(11) DEFAULT NULL,
  `status` tinyint(1) NOT NULL,
  `created_at` timestamp NULL DEFAULT NULL,
  `updated_at` timestamp NULL DEFAULT NULL
) ENGINE=InnoDB DEFAULT CHARSET=utf8mb4 COLLATE=utf8mb4_unicode_ci;

--
-- Dumping data for table `reject_reasons`
--

INSERT INTO `reject_reasons` (`id`, `name`, `sort`, `status`, `created_at`, `updated_at`) VALUES
(1, 'Test 1', NULL, 1, '2025-03-08 05:53:04', '2025-03-08 05:53:04'),
(2, 'Test 2', NULL, 1, '2025-03-08 05:53:14', '2025-03-08 05:53:14');

-- --------------------------------------------------------

--
-- Table structure for table `responsible_people`
--

CREATE TABLE `responsible_people` (
  `id` bigint(20) UNSIGNED NOT NULL,
  `name` varchar(255) COLLATE utf8mb4_unicode_ci DEFAULT NULL,
  `phone` varchar(255) COLLATE utf8mb4_unicode_ci DEFAULT NULL,
  `customer_property_id` bigint(20) UNSIGNED NOT NULL,
  `created_at` timestamp NULL DEFAULT NULL,
  `updated_at` timestamp NULL DEFAULT NULL
) ENGINE=InnoDB DEFAULT CHARSET=utf8mb4 COLLATE=utf8mb4_unicode_ci;

--
-- Dumping data for table `responsible_people`
--

INSERT INTO `responsible_people` (`id`, `name`, `phone`, `customer_property_id`, `created_at`, `updated_at`) VALUES
(11, 'gg', '4242', 2, '2025-03-27 12:13:04', '2025-03-27 12:13:04');

-- --------------------------------------------------------

--
-- Table structure for table `roles`
--

CREATE TABLE `roles` (
  `id` bigint(20) UNSIGNED NOT NULL,
  `name` varchar(255) COLLATE utf8mb4_unicode_ci NOT NULL,
  `guard_name` varchar(255) COLLATE utf8mb4_unicode_ci NOT NULL,
  `created_at` timestamp NULL DEFAULT NULL,
  `updated_at` timestamp NULL DEFAULT NULL,
  `sort` int(11) DEFAULT NULL,
  `status` tinyint(1) NOT NULL
) ENGINE=InnoDB DEFAULT CHARSET=utf8mb4 COLLATE=utf8mb4_unicode_ci;

--
-- Dumping data for table `roles`
--

INSERT INTO `roles` (`id`, `name`, `guard_name`, `created_at`, `updated_at`, `sort`, `status`) VALUES
(1, 'admin', 'web', '2025-03-07 10:37:12', '2025-05-15 17:29:53', 1, 1),
(2, 'operator', 'web', '2025-03-07 10:37:12', '2025-05-15 17:29:53', 2, 1),
(4, 'accountant', 'web', '2025-04-02 08:30:49', '2025-05-15 17:29:53', 3, 1),
(5, 'Baku', 'web', '2025-07-23 08:27:50', '2025-07-23 08:27:50', NULL, 1),
(6, 'Kurator', 'web', '2025-07-23 12:02:45', '2025-07-23 12:02:45', NULL, 1);

-- --------------------------------------------------------

--
-- Table structure for table `role_has_permissions`
--

CREATE TABLE `role_has_permissions` (
  `permission_id` bigint(20) UNSIGNED NOT NULL,
  `role_id` bigint(20) UNSIGNED NOT NULL
) ENGINE=InnoDB DEFAULT CHARSET=utf8mb4 COLLATE=utf8mb4_unicode_ci;

--
-- Dumping data for table `role_has_permissions`
--

INSERT INTO `role_has_permissions` (`permission_id`, `role_id`) VALUES
(2, 1),
(3, 1),
(4, 1),
(5, 1),
(6, 1),
(7, 1),
(8, 1),
(9, 1),
(10, 1),
(11, 1),
(12, 1),
(13, 1),
(14, 1),
(15, 1),
(16, 1),
(17, 1),
(18, 1),
(19, 1),
(20, 1),
(21, 1),
(22, 1),
(23, 1),
(24, 1),
(25, 1),
(26, 1),
(27, 1),
(28, 1),
(29, 1),
(30, 1),
(31, 1),
(32, 1),
(33, 1),
(34, 1),
(35, 1),
(36, 1),
(37, 1),
(38, 1),
(39, 1),
(40, 1),
(41, 1),
(42, 1),
(43, 1),
(44, 1),
(45, 1),
(46, 1),
(47, 1),
(48, 1),
(49, 1),
(50, 1),
(51, 1),
(52, 1),
(53, 1),
(54, 1),
(55, 1),
(56, 1),
(57, 1),
(58, 1),
(59, 1),
(60, 1),
(61, 1),
(62, 1),
(63, 1),
(64, 1),
(65, 1),
(66, 1),
(67, 1),
(68, 1),
(69, 1),
(70, 1),
(71, 1),
(72, 1),
(73, 1),
(74, 1),
(75, 1),
(76, 1),
(77, 1),
(78, 1),
(79, 1),
(80, 1),
(81, 1),
(82, 1),
(83, 1);

-- --------------------------------------------------------

--
-- Table structure for table `sectors`
--

CREATE TABLE `sectors` (
  `id` bigint(20) UNSIGNED NOT NULL,
  `name` varchar(255) COLLATE utf8mb4_unicode_ci NOT NULL,
  `sort` int(11) DEFAULT NULL,
  `status` tinyint(1) NOT NULL,
  `created_at` timestamp NULL DEFAULT NULL,
  `updated_at` timestamp NULL DEFAULT NULL
) ENGINE=InnoDB DEFAULT CHARSET=utf8mb4 COLLATE=utf8mb4_unicode_ci;

--
-- Dumping data for table `sectors`
--

INSERT INTO `sectors` (`id`, `name`, `sort`, `status`, `created_at`, `updated_at`) VALUES
(1, 'Sektor 1', NULL, 1, '2025-03-26 16:09:35', '2025-03-26 16:09:35'),
(2, 'Sektor 2', NULL, 1, '2025-03-26 16:09:42', '2025-03-26 16:09:42');

-- --------------------------------------------------------

--
-- Table structure for table `services`
--

CREATE TABLE `services` (
  `id` bigint(20) UNSIGNED NOT NULL,
  `name` varchar(255) COLLATE utf8mb4_unicode_ci NOT NULL,
  `status` tinyint(1) NOT NULL,
  `sort` int(11) DEFAULT NULL,
  `created_at` timestamp NULL DEFAULT NULL,
  `updated_at` timestamp NULL DEFAULT NULL
) ENGINE=InnoDB DEFAULT CHARSET=utf8mb4 COLLATE=utf8mb4_unicode_ci;

--
-- Dumping data for table `services`
--

INSERT INTO `services` (`id`, `name`, `status`, `sort`, `created_at`, `updated_at`) VALUES
(1, 'Anbar', 1, NULL, '2025-04-23 14:14:07', '2025-04-23 14:14:07'),
(2, 'Sənədləşmə', 1, NULL, '2025-04-23 14:14:30', '2025-04-23 14:14:30'),
(3, 'Balans', 1, NULL, '2025-04-23 14:14:39', '2025-04-23 14:14:39'),
(4, 'Test', 1, NULL, '2025-04-24 10:21:40', '2025-04-24 10:21:40');

-- --------------------------------------------------------

--
-- Table structure for table `service_details`
--

CREATE TABLE `service_details` (
  `id` bigint(20) UNSIGNED NOT NULL,
  `name` varchar(255) COLLATE utf8mb4_unicode_ci NOT NULL,
  `service_id` bigint(20) UNSIGNED NOT NULL,
  `created_at` timestamp NULL DEFAULT NULL,
  `updated_at` timestamp NULL DEFAULT NULL
) ENGINE=InnoDB DEFAULT CHARSET=utf8mb4 COLLATE=utf8mb4_unicode_ci;

--
-- Dumping data for table `service_details`
--

INSERT INTO `service_details` (`id`, `name`, `service_id`, `created_at`, `updated_at`) VALUES
(1, 'expense_type', 1, '2025-04-23 14:14:07', '2025-04-23 14:14:07'),
(2, 'start_date', 1, '2025-04-23 14:14:07', '2025-04-23 14:14:07'),
(3, 'end_date', 1, '2025-04-23 14:14:07', '2025-04-23 14:14:07'),
(4, 'note', 1, '2025-04-23 14:14:07', '2025-04-23 14:14:07'),
(5, 'document_type', 2, '2025-04-23 14:14:30', '2025-04-23 14:14:30'),
(6, 'note', 2, '2025-04-23 14:14:30', '2025-04-23 14:14:30'),
(7, 'expense_type', 4, '2025-04-24 10:21:40', '2025-04-24 10:21:40');

-- --------------------------------------------------------

--
-- Table structure for table `settings`
--

CREATE TABLE `settings` (
  `id` bigint(20) UNSIGNED NOT NULL,
  `key` varchar(255) COLLATE utf8mb4_unicode_ci NOT NULL,
  `value_az` varchar(500) COLLATE utf8mb4_unicode_ci DEFAULT NULL,
  `value_zh` varchar(500) COLLATE utf8mb4_unicode_ci DEFAULT NULL,
  `created_at` timestamp NULL DEFAULT NULL,
  `updated_at` timestamp NULL DEFAULT NULL,
  `value_en` varchar(255) COLLATE utf8mb4_unicode_ci DEFAULT NULL
) ENGINE=InnoDB DEFAULT CHARSET=utf8mb4 COLLATE=utf8mb4_unicode_ci;

--
-- Dumping data for table `settings`
--

INSERT INTO `settings` (`id`, `key`, `value_az`, `value_zh`, `created_at`, `updated_at`, `value_en`) VALUES
(1, 'control_panel', 'İdarə paneli', '控制面板', '2024-06-28 06:26:03', '2025-01-09 09:27:16', NULL),
(2, 'countries_city', 'Ölkələr və şəhərlər', '国家与城市', '2024-06-28 06:26:24', '2024-07-03 00:27:49', NULL),
(3, 'countries', 'Ölkələr', '国家', '2024-06-28 06:26:37', '2024-07-03 00:28:27', NULL),
(4, 'cities', 'Şəhərlər', '城市', '2024-06-28 06:26:57', '2024-07-03 00:29:32', NULL),
(5, 'airlines', 'Uçuş xətləri', '航线', '2024-06-28 06:27:15', '2024-07-24 08:57:59', NULL),
(6, 'timezones', 'Saat qurşaqları', '时区', '2024-06-28 07:19:42', '2024-07-03 12:26:59', NULL),
(7, 'currencies', 'Valyutalar', '货币', '2024-06-28 07:20:00', '2024-07-03 00:31:01', NULL),
(8, 'our_customers', 'Müştərilərimiz', '客户', '2024-06-28 07:20:15', '2024-07-03 00:31:17', NULL),
(9, 'companies', 'Şirkətlər', '公司', '2024-06-28 07:20:30', '2024-07-03 00:31:33', NULL),
(10, 'customers', 'Müştərilər', '非共同公司', '2024-06-28 07:20:49', '2025-05-28 12:21:29', NULL),
(11, 'orders', 'Sifarişlər', '订单', '2024-06-28 07:20:59', '2024-07-03 00:32:04', NULL),
(12, 'all_orders', 'Bütün sifarişlər', '所有订单', '2024-06-28 07:21:18', '2024-07-03 00:33:19', NULL),
(13, 'pending_orders', 'Gözləmədə olanlar', '等待订单', '2024-06-28 07:21:36', '2024-07-03 00:33:36', NULL),
(14, 'accept_orders', 'Təsdiqlənənlər', '确认', '2024-06-28 07:21:57', '2024-07-03 00:33:52', NULL),
(15, 'reject_orders', 'Ləğv olunanlar', '取消订单', '2024-06-28 07:22:25', '2024-07-03 12:55:11', NULL),
(16, 'foreign_operations', 'Xarici əməliyyatlar', '海外业务', '2024-06-28 07:25:58', '2024-07-03 00:32:19', NULL),
(17, 'chine_shipping', 'Çin daxili daşınmalar', '中国内运输', '2024-06-28 07:27:04', '2025-01-09 09:13:36', NULL),
(18, 'booking', 'Rezervasiya', '保留', '2024-06-28 07:27:17', '2024-07-03 00:34:55', NULL),
(19, 'internal_transport', 'Ölkədaxili daxili daşınma', '国内运输', '2024-06-28 07:29:21', '2025-01-09 19:08:21', NULL),
(20, 'users_and_roles', 'İdarəçilər və Rollar', '管理员和角色', '2024-06-28 07:29:54', '2024-07-03 00:49:32', NULL),
(21, 'roles', 'Rollar', '作用', '2024-06-28 07:30:04', '2024-07-03 12:52:41', NULL),
(22, 'users', 'İstifadəçilər', '用户', '2024-06-28 07:30:16', '2024-07-03 00:49:49', NULL),
(23, 'permissions', 'İcazələr', '权限', '2024-06-28 07:30:27', '2024-07-03 13:03:23', NULL),
(24, 'give_permission_to_role', 'Rola icazə ver', '允许角色', '2024-06-28 07:30:50', '2024-07-24 08:57:32', NULL),
(25, 'role_permissions_list', 'Rol icazələrinin siyahısı', '角色权限列表', '2024-06-28 07:31:18', '2024-07-24 08:57:15', NULL),
(26, 'settings', 'Tənzimləmələr', '设备', '2024-06-28 07:31:35', '2024-07-03 00:35:11', NULL),
(27, 'sources', 'Mənbələr', '来源', '2024-06-28 07:31:47', '2024-07-03 12:48:02', NULL),
(28, 'products', 'Məhsullar', '货', '2024-06-28 07:31:58', '2024-07-03 00:35:31', NULL),
(29, 'containers', 'Konteynerlər', '集装箱', '2024-06-28 07:32:09', '2024-07-03 00:35:45', NULL),
(30, 'volumes', 'Həcmlər', '尺寸', '2024-06-28 07:32:24', '2024-07-03 00:35:59', NULL),
(31, 'transport_infos', 'Daşınma məlumatları', '运输信息', '2024-06-28 07:32:50', '2024-07-03 00:36:18', NULL),
(32, 'transport_types', 'Daşınma tipləri', '交通类型', '2024-06-28 07:33:11', '2024-07-03 11:33:02', NULL),
(33, 'services', 'Xidmətlər', '服务', '2024-06-28 07:33:24', '2024-07-03 00:36:55', NULL),
(34, 'transports', 'Daşınmalar', '出货量', '2024-06-28 07:33:43', '2024-07-03 00:55:52', NULL),
(35, 'transport_inputs', 'Daşınma inputları', '运输投入', '2024-06-28 07:34:00', '2024-07-03 00:37:11', NULL),
(36, 'statuses', 'Statuslar', '状态', '2024-06-28 07:34:14', '2024-07-03 00:37:24', NULL),
(37, 'delivery_statuses', 'Çatdırılma statusları', '传递状态', '2024-06-28 07:34:34', '2024-07-03 00:37:45', NULL),
(38, 'invoice_statuses', 'İnvoys statusları', '发票状态', '2024-06-28 07:34:48', '2024-07-03 00:38:04', NULL),
(39, 'translates', 'Tərcümələr', '翻译', '2024-06-28 07:50:05', '2024-07-03 11:40:10', NULL),
(40, 'add', 'Əlavə et', '加', '2024-06-28 07:54:05', '2024-07-03 00:47:44', NULL),
(41, 'edit', 'Düzəlt', '编辑', '2024-06-28 07:55:51', '2024-07-03 00:44:32', NULL),
(42, 'name', 'Ad', '名字', '2024-06-28 07:59:41', '2024-07-03 00:38:22', NULL),
(43, 'email', 'Email', '邮件', '2024-06-28 08:01:25', '2024-07-03 00:38:35', NULL),
(44, 'address', 'Ünvan', '地址', '2024-06-28 08:01:46', '2024-07-03 00:38:50', NULL),
(45, 'phone', 'Telefon', '电话', '2024-06-28 08:02:01', '2024-07-03 00:39:16', NULL),
(46, 'choose_source', 'Mənbə Seç', '选来源', '2024-06-28 08:02:29', '2024-07-03 14:08:07', NULL),
(47, 'status', 'Status', '状态', '2024-06-28 08:02:50', '2024-07-03 00:39:45', NULL),
(48, 'active', 'Active', '积极', '2024-06-28 08:02:59', '2024-07-03 14:23:07', NULL),
(49, 'inactive', 'Inactive', '无效', '2024-06-28 08:03:09', '2024-07-03 13:40:08', NULL),
(50, 'submit', 'Təsdiq et', '确认', '2024-06-28 08:03:36', '2024-07-03 00:40:00', NULL),
(51, 'back', 'Geri', '上一页', '2024-06-28 08:03:47', '2024-07-03 00:40:18', NULL),
(52, 'voen', 'VÖEN', '税号', '2024-06-28 08:11:20', '2024-07-03 00:39:03', NULL),
(53, 'source', 'Mənbə', '来源', '2024-06-28 10:01:33', '2024-07-03 00:39:31', NULL),
(54, 'operations', 'Əməliyyatlar', '操作', '2024-06-28 10:01:50', '2024-07-03 00:44:45', NULL),
(55, 'lastname', 'Soyad', '姓', '2024-06-28 10:11:04', '2024-07-03 13:33:53', NULL),
(56, 'delete', 'Sil', '删除', '2024-06-28 10:14:08', '2024-07-03 13:46:14', NULL),
(57, 'from', 'Haradan', '从', '2024-06-28 10:16:39', '2024-07-03 13:43:45', NULL),
(58, 'to', 'Haraya', '到', '2024-06-28 10:16:50', '2024-07-03 11:44:50', NULL),
(59, 'date_from_supplier', 'Təchizatçıdan çıxma tarixi', '发货人发日期', '2024-06-28 10:17:46', '2024-07-03 13:47:46', NULL),
(60, 'date_to_xian', 'Xian anbarına daxil olma tarixi', '到西安日期', '2024-06-28 10:18:19', '2024-07-03 13:46:57', NULL),
(61, 'price', 'Qiymət', '价格', '2024-06-28 10:18:30', '2024-07-03 00:42:21', NULL),
(62, 'carrier', 'Daşıyan şəxs', '承运人', '2024-06-28 10:18:46', '2024-07-03 14:11:02', NULL),
(63, 'images', 'Şəkillər', '图片', '2024-07-01 11:23:18', '2024-07-03 13:40:36', NULL),
(64, 'container', 'Konteyner', '集装箱', '2024-07-01 11:24:15', '2024-07-03 14:00:17', NULL),
(65, 'volume', 'Həcm', '尺寸', '2024-07-01 11:24:52', '2024-07-03 00:43:45', NULL),
(66, 'chine_shipping_info', 'Çin daxili daşınma məlumatları', '中国航运信息', '2024-07-01 11:26:07', '2024-07-03 14:10:18', NULL),
(67, 'order_id', 'Sifariş ID', '订单id', '2024-07-01 11:26:47', '2024-07-03 13:24:34', NULL),
(68, 'view', 'Bax', '看', '2024-07-01 11:35:48', '2024-07-03 00:48:57', NULL),
(69, 'internal_transport_info', 'Daxili daşınma məlumatları', '国内运输信息', '2024-07-01 11:38:43', '2024-07-03 13:38:53', NULL),
(70, 'order_accept_date', 'Sifarişin qəbul olunma tarixi', '订单接受日期', '2024-07-01 11:40:52', '2024-07-03 13:29:57', NULL),
(71, 'order_finish_date', 'Sifarişin bitmə tarixi', '订单完成日期', '2024-07-01 11:42:27', '2024-07-03 13:29:05', NULL),
(72, 'tracking_code', 'İzləmə kodu', '跟踪代码', '2024-07-01 11:59:24', '2024-07-03 12:22:53', NULL),
(73, 'apply_date', 'Müraciət tarixi', '申请日期', '2024-07-01 11:59:42', '2024-07-03 00:41:09', NULL),
(74, 'product', 'Məhsul', '货', '2024-07-01 11:59:57', '2024-07-03 00:40:53', NULL),
(75, 'cube', 'CBM', '煤层气', '2024-07-01 12:00:26', '2025-06-05 10:58:17', NULL),
(76, 'customs_declaration', 'Gömrük bəyannaməsi', '报关', '2024-07-01 12:01:16', '2024-07-03 13:48:12', NULL),
(78, 'delivery_status', 'Çatdırılma statusu', '传递状态', '2024-07-01 12:04:21', '2024-07-03 13:45:42', NULL),
(79, 'order_status', 'Sifariş statusu', '订单状态', '2024-07-01 12:04:41', '2024-07-03 13:21:58', NULL),
(80, 'customer', 'Müştəri', '客户', '2024-07-01 12:08:48', '2024-07-03 13:50:03', NULL),
(81, 'pending', 'Gözləmədə', '待定', '2024-07-01 12:16:06', '2025-01-09 09:58:11', NULL),
(82, 'book', 'Rezervasiya et', '预订', '2024-07-01 12:23:20', '2024-07-03 14:21:30', NULL),
(83, 'accept', 'Təsdiq olunub', '确认', '2024-07-01 12:26:04', '2025-06-04 17:00:08', NULL),
(84, 'reject', 'Ləğv olunub', '取消', '2024-07-01 12:26:21', '2024-07-03 12:53:50', NULL),
(85, 'order', 'Sifariş', '订单', '2024-07-01 12:28:12', '2024-07-03 13:30:15', NULL),
(86, 'choose', 'Seçim edin', '选择', '2024-07-01 12:29:38', '2024-07-03 14:09:00', NULL),
(87, 'order_info', 'Sifariş məlumatları', '订单信息', '2024-07-01 12:33:18', '2024-07-03 13:23:21', NULL),
(88, 'customer_type', 'Müştəri növü', '客户类型', '2024-07-01 12:34:25', '2024-07-03 00:40:35', NULL),
(89, 'corporative', 'Korporativ', '法人', '2024-07-01 12:37:27', '2024-07-03 13:51:59', NULL),
(90, 'individual', 'Fərdi', '独立', '2024-07-01 12:37:41', '2024-07-03 13:39:48', NULL),
(91, 'company', 'Şirkət', '公司', '2024-07-01 12:38:03', '2024-07-03 14:06:42', NULL),
(92, 'customer_phone', 'Müştəri nömrəsi', '客户电话', '2024-07-01 12:40:10', '2024-07-03 13:48:59', NULL),
(93, 'upload_from_us_files', 'Müştərinin bizə kimi olan sənədlərini yüklə', '将客户的文件上传给我们', '2024-07-01 13:11:49', '2024-07-03 00:55:28', NULL),
(94, 'upload_with_us_files', 'Müştərinin bizlə olan sənədlərini yüklə', '与我们一起下载客户的文件', '2024-07-01 13:12:34', '2024-07-03 00:50:36', NULL),
(95, 'container_images', 'Konteyner şəkilləri', '集装箱图片', '2024-07-01 13:12:57', '2024-07-03 13:56:48', NULL),
(96, 'customer_from_us_files', 'Müştərinin bizə kimi olan sənədləri', '客户的资料', '2024-07-01 13:14:02', '2025-01-09 19:03:36', NULL),
(97, 'customer_with_us_files', 'Müştərinin bizlə olan sənədləri', '与我们一起客户的资料', '2024-07-01 13:14:24', '2025-01-09 19:02:34', NULL),
(98, 'contract', 'Müqavilə', '合同', '2024-07-01 13:21:14', '2024-07-03 13:52:27', NULL),
(99, 'invoice', 'İnvoys', '发票', '2024-07-01 13:21:26', '2024-07-03 13:37:12', NULL),
(100, 'price_agreement', 'Qiymət razılaşdırılması protokolu', '价格', '2024-07-01 13:21:36', '2024-07-03 13:00:20', NULL),
(101, 'swift', 'Swift', '迅速', '2024-07-01 13:21:46', '2025-01-09 09:17:37', NULL),
(102, 'e_receipt', 'E Qaimə', '电子收据', '2024-07-01 13:22:00', '2025-01-09 19:09:44', NULL),
(103, 'billofleding', 'Billofleding', '提货单', '2024-07-01 13:22:16', '2025-01-09 09:06:48', NULL),
(104, 'upload', 'Yüklə', '下载', '2024-07-01 13:22:28', '2024-07-03 00:51:03', NULL),
(105, 'packing_list', 'Packing list', '包装清单', '2024-07-01 13:22:51', '2024-07-03 13:07:34', NULL),
(106, 'traffic_sheet', 'Yol vərəqəsi', '运单', '2024-07-01 13:23:07', '2024-07-03 12:23:17', NULL),
(107, 'info', 'Qeyd', '信息', '2024-07-01 13:23:18', '2024-07-03 13:39:15', NULL),
(108, 'product_code', 'Məhsul kodu', '货代码', '2024-07-01 13:34:08', '2024-07-03 12:56:50', NULL),
(109, 'added_person', 'Əlavə edən şəxs', '加人', '2024-07-01 13:34:24', '2024-07-03 14:22:45', NULL),
(110, 'print', 'Çap et', '打印', '2024-07-01 13:34:35', '2024-07-03 12:57:09', NULL),
(111, 'booking_info', 'Rezervasiya məlumatları', '预订信息', '2024-07-01 13:35:50', '2024-07-03 14:13:19', NULL),
(112, 'booking_date', 'Rezervasiya tarixi', '预订日期', '2024-07-01 13:36:08', '2025-06-05 09:02:20', NULL),
(113, 'booking_delivery_time', 'Sifarişin yola düşmə tarixi', '预订传递日期', '2024-07-01 13:36:26', '2024-07-03 14:18:57', NULL),
(114, 'customer_name', 'Müştəri adı və soyadı', '客户姓名', '2024-07-02 07:48:15', '2025-06-05 10:33:58', NULL),
(115, 'company_name', 'Şirkət adı', '公司名', '2024-07-02 07:48:27', '2024-07-03 14:00:46', NULL),
(116, 'company_address', 'Şirkət ünvanı', '公司地址', '2024-07-02 07:48:42', '2024-07-03 14:02:45', NULL),
(117, 'yes', 'Bəli', '是', '2024-07-02 07:55:33', '2025-01-18 11:07:05', 'Yes'),
(118, 'no', 'Xeyr', '不', '2024-07-02 07:55:43', '2024-07-03 13:33:12', NULL),
(119, 'carriage_return', 'Vaqon qaiməsi', '运单', '2024-07-02 09:36:06', '2024-07-03 00:47:08', NULL),
(120, 'code', 'Kod', '代码', '2024-07-02 10:50:35', '2024-07-03 00:45:10', NULL),
(121, 'container_count', 'Konteyner sayı', '集装箱数量', '2024-07-02 10:53:45', '2024-07-03 13:57:34', NULL),
(122, 'total_price', 'Ümumi qiymət', '总价', '2024-07-02 10:55:13', '2024-07-03 11:44:22', NULL),
(123, 'booking_id', 'Rezervasiya nömrəsi', '预订账户', '2024-07-02 10:56:34', '2024-07-03 14:13:52', NULL),
(124, 'booking_payments', 'Rezervasiya ödənişləri', '预订付款', '2024-07-02 10:57:48', '2024-07-03 14:12:59', NULL),
(125, 'payment_status', 'Ödəniş statusu', '付款状态', '2024-07-02 10:58:21', '2024-07-03 13:05:40', NULL),
(126, 'pay', 'Ödə', '付款', '2024-07-02 10:58:37', '2024-07-03 13:06:28', NULL),
(127, 'payed', 'Ödənilib', '已付', '2024-07-02 10:58:55', '2024-07-03 13:06:08', NULL),
(128, 'not_payed', 'Ödənilməyib', '未支付', '2024-07-02 10:59:05', '2024-07-03 13:32:35', NULL),
(129, 'container_bookings', 'Konteynerin sifarişləri', '订集装箱', '2024-07-02 11:01:03', '2024-07-03 13:59:50', NULL),
(130, 'profile', 'Profil', '简介', '2024-07-02 13:11:27', '2024-07-03 12:56:27', NULL),
(131, 'image', 'Şəkil', '图片', '2024-07-02 13:24:47', '2024-07-03 13:41:02', NULL),
(132, 'username', 'İstifadəçi adı', '用户名', '2024-07-02 13:25:02', '2024-07-03 00:50:10', NULL),
(133, 'airline', 'Uçuş xətti', '航空', '2024-07-02 13:27:04', '2024-07-03 14:22:09', NULL),
(134, 'iata', 'IATA', NULL, '2024-07-02 13:27:43', '2024-07-02 13:27:43', NULL),
(135, 'icao', 'ICAO', NULL, '2024-07-02 13:27:51', '2024-07-02 13:27:51', NULL),
(136, 'callsign', 'İşarə', '标志', '2024-07-02 13:30:28', '2025-01-09 09:09:37', NULL),
(137, 'country', 'Ölkə', '国家', '2024-07-02 13:31:00', '2024-07-03 13:51:19', NULL),
(138, 'choose_country', 'Ölkə seçin', '选国家', '2024-07-02 13:31:18', '2024-07-03 14:08:39', NULL),
(139, 'flag', 'Bayraq', '国旗', '2024-07-02 17:24:55', '2024-07-03 13:44:19', NULL),
(140, 'capital', 'Paytaxt', '首都', '2024-07-02 17:25:11', '2024-07-03 14:11:38', NULL),
(141, 'region', 'Region', '地区', '2024-07-02 17:25:38', '2024-07-03 12:55:58', NULL),
(142, 'currency', 'Valyuta', '货币', '2024-07-02 17:25:53', '2024-07-03 13:50:48', NULL),
(143, 'iso', 'ISO', NULL, '2024-07-02 17:29:31', '2024-07-02 17:29:31', NULL),
(144, 'fullname', 'Ad və soyad', '全名', '2024-07-02 17:30:55', '2025-06-05 11:18:00', NULL),
(145, 'city', 'Şəhər', '城市', '2024-07-02 17:31:14', '2024-07-03 14:07:10', NULL),
(146, 'timezone', 'Saat qurşağı', '时区', '2024-07-02 17:36:31', '2024-07-03 12:31:10', NULL),
(147, 'symbol', 'Simvol', '符号', '2024-07-02 17:37:17', '2024-07-03 12:32:16', NULL),
(148, 'created_at', 'Əlavə olunma tarixi', '加日前', '2024-07-02 17:53:13', '2025-01-09 09:14:49', NULL),
(149, 'translate', 'Tərcümə', '翻译', '2024-07-02 18:04:02', '2024-07-03 11:41:59', NULL),
(150, 'title', 'Başlıq', '标题', '2024-07-02 18:04:21', '2024-07-03 12:23:52', NULL),
(151, 'value', 'Dəyər', '价值', '2024-07-02 18:04:32', '2024-07-03 00:49:13', NULL),
(152, 'purchase_region', 'Alındığı region', '买货的地区', '2024-07-02 18:20:57', '2024-07-03 00:45:35', NULL),
(153, 'pyhsical_weight', 'Fiziki çəki', '重量', '2024-07-02 18:21:25', '2024-07-03 00:45:57', NULL),
(154, 'general_volume', 'Ümumi həcm', '总共立方米', '2024-07-02 18:22:31', '2024-07-03 00:46:28', NULL),
(155, 'empty_volume', 'Boş hissə', '空间立方米', '2024-07-02 18:22:51', '2024-07-03 00:46:40', NULL),
(156, 'packed_volume', 'Dolu hissə', '有货立方米', '2024-07-02 18:23:04', '2024-07-03 00:46:53', NULL),
(157, 'container_info', 'Konteyner məlumatları', '集装箱信息', '2024-07-02 18:23:30', '2024-07-03 13:54:38', NULL),
(158, 'transport_type', 'Daşınma tipi', '交通类型', '2024-07-02 18:29:34', '2024-07-03 11:33:23', NULL),
(159, 'service', 'Xidmət', '服务', '2024-07-02 18:29:52', '2024-07-03 12:48:46', NULL),
(160, 'input', 'İnput', '输入', '2024-07-02 18:31:36', '2025-01-09 10:05:42', NULL),
(161, 'transport', 'Daşınma', '交通', '2024-07-02 18:33:05', '2024-07-03 11:35:02', NULL),
(162, 'row', 'Sıra', '排', '2024-07-02 18:37:31', '2024-07-03 12:52:14', NULL),
(163, 'invoice_status', 'Invoys statusu', '发票状态', '2024-07-02 18:41:43', '2024-07-03 13:36:16', NULL),
(164, 'booking_dates', 'Rezervasiya tarixləri', '预订日期', '2024-07-04 14:12:52', '2024-07-24 08:56:08', NULL),
(165, 'date', 'Tarix', '日期', '2024-07-04 14:13:06', '2025-01-09 09:16:01', NULL),
(166, 'abouts_booking_date', 'Təxmini rezervasiya tarixi', '预计预订日期', '2024-07-08 14:19:30', '2024-12-24 09:23:47', NULL),
(167, 'abouts_booking_dates', 'Xarici Anbara çatma', '到仓库', '2024-07-22 09:16:32', '2025-01-09 19:11:08', NULL),
(168, 'qrcode', 'QR kod', '二维码', '2024-07-30 10:53:28', '2025-01-09 09:19:00', NULL),
(169, 'notifications', 'Bildirişlər', '通知', '2024-08-19 16:23:48', '2025-01-09 09:30:28', NULL),
(170, 'expenses', 'Xərclər', '费用', '2024-08-21 09:36:34', '2025-01-09 10:29:21', NULL),
(171, 'transportation_expense', 'Daşınma xərci', '运费', '2024-08-21 11:12:36', '2025-01-09 08:54:31', NULL),
(172, 'internal_expense', 'Daxili xərc', '国内费用', '2024-08-21 11:12:58', '2025-01-09 18:58:24', NULL),
(173, 'waterway_bill', 'Su yolu vərəqəsi', '运单', '2024-08-21 11:13:09', '2025-01-09 09:29:27', NULL),
(174, 'declaration_expense', 'Deklarasiya xərcləri', '报关费用', '2024-08-21 11:13:22', '2025-01-09 10:08:16', NULL),
(175, 'chine_and_baku_expense', 'Çin və Bakı xərcləri', '中国和巴库费用', '2024-08-21 11:13:34', '2025-01-09 09:10:53', NULL),
(176, 'view_expense', 'Xərclərə bax', '看费用', '2024-08-21 11:14:52', '2025-01-09 08:55:57', NULL),
(177, 'total_expense', 'Ümumi xərc', '转金额', '2024-08-21 11:25:03', '2025-01-09 09:00:45', NULL),
(178, 'payment_type', 'Ödəmə növü', '付款方式', '2024-08-27 08:04:07', '2025-01-09 09:21:08', NULL),
(179, 'cash', 'Nağd', '现金', '2024-08-27 08:04:18', '2025-01-09 09:11:09', NULL),
(180, 'transfer', 'Köçürmə', '转', '2024-08-27 08:04:36', '2025-01-09 08:59:08', NULL),
(181, 'partial', 'Qismən', '部分', '2024-08-27 08:04:48', '2025-01-09 09:59:38', NULL),
(182, 'cash_price', 'Nağd məbləği', '现金价格', '2024-08-27 08:05:07', '2025-01-09 09:11:23', NULL),
(183, 'transfer_price', 'Köçürmə məbləği', '转金额', '2024-08-27 08:05:25', '2025-01-09 08:58:35', NULL),
(184, 'expense', 'Xərclər', '费用', '2024-09-16 15:08:28', '2025-01-09 10:29:33', NULL),
(185, 'customer_code', 'Müştəri kodu', '客户代码', '2024-09-17 08:49:30', '2025-01-09 10:08:52', NULL),
(186, 'mix_full', 'Mix/Full', '散货柜/整柜', '2024-10-18 08:12:00', '2025-01-09 10:04:22', NULL),
(187, 'mix', 'Mix', '散货柜', '2024-10-18 08:12:11', '2025-01-09 10:04:52', NULL),
(188, 'full', 'Full', '整柜', '2024-10-18 08:12:35', '2025-01-09 10:06:21', NULL),
(189, 'cbm', 'CBM', '立方米', '2024-10-18 08:14:25', '2025-01-09 10:07:40', NULL),
(190, 'total_cbm', 'Cəmi CBM', '一共立方米', '2024-10-18 08:16:41', '2025-01-09 09:16:59', NULL),
(191, 'add_product', 'Məhsul əlavə et', '加货', '2024-10-22 15:25:54', '2025-01-09 09:04:00', NULL),
(192, 'remainder_cbm', 'Qalan cbm', '余下立方米', '2024-11-16 09:27:42', '2025-01-09 19:05:03', NULL),
(193, 'curator', 'Kurator', '馆长', '2024-11-16 09:52:44', '2025-01-09 10:07:07', NULL),
(194, 'container_statuses', 'Konteyner statusları', '集装箱现状', '2024-11-18 10:03:15', '2025-01-09 10:17:42', NULL),
(195, 'pickup_date', 'Anbardan təhvil alınma tarixi', '提货的日期', '2024-11-18 11:19:50', '2025-01-09 09:19:59', NULL),
(196, 'transfer_date', 'D/Y təhvil verilmə tarixi', '送交铁路', '2024-11-18 11:20:18', '2025-01-09 18:57:12', NULL),
(197, 'departure_date', 'D/Y çıxma tarixi', '发货日期', '2024-11-18 11:20:56', '2025-01-09 10:32:03', NULL),
(198, 'delivery_agent_date', 'Agentə verilmə tarixi', '送交代理人', '2024-11-23 10:26:16', '2025-01-09 19:00:09', NULL),
(199, 'delivery_warehouse_date', 'Anbara verilmə tarixi', '到仓库日期', '2024-11-23 10:30:26', '2025-01-09 10:24:38', NULL),
(200, 'fin', 'FIN', '车架号', '2024-11-25 16:23:24', '2025-01-09 10:31:16', NULL),
(201, 'container_types', 'Konteyner növləri', '集装箱类型', '2024-11-26 14:46:00', '2025-01-09 10:15:52', NULL),
(202, 'car', 'Avtomobil', '汽车', '2024-11-27 14:07:06', '2025-01-09 09:09:16', NULL),
(203, 'remainder_container_count', 'Qalan konteyner sayı', '剩余容器数量', '2024-11-28 10:58:42', '2025-01-09 09:02:58', NULL),
(204, 'fortified_containers', 'Təhkim olunan konteynerlər', '强化集装箱', '2024-11-28 10:59:05', '2025-01-09 10:27:33', NULL),
(205, 'price_section', 'Qiymət bölgüləri', '价格部分', '2024-11-28 11:43:46', '2025-01-09 09:58:46', NULL),
(206, 'container_type', 'Konteyner növü', '集装箱类型', '2024-11-29 14:58:29', '2025-01-09 10:15:33', NULL),
(207, 'warehouse', 'Anbar', '仓库', '2024-12-24 10:04:33', '2025-01-09 08:55:19', NULL),
(208, 'agent', 'Agent', '代理人', '2024-12-24 10:21:55', '2025-01-09 09:04:27', NULL),
(209, 'warehouses', 'Anbarlar', '仓库', '2024-12-24 10:22:56', '2025-01-09 08:55:11', NULL),
(210, 'give_to_agent_date', 'Agentə verilmə tarixi', '送交代理人', '2024-12-25 08:29:12', '2025-01-09 18:59:20', NULL),
(211, 'security_mode', 'Təhlükəsizlik statusu', '安全模式', '2024-12-25 09:18:37', '2025-01-09 09:00:04', NULL),
(212, 'factory_name', 'Zavodun adı', '工厂名', '2025-01-06 09:25:51', '2025-01-09 10:26:11', NULL),
(213, 'factory_number', 'Zavodun nömrəsi', '工厂联系方式', '2025-01-06 09:26:04', '2025-01-09 09:28:56', NULL),
(214, 'box_count', 'Qutu sayı', '箱数额', '2025-01-06 10:46:24', '2025-01-09 09:08:55', NULL),
(215, 'palette_count', 'Pallet sayı', '托盘数量', '2025-01-06 10:46:39', '2025-01-09 10:03:06', NULL),
(216, 'country_code', 'Ölkə kodu', NULL, '2025-01-21 12:13:16', '2025-05-27 12:27:03', 'Country code'),
(217, 'pyhsical_person', 'Fiziki şəxs', '自然人', '2025-05-29 08:24:42', '2025-05-30 10:50:02', NULL),
(218, 'draft', 'Draft', '创造草案订单', '2025-05-29 08:26:32', '2025-05-30 10:19:09', NULL),
(219, 'confirmed', 'Təsdiqlənən', '已经确认', '2025-05-29 08:27:43', '2025-05-30 10:13:13', NULL),
(220, 'executing', 'İcrada olan', '进行中', '2025-05-29 08:27:57', '2025-05-30 10:20:40', NULL),
(221, 'rejected', 'İmtina olunan', '遭拒的', '2025-05-29 08:28:10', '2025-05-30 10:51:21', NULL),
(222, 'finished', 'Bitmiş sifarişlər', '成功的订单', '2025-05-29 08:28:24', '2025-05-30 10:22:11', NULL),
(223, 'price_await_orders', 'Qiymət gözləyən sifarişlər', '等待报价', '2025-05-29 08:28:44', '2025-05-30 10:49:36', NULL),
(224, 'all_containers', 'Bütün konteynerlər', '全部柜子', '2025-05-29 08:29:08', '2025-05-30 10:05:16', NULL),
(225, 'booking_prices', 'Rezervasiya qiymətləri', '定位价格', '2025-05-29 08:29:28', '2025-05-30 10:06:36', NULL),
(226, 'booking_container', 'Konteyner rezervasiyası', NULL, '2025-05-29 08:30:03', '2025-05-29 08:30:03', NULL),
(227, 'abandoned_cargo', 'Sahibsiz yüklər', '没有信息的货', '2025-05-29 08:30:35', '2025-05-30 10:00:56', NULL),
(228, 'all_abandoned_cargo', 'Bütün sahibsiz yüklər', '全部没有信息的货', '2025-05-29 08:30:54', '2025-05-30 10:04:45', NULL),
(229, 'china_booking', 'Rezervasiya çin tərəfi', NULL, '2025-05-29 08:31:11', '2025-05-29 08:31:11', NULL),
(230, 'other_operations', 'Digər əməliyyatlar', '其他交易', '2025-05-29 08:31:27', '2025-05-30 10:42:51', NULL),
(231, 'vendor_management', 'Vendor idarəetməsi', '供应商管理', '2025-05-29 08:31:45', '2025-05-30 10:56:21', NULL),
(232, 'districts', 'Rayonlar', '地带', '2025-05-29 08:32:44', '2025-05-30 10:18:15', NULL),
(233, 'expense_types', 'Xərc növləri', '费用种', '2025-05-29 08:33:23', '2025-05-30 10:21:28', NULL),
(234, 'document_types', 'Sənəd növləri', '资料种', '2025-05-29 08:33:38', '2025-05-30 10:18:49', NULL),
(235, 'workers', 'Əməkdaşlar', '员工', '2025-05-29 08:34:13', '2025-05-30 10:56:47', NULL),
(236, 'checking_reasons', 'Yoxlama səbəbləri', '查验原因', '2025-05-29 08:34:44', '2025-05-30 10:10:38', NULL),
(237, 'accountant', 'Maliyyə', '会计师', '2025-05-29 08:35:07', '2025-05-30 10:02:00', NULL),
(238, 'general_journal', 'Ümumi jurnal', '期刊', '2025-05-29 08:35:21', '2025-05-30 10:29:02', NULL),
(239, 'reports', 'Hesabatlar', '消息', '2025-05-29 08:35:48', '2025-05-30 10:51:33', NULL),
(240, 'incomes', 'Gəlirlər', '收入', '2025-05-29 08:36:13', '2025-05-30 10:40:14', NULL),
(241, 'payments', 'Ödənişlər', '付款', '2025-05-29 08:36:25', '2025-05-30 10:43:03', NULL),
(242, 'salary', 'Əmək haqqı', '工资', '2025-05-29 08:36:39', '2025-05-30 10:51:42', NULL),
(243, 'sort_by', 'Sırala', '排序', '2025-05-29 08:51:24', '2025-05-30 10:52:18', NULL),
(245, 'old_to_new', 'Köhnədən yeniyə', '从旧到新', '2025-05-29 08:54:18', '2025-05-30 10:42:29', NULL),
(246, 'new_to_old', 'Yenidən köhnəyə', '从新到旧', '2025-05-29 08:54:52', '2025-05-30 10:41:52', NULL),
(247, 'for_apply_date', 'Müraciət tarixinə görə', '根据请日期', '2025-05-29 08:55:38', '2025-05-30 10:24:49', NULL),
(248, 'weight', 'Çəki', '重量', '2025-05-29 09:02:51', '2025-05-30 10:56:29', NULL),
(249, 'cargo_type', 'Yük növü', '货种', '2025-05-29 09:03:37', '2025-05-30 10:07:51', NULL),
(250, 'automobile', 'Avtomobil', '汽车', '2025-05-29 09:04:06', '2025-05-30 10:05:43', NULL),
(251, 'search', 'Axtar', '搜', '2025-05-29 09:08:32', '2025-05-30 10:51:50', NULL),
(252, 'confirm', 'Təsdiq et', '确认', '2025-05-29 09:10:16', '2025-05-30 10:13:01', NULL),
(253, 'go_to_edit', 'Düzəlişə göndər', '发送更正', '2025-05-29 09:36:12', '2025-05-30 10:29:13', NULL),
(254, 'enter_order_info', 'Sifariş məlumatlarını daxil et', '加订单信息', '2025-05-29 09:39:53', '2025-05-30 10:20:24', NULL),
(255, 'container_code', 'Konteyner nömrəsi', '改柜子', '2025-05-29 10:04:54', '2025-05-30 10:13:36', NULL),
(256, 'railway_bill', 'Railway bill', '改运单', '2025-05-29 10:06:22', '2025-05-30 10:50:12', NULL),
(257, 'declaration', 'Deklarasiya', '报关单', '2025-05-29 10:06:37', '2025-05-30 10:17:24', NULL),
(258, 'edit_order_documents', 'Yükün sənədlərini dəyiş', '换货的资料', '2025-05-29 10:07:26', '2025-05-30 10:19:22', NULL),
(259, 'change_container_number', 'Konteyner nömrəsini dəyiş', '改柜子号', '2025-05-29 10:08:05', '2025-05-30 10:08:20', NULL),
(260, 'change_curator', 'Kuratoru dəyiş', '换接线员', '2025-05-29 10:08:26', '2025-05-30 10:09:54', NULL),
(261, 'cargo_enter_to_warehouse', 'Yük anbara daxil oldu', '到仓库', '2025-05-29 10:08:54', '2025-05-30 10:07:14', NULL),
(262, 'divide_order', 'Yükü böl', '分货', '2025-05-29 10:09:27', '2025-05-30 10:18:34', NULL),
(263, 'combine_order', 'Yükü birləşdir', '结合货', '2025-05-29 10:09:41', '2025-05-30 10:11:20', NULL),
(264, 'select_file', 'Fayl seç', '选文件', '2025-05-29 10:10:01', '2025-05-30 10:52:00', NULL),
(265, 'upload_railway_bill', 'Railway bill yüklə', '上转运单', '2025-05-29 10:11:37', '2025-05-30 10:56:14', NULL),
(266, 'edit_railway_bill', 'Railway bill düzəlt', '改运单', '2025-05-29 10:11:58', '2025-05-30 10:20:00', NULL),
(267, 'upload_declaration', 'Deklarasiya yüklə', '上转报关单', '2025-05-29 10:12:31', '2025-05-30 11:08:53', NULL),
(268, 'upload_container_images', 'Konteyner şəkilləri yüklə', '上转柜子照片', '2025-05-29 10:13:13', '2025-05-30 10:55:35', NULL),
(269, 'product_name', 'Malın adı', '货名字', '2025-05-29 10:15:26', '2025-05-30 10:49:51', NULL),
(270, 'loading_point', 'Yükləmə nöqtəsi', '装货地址', '2025-05-29 10:15:53', '2025-05-30 10:41:42', NULL),
(271, 'incoterms', 'İncoterms', '国际贸易术语', '2025-05-29 10:16:38', '2025-05-30 10:41:15', NULL),
(272, 'customs_clearance', 'Gömrükləmə', '报关', '2025-05-29 10:16:58', '2025-05-30 10:14:36', NULL),
(273, 'stackable', 'Yığılabilir', '可叠放的', '2025-05-29 10:17:23', '2025-05-30 10:52:26', NULL),
(274, 'non_stackable', 'Yığıla bilməyən', '不能可叠放的', '2025-05-29 10:17:56', '2025-05-30 10:42:04', NULL),
(275, 'send_to_evaluation', 'Qiymətləndirilməyə göndərilsin', '报价格', '2025-05-29 10:18:21', '2025-05-30 10:52:08', NULL),
(276, 'place_count', 'yer sayi', '货是几件', '2025-05-29 10:18:33', '2025-05-30 10:45:59', NULL),
(277, 'width', 'En', '宽度', '2025-05-29 10:18:47', '2025-05-30 10:56:37', NULL),
(278, 'height', 'Hündürlük', '长度', '2025-05-29 10:19:03', '2025-05-30 10:39:30', NULL),
(279, 'length', 'Uzunluq', '长度', '2025-05-29 10:19:13', '2025-05-30 10:41:26', NULL),
(280, 'has_export_right', 'Tədarükçünün export hüququ var mı', '用工厂抬头报关', '2025-05-29 10:21:29', '2025-05-30 10:29:31', NULL),
(281, 'note', 'Qeyd', '笔记', '2025-05-29 10:21:44', '2025-05-30 10:42:18', NULL),
(282, 'create_draft_order', 'Draft sifariş yarat', '创造草案订单', '2025-05-29 10:22:04', '2025-05-30 10:14:21', NULL),
(283, 'transportation_types', 'Daşınma tipləri', '晕种', '2025-05-29 10:22:44', '2025-05-30 10:55:23', NULL),
(284, 'transportation_services', 'Daşınma xidmətləri', '运服务', '2025-05-29 10:23:02', '2025-05-30 10:55:11', NULL),
(285, 'transportation', 'Daşınma', '运', '2025-05-29 10:23:12', '2025-05-30 10:55:05', NULL),
(286, 'physical', 'Fiziki', '自然人', '2025-05-29 10:23:32', '2025-05-30 10:43:14', NULL),
(287, 'tax_id', 'TAX Id', '税号', '2025-05-29 10:35:55', '2025-05-30 10:54:54', NULL),
(288, 'supplier_address', 'Tədarükçünün ünvanı', '发货人地址', '2025-05-29 10:36:34', '2025-05-30 10:54:38', NULL),
(289, 'abouts_delivery_date', 'Təxmini çatıdırılma vaxtı', '大概到时间', '2025-05-29 10:49:27', '2025-05-30 10:01:25', NULL),
(290, 'has_internal_transport', 'Daxili daşınma var mı', '有没有中国内物流', '2025-05-29 10:49:53', '2025-05-30 10:29:47', NULL),
(291, 'district', 'Rayon', '地带', '2025-05-29 10:50:25', '2025-05-30 10:18:02', NULL),
(292, 'ready_status', 'Hazır olma statusu', '准备状态', '2025-05-29 10:51:33', '2025-05-30 10:50:33', NULL),
(293, 'referrer', 'Yönləndirən şəxs', '推荐人', '2025-05-29 10:52:07', '2025-05-30 10:51:10', NULL),
(294, 'add_size', 'Ölçü əlavə et', '加尺寸', '2025-05-29 10:52:41', '2025-05-30 10:04:14', NULL),
(295, 'supplier_info', 'Tədarükçü məlumatları', '发货人信息', '2025-05-29 10:53:01', '2025-05-30 10:54:46', NULL),
(296, 'supplier', 'Tədarükçü', '发货人', '2025-05-29 10:53:15', '2025-05-30 10:54:31', NULL),
(297, 'booking_chine', 'Reservasiya çin terefi', NULL, '2025-06-03 08:19:57', '2025-06-03 08:19:57', NULL),
(298, 'salary_management', 'Əməkhaqqı idarəetmə', '工资管理', '2025-06-03 15:32:12', '2025-06-03 15:32:47', NULL),
(299, 'start_time', 'Başlanğıc tarix', '开始时间', '2025-06-05 08:37:31', '2025-06-05 08:40:18', NULL),
(300, 'end_time', 'Bitmə tarixi', '结束时间', '2025-06-05 08:38:02', '2025-06-05 08:40:34', 'End time'),
(301, 'finish', 'Bitmiş', '完成的', '2025-06-05 08:51:35', '2025-06-05 08:51:35', NULL),
(302, 'send_execute', 'İcraya göndər', '发送至执行', '2025-06-05 08:57:58', '2025-06-05 08:57:58', NULL),
(303, 'vin_code', 'Vin kod', '车辆识别号码', '2025-06-05 08:59:32', '2025-06-05 08:59:32', NULL),
(304, 'short_import_declaration', 'Qısa idxal bəyannaməsi', '简短的进口申报', '2025-06-05 09:04:49', '2025-06-05 09:04:49', NULL),
(305, 'checking', 'Yoxlamada', '检查中', '2025-06-05 09:06:38', '2025-06-05 09:06:38', NULL),
(306, 'in_the_chine_warehouse', 'Çin anbarında', '在中国仓库', '2025-06-05 09:30:37', '2025-06-05 09:30:37', NULL),
(307, 'choose_file', 'Fayl seç', '选择文件', '2025-06-05 09:33:27', '2025-06-05 09:33:27', NULL),
(308, 'finish_order', 'Sifarişi bitir', '完成订单', '2025-06-05 09:38:36', '2025-06-05 09:38:36', NULL),
(309, 'handover', 'T/T aktı', '转让契约', '2025-06-05 09:57:58', '2025-06-05 09:57:58', NULL),
(310, 'date_of_delivery', 'Təhvil verilmə tarixi', '交货日期', '2025-06-05 10:01:06', '2025-06-05 10:01:06', NULL),
(311, 'arrived_in_baku', 'Bakıya çatıb', '抵达巴库', '2025-06-05 10:03:58', '2025-06-05 10:03:58', NULL),
(312, 'reject_reason', 'İmtina olunma səbəbi', '拒绝原因', '2025-06-05 10:08:29', '2025-06-05 10:08:29', NULL),
(313, 'enter_container_type', 'Konteyner növünü daxil edin', '输入集装箱类型', '2025-06-05 10:38:26', '2025-06-05 10:38:26', NULL),
(314, 'enter_loading_point', 'Yükləmə nöqtəsini daxil edin', '输入下载点。', '2025-06-05 10:42:17', '2025-06-05 10:42:17', NULL),
(315, 'car_type', 'Maşın növü', '机器类型', '2025-06-05 10:44:14', '2025-06-05 10:44:14', NULL),
(316, 'enter_car_type', 'Maşın növünü daxil edin', '输入车型', '2025-06-05 10:45:04', '2025-06-05 10:45:04', NULL),
(317, 'car_count', 'Maşın sayı', '车辆数量', '2025-06-05 10:47:15', '2025-06-05 10:47:15', NULL),
(318, 'enter_car_count', 'Maşın sayını daxil edin', '输入机器编号', '2025-06-05 10:47:55', '2025-06-05 10:47:55', NULL),
(319, 'enter', 'Daxil edin', '进入', '2025-06-05 10:56:44', '2025-06-05 10:56:44', NULL),
(320, 'incoterm', 'İnkoterm', '国际贸易术语', '2025-06-05 10:59:07', '2025-06-05 10:59:07', NULL),
(321, 'not_stackable', 'Yığıla bilməyən', '无法收集', '2025-06-05 11:01:43', '2025-06-05 11:01:43', NULL),
(322, 'dangerous', 'Təhlükəli', '危险的', '2025-06-05 11:05:11', '2025-06-05 11:05:11', NULL),
(323, 'safe', 'Təhlükəsiz', '安全的', '2025-06-05 11:05:37', '2025-06-05 11:05:37', NULL),
(324, 'msds', 'MSDS', '化学品安全技术说明书', '2025-06-05 11:07:17', '2025-06-05 11:07:17', 'MSDS'),
(325, 'legal', 'Hüquqi', '合法的', '2025-06-05 11:09:17', '2025-06-05 11:09:17', NULL),
(326, 'add_customer', 'Müştəri əlavə et', '添加客户', '2025-06-05 11:17:06', '2025-06-05 11:17:06', NULL),
(327, 'firstname', 'Ad', '姓名', '2025-07-23 12:31:51', '2025-07-23 12:31:51', 'Firstname'),
(328, 'add_referrer', 'Yönləndirən şəxs əlavə et', '添加引荐来源', '2025-07-23 12:32:27', '2025-07-23 12:32:27', 'Add referrer');

-- --------------------------------------------------------

--
-- Table structure for table `sources`
--

CREATE TABLE `sources` (
  `id` bigint(20) UNSIGNED NOT NULL,
  `name` varchar(255) COLLATE utf8mb4_unicode_ci NOT NULL,
  `sort` int(11) DEFAULT NULL,
  `status` tinyint(1) NOT NULL,
  `created_at` timestamp NULL DEFAULT NULL,
  `updated_at` timestamp NULL DEFAULT NULL
) ENGINE=InnoDB DEFAULT CHARSET=utf8mb4 COLLATE=utf8mb4_unicode_ci;

-- --------------------------------------------------------

--
-- Table structure for table `stations`
--

CREATE TABLE `stations` (
  `id` bigint(20) UNSIGNED NOT NULL,
  `name` varchar(255) COLLATE utf8mb4_unicode_ci NOT NULL,
  `sort` int(11) DEFAULT NULL,
  `status` tinyint(1) NOT NULL,
  `created_at` timestamp NULL DEFAULT NULL,
  `updated_at` timestamp NULL DEFAULT NULL
) ENGINE=InnoDB DEFAULT CHARSET=utf8mb4 COLLATE=utf8mb4_unicode_ci;

--
-- Dumping data for table `stations`
--

INSERT INTO `stations` (`id`, `name`, `sort`, `status`, `created_at`, `updated_at`) VALUES
(1, 'Station 1', NULL, 1, '2025-03-07 10:37:13', '2025-03-07 10:37:13'),
(2, 'Station 2', NULL, 1, '2025-03-07 10:37:13', '2025-03-07 10:37:13'),
(3, 'Station 3', NULL, 3, '2025-03-07 10:37:13', '2025-03-07 10:37:13');

-- --------------------------------------------------------

--
-- Table structure for table `statuses`
--

CREATE TABLE `statuses` (
  `id` bigint(20) UNSIGNED NOT NULL,
  `name` varchar(255) COLLATE utf8mb4_unicode_ci NOT NULL,
  `type` enum('pending','accepted','rejected') COLLATE utf8mb4_unicode_ci NOT NULL DEFAULT 'pending',
  `status` tinyint(1) NOT NULL,
  `sort` int(11) DEFAULT NULL,
  `created_at` timestamp NULL DEFAULT NULL,
  `updated_at` timestamp NULL DEFAULT NULL
) ENGINE=InnoDB DEFAULT CHARSET=utf8mb4 COLLATE=utf8mb4_unicode_ci;

--
-- Dumping data for table `statuses`
--

INSERT INTO `statuses` (`id`, `name`, `type`, `status`, `sort`, `created_at`, `updated_at`) VALUES
(1, 'Gözləmədə', 'pending', 1, 1, '2025-03-07 10:37:13', '2025-03-07 10:37:13'),
(2, 'Yola çıxdı', 'pending', 1, 2, '2025-03-07 10:37:13', '2025-03-07 10:37:13'),
(3, 'Xarici anbarda', 'pending', 1, 3, '2025-03-07 10:37:13', '2025-03-07 10:37:13'),
(4, 'Azərbaycan gömrüyündə', 'pending', 1, 4, '2025-03-07 10:37:13', '2025-03-07 10:37:13'),
(5, 'Azərbaycan anbarında', 'pending', 1, 5, '2025-03-07 10:37:13', '2025-03-07 10:37:13'),
(6, 'Çatdırıldı', 'accepted', 1, 6, '2025-03-07 10:37:13', '2025-03-07 10:37:13');

-- --------------------------------------------------------

--
-- Table structure for table `transportations`
--

CREATE TABLE `transportations` (
  `id` bigint(20) UNSIGNED NOT NULL,
  `name` varchar(255) COLLATE utf8mb4_unicode_ci NOT NULL,
  `sort` int(11) DEFAULT NULL,
  `status` tinyint(1) NOT NULL,
  `transportation_service_id` bigint(20) UNSIGNED NOT NULL,
  `created_at` timestamp NULL DEFAULT NULL,
  `updated_at` timestamp NULL DEFAULT NULL
) ENGINE=InnoDB DEFAULT CHARSET=utf8mb4 COLLATE=utf8mb4_unicode_ci;

--
-- Dumping data for table `transportations`
--

INSERT INTO `transportations` (`id`, `name`, `sort`, `status`, `transportation_service_id`, `created_at`, `updated_at`) VALUES
(1, 'Dəmiryolu', NULL, 1, 1, '2025-03-07 10:37:13', '2025-03-07 10:37:13'),
(2, 'Hava yolları', NULL, 1, 1, '2025-03-07 10:37:13', '2025-03-07 10:37:13');

-- --------------------------------------------------------

--
-- Table structure for table `transportation_services`
--

CREATE TABLE `transportation_services` (
  `id` bigint(20) UNSIGNED NOT NULL,
  `name` varchar(255) COLLATE utf8mb4_unicode_ci NOT NULL,
  `sort` int(11) DEFAULT NULL,
  `status` tinyint(1) NOT NULL,
  `transportation_type_id` bigint(20) UNSIGNED NOT NULL,
  `created_at` timestamp NULL DEFAULT NULL,
  `updated_at` timestamp NULL DEFAULT NULL
) ENGINE=InnoDB DEFAULT CHARSET=utf8mb4 COLLATE=utf8mb4_unicode_ci;

--
-- Dumping data for table `transportation_services`
--

INSERT INTO `transportation_services` (`id`, `name`, `sort`, `status`, `transportation_type_id`, `created_at`, `updated_at`) VALUES
(1, 'Daşınma', NULL, 1, 1, '2025-03-07 10:37:13', '2025-03-07 10:37:13'),
(2, 'Daşınma', NULL, 1, 2, '2025-03-07 10:37:13', '2025-03-07 10:37:13');

-- --------------------------------------------------------

--
-- Table structure for table `transportation_types`
--

CREATE TABLE `transportation_types` (
  `id` bigint(20) UNSIGNED NOT NULL,
  `name` varchar(255) COLLATE utf8mb4_unicode_ci NOT NULL,
  `status` tinyint(1) NOT NULL,
  `sort` int(11) DEFAULT NULL,
  `created_at` timestamp NULL DEFAULT NULL,
  `updated_at` timestamp NULL DEFAULT NULL
) ENGINE=InnoDB DEFAULT CHARSET=utf8mb4 COLLATE=utf8mb4_unicode_ci;

--
-- Dumping data for table `transportation_types`
--

INSERT INTO `transportation_types` (`id`, `name`, `status`, `sort`, `created_at`, `updated_at`) VALUES
(1, 'İdxal', 1, NULL, '2025-03-07 10:37:13', '2025-03-07 10:37:13'),
(2, 'İxrac', 2, NULL, '2025-03-07 10:37:13', '2025-03-07 10:37:13');

-- --------------------------------------------------------

--
-- Table structure for table `users`
--

CREATE TABLE `users` (
  `id` bigint(20) UNSIGNED NOT NULL,
  `name` varchar(255) COLLATE utf8mb4_unicode_ci NOT NULL,
  `image` varchar(255) COLLATE utf8mb4_unicode_ci DEFAULT NULL,
  `email` varchar(255) COLLATE utf8mb4_unicode_ci NOT NULL,
  `email_verified_at` timestamp NULL DEFAULT NULL,
  `password` varchar(255) COLLATE utf8mb4_unicode_ci NOT NULL,
  `remember_token` varchar(100) COLLATE utf8mb4_unicode_ci DEFAULT NULL,
  `created_at` timestamp NULL DEFAULT NULL,
  `updated_at` timestamp NULL DEFAULT NULL,
  `firstname` varchar(255) COLLATE utf8mb4_unicode_ci DEFAULT NULL,
  `lastname` varchar(255) COLLATE utf8mb4_unicode_ci DEFAULT NULL,
  `fin` varchar(255) COLLATE utf8mb4_unicode_ci DEFAULT NULL,
  `position` varchar(255) COLLATE utf8mb4_unicode_ci DEFAULT NULL,
  `mmc` varchar(255) COLLATE utf8mb4_unicode_ci DEFAULT NULL,
  `phone` varchar(255) COLLATE utf8mb4_unicode_ci DEFAULT NULL,
  `gender` enum('male','female') COLLATE utf8mb4_unicode_ci DEFAULT NULL,
  `gross_salary` decimal(8,2) DEFAULT NULL,
  `cash` decimal(8,2) DEFAULT NULL,
  `bank` varchar(255) COLLATE utf8mb4_unicode_ci DEFAULT NULL,
  `government_payment` decimal(8,2) DEFAULT NULL,
  `net_salary` decimal(8,2) DEFAULT NULL,
  `currency` varchar(255) COLLATE utf8mb4_unicode_ci DEFAULT NULL,
  `start_date` date DEFAULT NULL,
  `end_date` date DEFAULT NULL,
  `education_id` bigint(20) UNSIGNED DEFAULT NULL,
  `branch_id` bigint(20) UNSIGNED DEFAULT NULL,
  `country_id` bigint(20) UNSIGNED DEFAULT NULL,
  `status` tinyint(1) NOT NULL
) ENGINE=InnoDB DEFAULT CHARSET=utf8mb4 COLLATE=utf8mb4_unicode_ci;

--
-- Dumping data for table `users`
--

INSERT INTO `users` (`id`, `name`, `image`, `email`, `email_verified_at`, `password`, `remember_token`, `created_at`, `updated_at`, `firstname`, `lastname`, `fin`, `position`, `mmc`, `phone`, `gender`, `gross_salary`, `cash`, `bank`, `government_payment`, `net_salary`, `currency`, `start_date`, `end_date`, `education_id`, `branch_id`, `country_id`, `status`) VALUES
(1, 'Admin', NULL, 'admin@gmail.com', NULL, '$2y$12$0e47.YCSVNTy3s8D8kRyK.vHwI0kqc096BvhELKxEpQ8YAlrQuMWm', NULL, '2025-03-07 10:37:12', '2025-03-07 10:37:12', NULL, NULL, NULL, NULL, NULL, NULL, NULL, NULL, NULL, NULL, NULL, NULL, NULL, NULL, NULL, NULL, NULL, NULL, 1),
(4, 'Sadig Aliyev', '', 'sadig.aliev99@gmail.com', NULL, '$2y$12$JDd.2u8m.Skam1yLyi.3C.XPd4SrEibN40UVFKpYksRm7C1Jgoksq', NULL, '2025-04-04 05:53:47', '2025-04-04 06:33:56', 'Sadig', 'Aliyev', NULL, 'Developer', NULL, '0507160833', 'male', 1500.00, 1000.00, '500.00', NULL, 1400.00, 'AZN', '2025-04-01', '2025-04-30', NULL, 1, 1, 0),
(6, 'China', NULL, 'china@gmail.com', NULL, '$2y$12$waHpD6HfQOYdyApijQbYtu6DBA4fuw1lu5WIJimNW1gKkxSCV1G5u', NULL, '2025-04-04 10:30:48', '2025-06-03 21:13:50', 'Lee', 'Lee', 'dsdfv', 'ü', 'aü', NULL, 'male', 1500.00, 1200.00, '300', NULL, 1400.00, 'USD', '2025-03-01', NULL, 1, NULL, NULL, 1),
(7, 'Baku', NULL, 'baku@gmail.com', NULL, '$2y$12$6Y0qzgA/UrqtRlgKybQlleMR6ufKRr2.QZo6WDerpWcgFr1UVeTR6', NULL, '2025-04-04 10:30:48', '2025-06-03 21:15:20', 'Sadiq', 'Eliyev', '6H6EWY5', 'Developer', 'Yuk Taksisiaz', NULL, 'male', 500.00, 400.00, '100', NULL, 450.00, NULL, '2022-11-01', NULL, 2, 1, 1, 1),
(8, 'Avye Benjamin', '', 'zenaze@mailinator.com', NULL, '$2y$12$kzYp2dy76UQTNWfIoNV6x.nNVHqzzXa7QzMCY.8jYpJkBj9/.gzEK', NULL, '2025-05-15 16:12:15', '2025-05-15 16:12:15', 'Avye', 'Benjamin', 'bevitacydi@mailinator.com', 'mepivebys@mailinator.com', 'vyzo@mailinator.com', 'gyvet@mailinator.com', 'male', 545.00, 54.00, '3454.00', 45345.00, 3454.00, NULL, '2025-05-15', '2025-05-15', NULL, NULL, NULL, 0),
(9, 'adsfasf adsfadsf', '', 'test3@gmail.com', NULL, '$2y$12$pxGv9EXSjfMy2fMPdc1qQeK.Hw5JZZLO.vHyGhzgYI20zceWz/ylK', NULL, '2025-05-15 16:29:13', '2025-05-15 16:29:13', 'adsfasf', 'adsfadsf', 'asfasdfsa', 'asdfdsf', 'adsfasdf', '43254235', 'male', 321.00, 231.00, '320', 231.00, 1222.00, 'AZN', '2025-05-21', '2025-05-29', 3, 2, 2, 0),
(10, 'Nurlan Imamguliyev', '', 'nurlan@166global.com', NULL, '$2y$12$q2Iahx5js9PNF8X43oGMR.lCWB0ieyXtM59NuT.QLAjl3wjCXZwaS', NULL, '2025-05-15 17:28:02', '2025-06-03 17:33:04', 'Nurlan', 'Imamguliyev', '123123', 'PMO Director', 'Yuk Taksisiaz', '502096262', 'male', 1.00, 1.00, '9.8769876897699E+15', 1.00, 1.00, 'AZN', '2025-05-15', '2030-12-31', NULL, 2, 1, 1),
(11, 'Nihad Mtest', '', 'admin123@gmail.com', NULL, '$2y$12$HxQie42sG1/kHVzwewgL4uQiFigrE9W7c6Xf9GCDT56m5wddifu7i', NULL, '2025-06-04 09:00:40', '2025-06-04 09:00:40', 'Nihad', 'Mtest', '123456789sss', 'test vezife', 'test mmc', '772518141', 'male', 1000.00, 50.00, NULL, 10.00, 800.00, 'USD', '2025-06-04', '2025-06-30', 3, 1, 1, 1),
(13, 'Nihad M', '', 'admin77777@gmail.com', NULL, '$2y$12$8LKEUtA4TFbLkEc50x7aCOw.ib6trJIJ1KBWZglf7kJhswC4fFrFG', NULL, '2025-06-04 10:21:16', '2025-06-04 10:21:16', 'Nihad', 'M', 'ijhih', 'test vezife', 'test mmc', '772518141', 'male', NULL, 50.00, '950', 10.00, 800.00, 'AZN', '2025-06-11', '2025-07-22', 3, 1, 1, 1),
(15, 'T T', '', 't@gmail.com', NULL, '$2y$12$1QxHaIHkL4qheiA.Xmqle.M/4VUpoXPiCBoXzNJVRA6/jW3cU8PM6', NULL, '2025-06-04 10:45:20', '2025-06-04 10:45:20', 'T', 'T', 'T', 'T', 'T', '4546', 'male', 555.00, 333.00, '222', NULL, 500.00, 'USD', '2025-06-01', '2025-06-30', 2, 1, 1, 1),
(17, 'Nihad M', '', 'admintesttt@gmail.com', NULL, '$2y$12$rOhkGNMQ4J7eNucLrN0JGuAdDZCdlCCvuKhGpXOd/DSK7V1qq/ycG', NULL, '2025-06-04 13:49:42', '2025-06-04 13:49:42', 'Nihad', 'M', '123456789sss', 'test vezife', 'test mmc', '77251814111', 'male', 1000.00, 50.00, NULL, NULL, 800.00, 'USD', '2025-06-18', '2025-06-28', 3, 2, 1, 1),
(18, 'Elnur ', '', 'elnur@166.az', NULL, '$2y$12$5t3xlZjBFEZ2RxwPyPDnheiK3Mgh2XH48r7mcuO723d9zjRVvr4Ae', NULL, '2025-06-11 12:40:45', '2025-06-11 12:40:45', 'Elnur', NULL, NULL, NULL, NULL, NULL, 'male', NULL, NULL, NULL, NULL, NULL, NULL, NULL, NULL, NULL, NULL, NULL, 1),
(19, 'Əlimərdan Kərimov', NULL, 'e.kerimov@166.az', NULL, '$2y$12$.Ern.9z19NslmB3zsUAtrOETSg1NPznIWqz3QkuySugEp1A5Wm32m', NULL, '2025-07-23 12:05:03', '2025-07-23 12:05:03', 'Əlimərdan', 'Kərimov', NULL, NULL, NULL, NULL, NULL, NULL, NULL, NULL, NULL, NULL, NULL, NULL, NULL, NULL, NULL, NULL, 1),
(20, 'Tamraz İsgəndərov', NULL, 'i.tamraz@166.az', NULL, '$2y$12$wHXxyl5.uX53O2eS6IEJSei11BYsL6VFfBV.wU0X5vM2.fxON.eFW', NULL, '2025-07-23 12:07:12', '2025-07-23 12:07:12', 'Tamraz', 'İsgəndərov', NULL, NULL, NULL, NULL, NULL, NULL, NULL, NULL, NULL, NULL, NULL, NULL, NULL, NULL, NULL, NULL, 1),
(21, 'Nigar Tağıyeva', NULL, 'n.tagiyeva@166.az', NULL, '$2y$12$jfGLphq63riL89SdvdME2.FQ0VrnHgRrKr557WfdVyNkQzptc1alu', NULL, '2025-07-23 12:08:23', '2025-07-23 12:08:23', 'Nigar', 'Tağıyeva', NULL, NULL, NULL, NULL, NULL, NULL, NULL, NULL, NULL, NULL, NULL, NULL, NULL, NULL, NULL, NULL, 1),
(22, 'Sumaya Mohammadi', NULL, 'm.sumaya@166.az', NULL, '$2y$12$.yRaiJRHfMM8LSVbB4YL4.FU0vPgafRaeLzdAEzlcdO9AEAWIlHAW', NULL, '2025-07-23 12:09:56', '2025-07-23 12:09:56', 'Sumaya', 'Mohammadi', NULL, NULL, NULL, NULL, NULL, NULL, NULL, NULL, NULL, NULL, NULL, NULL, NULL, NULL, NULL, NULL, 1),
(23, 'Rəhilə Hüseynova', NULL, 'r.huseynova@166.az', NULL, '$2y$12$lKpGmS7LKX6WOxDlTSsHZetEPVKfXxsGM7KRlgrgBWHIPanR1hYqq', NULL, '2025-07-23 12:11:31', '2025-07-23 12:11:31', 'Rəhilə', 'Hüseynova', NULL, NULL, NULL, NULL, NULL, NULL, NULL, NULL, NULL, NULL, NULL, NULL, NULL, NULL, NULL, NULL, 1),
(24, 'Mirəziz Ağayev', NULL, 'a.miraziz@166.az', NULL, '$2y$12$jF62iEUYpVn1kiKKJUMuwOYMMPsmIP2DhB456esF765.GAitwrweK', NULL, '2025-07-23 12:22:20', '2025-07-23 12:22:20', 'Mirəziz', 'Ağayev', NULL, NULL, NULL, NULL, NULL, NULL, NULL, NULL, NULL, NULL, NULL, NULL, NULL, NULL, NULL, NULL, 1),
(25, 'Çinarə Zülfüqarova', NULL, 'z.chinara@166.az', NULL, '$2y$12$EoVPKJWKDcfST0.i8jO72.VCSEPC37OGKFDB6Td851NlXKBFHkr8K', NULL, '2025-07-23 12:23:19', '2025-07-23 12:23:19', 'Çinarə', 'Zülfüqarova', NULL, NULL, NULL, NULL, NULL, NULL, NULL, NULL, NULL, NULL, NULL, NULL, NULL, NULL, NULL, NULL, 1),
(26, 'Vüsal Ələkbərov', NULL, 'v.alekberov@166.az', NULL, '$2y$12$P5wrVWW8NShihOfsJ1Zrxuysc8CWgDa.4P5BNbCiHikM923nnDpQ6', NULL, '2025-07-23 12:24:16', '2025-07-23 12:24:16', 'Vüsal', 'Ələkbərov', NULL, NULL, NULL, NULL, NULL, NULL, NULL, NULL, NULL, NULL, NULL, NULL, NULL, NULL, NULL, NULL, 1),
(27, 'Vucay Əliyev', NULL, 'a.vucay@166.az', NULL, '$2y$12$NFPD9wUHTtO8zqdQKaEMueXLp03yw8ynyuo1W40pNZEsnFAeCi4uy', NULL, '2025-07-23 12:25:38', '2025-07-28 09:19:34', 'Vucay', 'Əliyev', NULL, NULL, NULL, NULL, NULL, NULL, NULL, NULL, NULL, NULL, NULL, NULL, NULL, NULL, NULL, NULL, 1),
(28, 'Emin Salamov', NULL, 'e.salamov@166.az', NULL, '$2y$12$kqNVjzq.YhBlMrY0Dwkq9OQ/HUek1eUTGVvy5pAnIAZGv/dNEzHpC', NULL, '2025-07-23 12:27:08', '2025-07-23 12:27:08', 'Emin', 'Salamov', NULL, NULL, NULL, NULL, NULL, NULL, NULL, NULL, NULL, NULL, NULL, NULL, NULL, NULL, NULL, NULL, 1),
(29, 'Test Testov', NULL, 'test@gmail.com', NULL, '$2y$12$0hwiGxWarFvcYz7.ft63quGldDhw1pN6PQXdDu07mQuBzbU0N/amK', NULL, '2025-07-23 12:45:23', '2025-07-23 12:45:23', 'Test', 'Testov', NULL, NULL, NULL, NULL, NULL, NULL, NULL, NULL, NULL, NULL, NULL, NULL, NULL, NULL, NULL, NULL, 1);

-- --------------------------------------------------------

--
-- Table structure for table `user_payrolls`
--

CREATE TABLE `user_payrolls` (
  `id` bigint(20) UNSIGNED NOT NULL,
  `cash_payment` decimal(8,2) DEFAULT NULL,
  `bank_payment` decimal(8,2) DEFAULT NULL,
  `government_payment` decimal(8,2) DEFAULT NULL,
  `withholding_payment` decimal(8,2) DEFAULT NULL,
  `bonus` decimal(8,2) DEFAULT NULL,
  `last_payment_date` date NOT NULL,
  `status` tinyint(1) NOT NULL DEFAULT '0',
  `currency` varchar(255) COLLATE utf8mb4_unicode_ci NOT NULL,
  `bank_file` varchar(255) COLLATE utf8mb4_unicode_ci DEFAULT NULL,
  `cash_file` varchar(255) COLLATE utf8mb4_unicode_ci DEFAULT NULL,
  `user_id` bigint(20) UNSIGNED NOT NULL,
  `created_at` timestamp NULL DEFAULT NULL,
  `updated_at` timestamp NULL DEFAULT NULL,
  `payment_method` enum('cash','bank') COLLATE utf8mb4_unicode_ci DEFAULT NULL
) ENGINE=InnoDB DEFAULT CHARSET=utf8mb4 COLLATE=utf8mb4_unicode_ci;

--
-- Dumping data for table `user_payrolls`
--

INSERT INTO `user_payrolls` (`id`, `cash_payment`, `bank_payment`, `government_payment`, `withholding_payment`, `bonus`, `last_payment_date`, `status`, `currency`, `bank_file`, `cash_file`, `user_id`, `created_at`, `updated_at`, `payment_method`) VALUES
(3, 400.00, 100.00, 0.00, 50.00, 0.00, '2025-06-21', 0, 'AZN', 'uploads/payroll/49618829.xlsx', 'uploads/payroll/75902409.xlsx', 7, '2025-06-04 03:46:17', '2025-06-04 03:46:17', NULL),
(6, 1200.00, 300.00, 0.00, 100.00, 0.00, '2025-06-05', 1, 'AZN', 'uploads/payroll/42815746.pdf', 'uploads/payroll/56044610.docx', 6, '2025-06-05 16:02:55', '2025-06-05 16:06:27', 'cash'),
(7, 400.00, 100.00, 0.00, 50.00, 0.00, '2025-06-05', 0, 'AZN', 'uploads/payroll/42815746.pdf', 'uploads/payroll/56044610.docx', 7, '2025-06-05 16:02:55', '2025-06-05 16:02:55', NULL),
(8, 50.00, 950.00, 10.00, -800.00, 0.00, '2025-06-05', 0, 'AZN', 'uploads/payroll/42815746.pdf', 'uploads/payroll/56044610.docx', 13, '2025-06-05 16:02:55', '2025-06-05 16:02:55', NULL),
(9, 333.00, 222.00, 0.00, 55.00, 0.00, '2025-06-05', 0, 'AZN', 'uploads/payroll/42815746.pdf', 'uploads/payroll/56044610.docx', 15, '2025-06-05 16:02:55', '2025-06-05 16:02:55', NULL),
(11, 1.00, 450.00, 1.00, 0.00, 0.00, '2025-06-05', 0, 'AZN', '', '', 10, '2025-06-05 16:22:05', '2025-06-05 16:22:05', NULL);

-- --------------------------------------------------------

--
-- Table structure for table `user_payroll_advances`
--

CREATE TABLE `user_payroll_advances` (
  `id` bigint(20) UNSIGNED NOT NULL,
  `payment_method` enum('bank','cash') COLLATE utf8mb4_unicode_ci NOT NULL,
  `price` decimal(8,2) DEFAULT NULL,
  `user_payroll_id` bigint(20) UNSIGNED NOT NULL,
  `created_at` timestamp NULL DEFAULT NULL,
  `updated_at` timestamp NULL DEFAULT NULL
) ENGINE=InnoDB DEFAULT CHARSET=utf8mb4 COLLATE=utf8mb4_unicode_ci;

-- --------------------------------------------------------

--
-- Table structure for table `user_payroll_advance_files`
--

CREATE TABLE `user_payroll_advance_files` (
  `id` bigint(20) UNSIGNED NOT NULL,
  `file` varchar(255) COLLATE utf8mb4_unicode_ci DEFAULT NULL,
  `user_payroll_advance_id` bigint(20) UNSIGNED NOT NULL,
  `created_at` timestamp NULL DEFAULT NULL,
  `updated_at` timestamp NULL DEFAULT NULL
) ENGINE=InnoDB DEFAULT CHARSET=utf8mb4 COLLATE=utf8mb4_unicode_ci;

-- --------------------------------------------------------

--
-- Table structure for table `vendors`
--

CREATE TABLE `vendors` (
  `id` bigint(20) UNSIGNED NOT NULL,
  `vendor_id` varchar(255) COLLATE utf8mb4_unicode_ci NOT NULL,
  `customer_type` enum('physical','legal') COLLATE utf8mb4_unicode_ci NOT NULL,
  `vendor_name` varchar(255) COLLATE utf8mb4_unicode_ci DEFAULT NULL,
  `chinese_name` varchar(255) COLLATE utf8mb4_unicode_ci DEFAULT NULL,
  `role` varchar(255) COLLATE utf8mb4_unicode_ci DEFAULT NULL,
  `start_date` date DEFAULT NULL,
  `end_date` date DEFAULT NULL,
  `voen` varchar(255) COLLATE utf8mb4_unicode_ci DEFAULT NULL,
  `legal_address` varchar(255) COLLATE utf8mb4_unicode_ci DEFAULT NULL,
  `factical_address` varchar(255) COLLATE utf8mb4_unicode_ci DEFAULT NULL,
  `bank` varchar(255) COLLATE utf8mb4_unicode_ci DEFAULT NULL,
  `bank_voen` varchar(255) COLLATE utf8mb4_unicode_ci DEFAULT NULL,
  `code` varchar(255) COLLATE utf8mb4_unicode_ci DEFAULT NULL,
  `account` varchar(255) COLLATE utf8mb4_unicode_ci DEFAULT NULL,
  `agent_account` varchar(255) COLLATE utf8mb4_unicode_ci DEFAULT NULL,
  `swift` varchar(255) COLLATE utf8mb4_unicode_ci DEFAULT NULL,
  `director` varchar(255) COLLATE utf8mb4_unicode_ci DEFAULT NULL,
  `status` tinyint(1) NOT NULL DEFAULT '0',
  `created_at` timestamp NULL DEFAULT NULL,
  `updated_at` timestamp NULL DEFAULT NULL
) ENGINE=InnoDB DEFAULT CHARSET=utf8mb4 COLLATE=utf8mb4_unicode_ci;

--
-- Dumping data for table `vendors`
--

INSERT INTO `vendors` (`id`, `vendor_id`, `customer_type`, `vendor_name`, `chinese_name`, `role`, `start_date`, `end_date`, `voen`, `legal_address`, `factical_address`, `bank`, `bank_voen`, `code`, `account`, `agent_account`, `swift`, `director`, `status`, `created_at`, `updated_at`) VALUES
(1, 'V-001', 'physical', 'Test', 'Test', 'Test', '2025-03-12', '2025-03-15', '453434', 'Test', 'Test', 'Test', 'Test', 'Test', 'Test', 'Test', 'Test', 'Test', 1, '2025-03-12 14:27:29', '2025-03-12 14:27:32'),
(2, 'V-002', 'legal', 'Chiqa', 'Niqa', 'Documentation', '2025-04-23', '2025-05-23', 'asd456dsa6', 'dddsdddsdsd', 'ddsdddsas', 'Bank of China', '5a4s54asğd54a6d4', '85296', '54dsf65ssf6', 's64fd358e645f', 'e6fss', 'Jasonmk', 1, '2025-04-11 10:34:19', '2025-04-17 09:22:19');

-- --------------------------------------------------------

--
-- Table structure for table `vendor_files`
--

CREATE TABLE `vendor_files` (
  `id` bigint(20) UNSIGNED NOT NULL,
  `file` varchar(255) COLLATE utf8mb4_unicode_ci DEFAULT NULL,
  `vendor_id` bigint(20) UNSIGNED NOT NULL,
  `created_at` timestamp NULL DEFAULT NULL,
  `updated_at` timestamp NULL DEFAULT NULL
) ENGINE=InnoDB DEFAULT CHARSET=utf8mb4 COLLATE=utf8mb4_unicode_ci;

--
-- Dumping data for table `vendor_files`
--

INSERT INTO `vendor_files` (`id`, `file`, `vendor_id`, `created_at`, `updated_at`) VALUES
(1, 'uploads/vendors/51612244.webp', 2, '2025-04-11 10:34:45', '2025-04-11 10:34:45');

-- --------------------------------------------------------

--
-- Table structure for table `warehouses`
--

CREATE TABLE `warehouses` (
  `id` bigint(20) UNSIGNED NOT NULL,
  `name` varchar(255) COLLATE utf8mb4_unicode_ci NOT NULL,
  `sort` int(11) DEFAULT NULL,
  `status` tinyint(1) NOT NULL,
  `created_at` timestamp NULL DEFAULT NULL,
  `updated_at` timestamp NULL DEFAULT NULL
) ENGINE=InnoDB DEFAULT CHARSET=utf8mb4 COLLATE=utf8mb4_unicode_ci;

--
-- Dumping data for table `warehouses`
--

INSERT INTO `warehouses` (`id`, `name`, `sort`, `status`, `created_at`, `updated_at`) VALUES
(1, 'Xian', NULL, 1, '2025-03-07 10:37:13', '2025-07-22 12:34:24'),
(2, 'Yiwu', NULL, 1, '2025-03-07 10:37:13', '2025-07-22 12:34:33'),
(3, 'Anbar 3', NULL, 1, '2025-03-07 10:37:13', '2025-03-07 10:37:13');

--
-- Indexes for dumped tables
--

--
-- Indexes for table `abandoned_cargos`
--
ALTER TABLE `abandoned_cargos`
  ADD PRIMARY KEY (`id`),
  ADD KEY `abandoned_cargos_order_id_foreign` (`order_id`);

--
-- Indexes for table `about_booking_dates`
--
ALTER TABLE `about_booking_dates`
  ADD PRIMARY KEY (`id`),
  ADD UNIQUE KEY `about_booking_dates_date_unique` (`date`);

--
-- Indexes for table `accounts`
--
ALTER TABLE `accounts`
  ADD PRIMARY KEY (`id`);

--
-- Indexes for table `bookings`
--
ALTER TABLE `bookings`
  ADD PRIMARY KEY (`id`),
  ADD KEY `bookings_order_item_id_foreign` (`order_item_id`),
  ADD KEY `bookings_container_id_foreign` (`container_id`);

--
-- Indexes for table `booking_dates`
--
ALTER TABLE `booking_dates`
  ADD PRIMARY KEY (`id`),
  ADD KEY `booking_dates_vendor_id_foreign` (`vendor_id`),
  ADD KEY `booking_dates_container_type_id_foreign` (`container_type_id`),
  ADD KEY `booking_dates_station_id_foreign` (`station_id`);

--
-- Indexes for table `booking_date_containers`
--
ALTER TABLE `booking_date_containers`
  ADD PRIMARY KEY (`id`),
  ADD KEY `booking_date_containers_booking_date_id_foreign` (`booking_date_id`),
  ADD KEY `booking_date_containers_container_id_foreign` (`container_id`),
  ADD KEY `booking_date_containers_container_check_reason_id_foreign` (`container_check_reason_id`);

--
-- Indexes for table `booking_date_payments`
--
ALTER TABLE `booking_date_payments`
  ADD PRIMARY KEY (`id`),
  ADD KEY `booking_date_payments_booking_date_id_foreign` (`booking_date_id`);

--
-- Indexes for table `booking_date_statuses`
--
ALTER TABLE `booking_date_statuses`
  ADD PRIMARY KEY (`id`),
  ADD KEY `booking_date_statuses_booking_date_id_foreign` (`booking_date_id`),
  ADD KEY `booking_date_statuses_status_id_foreign` (`status_id`);

--
-- Indexes for table `branches`
--
ALTER TABLE `branches`
  ADD PRIMARY KEY (`id`),
  ADD UNIQUE KEY `branches_name_unique` (`name`);

--
-- Indexes for table `car_types`
--
ALTER TABLE `car_types`
  ADD PRIMARY KEY (`id`),
  ADD UNIQUE KEY `car_types_name_unique` (`name`);

--
-- Indexes for table `cities`
--
ALTER TABLE `cities`
  ADD PRIMARY KEY (`id`);

--
-- Indexes for table `comments`
--
ALTER TABLE `comments`
  ADD PRIMARY KEY (`id`),
  ADD KEY `comments_user_id_foreign` (`user_id`),
  ADD KEY `comments_order_id_foreign` (`order_id`);

--
-- Indexes for table `comment_reads`
--
ALTER TABLE `comment_reads`
  ADD PRIMARY KEY (`id`),
  ADD KEY `comment_reads_comment_id_foreign` (`comment_id`),
  ADD KEY `comment_reads_user_id_foreign` (`user_id`);

--
-- Indexes for table `containers`
--
ALTER TABLE `containers`
  ADD PRIMARY KEY (`id`),
  ADD KEY `containers_vendor_id_foreign` (`vendor_id`),
  ADD KEY `containers_container_type_id_foreign` (`container_type_id`);

--
-- Indexes for table `container_check_reasons`
--
ALTER TABLE `container_check_reasons`
  ADD PRIMARY KEY (`id`),
  ADD UNIQUE KEY `container_check_reasons_name_unique` (`name`);

--
-- Indexes for table `container_images`
--
ALTER TABLE `container_images`
  ADD PRIMARY KEY (`id`),
  ADD KEY `container_images_container_id_foreign` (`container_id`);

--
-- Indexes for table `container_prices`
--
ALTER TABLE `container_prices`
  ADD PRIMARY KEY (`id`),
  ADD KEY `container_prices_container_type_id_foreign` (`container_type_id`),
  ADD KEY `container_prices_station_id_foreign` (`station_id`);

--
-- Indexes for table `container_rejects`
--
ALTER TABLE `container_rejects`
  ADD PRIMARY KEY (`id`),
  ADD KEY `container_rejects_container_id_foreign` (`container_id`),
  ADD KEY `container_rejects_reject_reason_id_foreign` (`reject_reason_id`);

--
-- Indexes for table `container_types`
--
ALTER TABLE `container_types`
  ADD PRIMARY KEY (`id`),
  ADD UNIQUE KEY `container_types_name_unique` (`name`);

--
-- Indexes for table `countries`
--
ALTER TABLE `countries`
  ADD PRIMARY KEY (`id`),
  ADD UNIQUE KEY `countries_name_unique` (`name`);

--
-- Indexes for table `currencies`
--
ALTER TABLE `currencies`
  ADD PRIMARY KEY (`id`),
  ADD UNIQUE KEY `currencies_name_unique` (`name`),
  ADD UNIQUE KEY `currencies_code_unique` (`code`),
  ADD UNIQUE KEY `currencies_symbol_unique` (`symbol`);

--
-- Indexes for table `currency_calculators`
--
ALTER TABLE `currency_calculators`
  ADD PRIMARY KEY (`id`),
  ADD KEY `currency_calculators_currency_id_foreign` (`currency_id`);

--
-- Indexes for table `customers`
--
ALTER TABLE `customers`
  ADD PRIMARY KEY (`id`),
  ADD KEY `customers_user_id_foreign` (`user_id`),
  ADD KEY `customers_source_id_foreign` (`source_id`);

--
-- Indexes for table `customer_files`
--
ALTER TABLE `customer_files`
  ADD PRIMARY KEY (`id`),
  ADD KEY `customer_files_customer_id_foreign` (`customer_id`);

--
-- Indexes for table `customer_properties`
--
ALTER TABLE `customer_properties`
  ADD PRIMARY KEY (`id`),
  ADD KEY `customer_properties_sector_id_foreign` (`sector_id`),
  ADD KEY `customer_properties_customer_id_foreign` (`customer_id`);

--
-- Indexes for table `customs_clearances`
--
ALTER TABLE `customs_clearances`
  ADD PRIMARY KEY (`id`),
  ADD UNIQUE KEY `customs_clearances_name_unique` (`name`);

--
-- Indexes for table `districts`
--
ALTER TABLE `districts`
  ADD PRIMARY KEY (`id`),
  ADD UNIQUE KEY `districts_name_city_id_unique` (`name`,`city_id`),
  ADD KEY `districts_city_id_foreign` (`city_id`);

--
-- Indexes for table `document_types`
--
ALTER TABLE `document_types`
  ADD PRIMARY KEY (`id`),
  ADD UNIQUE KEY `document_types_name_unique` (`name`);

--
-- Indexes for table `education`
--
ALTER TABLE `education`
  ADD PRIMARY KEY (`id`),
  ADD UNIQUE KEY `education_name_unique` (`name`);

--
-- Indexes for table `expenses`
--
ALTER TABLE `expenses`
  ADD PRIMARY KEY (`id`),
  ADD KEY `expenses_order_id_foreign` (`order_id`),
  ADD KEY `expenses_expense_category_id_foreign` (`expense_category_id`),
  ADD KEY `expenses_expense_sub_category_id_foreign` (`expense_sub_category_id`);

--
-- Indexes for table `expense_categories`
--
ALTER TABLE `expense_categories`
  ADD PRIMARY KEY (`id`),
  ADD UNIQUE KEY `expense_categories_name_unique` (`name`);

--
-- Indexes for table `expense_payments`
--
ALTER TABLE `expense_payments`
  ADD PRIMARY KEY (`id`),
  ADD KEY `expense_payments_expense_id_foreign` (`expense_id`);

--
-- Indexes for table `expense_sub_categories`
--
ALTER TABLE `expense_sub_categories`
  ADD PRIMARY KEY (`id`),
  ADD UNIQUE KEY `expense_sub_categories_name_unique` (`name`),
  ADD KEY `expense_sub_categories_expense_category_id_foreign` (`expense_category_id`);

--
-- Indexes for table `expense_types`
--
ALTER TABLE `expense_types`
  ADD PRIMARY KEY (`id`),
  ADD UNIQUE KEY `expense_types_name_unique` (`name`),
  ADD KEY `expense_types_service_id_foreign` (`service_id`);

--
-- Indexes for table `factories`
--
ALTER TABLE `factories`
  ADD PRIMARY KEY (`id`);

--
-- Indexes for table `factory_details`
--
ALTER TABLE `factory_details`
  ADD PRIMARY KEY (`id`),
  ADD KEY `factory_details_product_type_id_foreign` (`product_type_id`),
  ADD KEY `factory_details_order_factory_id_foreign` (`order_factory_id`);

--
-- Indexes for table `factory_files`
--
ALTER TABLE `factory_files`
  ADD PRIMARY KEY (`id`),
  ADD KEY `factory_files_order_factory_id_foreign` (`order_factory_id`);

--
-- Indexes for table `factory_products`
--
ALTER TABLE `factory_products`
  ADD PRIMARY KEY (`id`),
  ADD KEY `factory_products_order_factory_id_foreign` (`order_factory_id`),
  ADD KEY `factory_products_product_id_foreign` (`product_id`);

--
-- Indexes for table `factory_vin_codes`
--
ALTER TABLE `factory_vin_codes`
  ADD PRIMARY KEY (`id`),
  ADD KEY `factory_vin_codes_order_factory_id_foreign` (`order_factory_id`);

--
-- Indexes for table `failed_jobs`
--
ALTER TABLE `failed_jobs`
  ADD PRIMARY KEY (`id`),
  ADD UNIQUE KEY `failed_jobs_uuid_unique` (`uuid`);

--
-- Indexes for table `incoterms`
--
ALTER TABLE `incoterms`
  ADD PRIMARY KEY (`id`),
  ADD UNIQUE KEY `incoterms_name_unique` (`name`);

--
-- Indexes for table `journal_entries`
--
ALTER TABLE `journal_entries`
  ADD PRIMARY KEY (`id`);

--
-- Indexes for table `ledger_accounts`
--
ALTER TABLE `ledger_accounts`
  ADD PRIMARY KEY (`id`),
  ADD UNIQUE KEY `ledger_accounts_code_unique` (`code`),
  ADD KEY `ledger_accounts_parent_id_foreign` (`parent_id`);

--
-- Indexes for table `migrations`
--
ALTER TABLE `migrations`
  ADD PRIMARY KEY (`id`);

--
-- Indexes for table `mix_fulls`
--
ALTER TABLE `mix_fulls`
  ADD PRIMARY KEY (`id`),
  ADD UNIQUE KEY `mix_fulls_name_unique` (`name`),
  ADD UNIQUE KEY `mix_fulls_short_name_unique` (`short_name`);

--
-- Indexes for table `model_has_permissions`
--
ALTER TABLE `model_has_permissions`
  ADD PRIMARY KEY (`permission_id`,`model_id`,`model_type`),
  ADD KEY `model_has_permissions_model_id_model_type_index` (`model_id`,`model_type`);

--
-- Indexes for table `model_has_roles`
--
ALTER TABLE `model_has_roles`
  ADD PRIMARY KEY (`role_id`,`model_id`,`model_type`),
  ADD KEY `model_has_roles_model_id_model_type_index` (`model_id`,`model_type`);

--
-- Indexes for table `notifications`
--
ALTER TABLE `notifications`
  ADD PRIMARY KEY (`id`),
  ADD KEY `notifications_notifiable_type_notifiable_id_index` (`notifiable_type`,`notifiable_id`);

--
-- Indexes for table `orders`
--
ALTER TABLE `orders`
  ADD PRIMARY KEY (`id`),
  ADD KEY `orders_customs_clearance_id_foreign` (`customs_clearance_id`),
  ADD KEY `orders_incoterm_id_foreign` (`incoterm_id`),
  ADD KEY `orders_container_type_id_foreign` (`container_type_id`),
  ADD KEY `orders_warehouse_id_foreign` (`warehouse_id`),
  ADD KEY `orders_user_id_foreign` (`user_id`),
  ADD KEY `orders_city_id_foreign` (`city_id`),
  ADD KEY `orders_district_id_foreign` (`district_id`),
  ADD KEY `orders_about_booking_date_id_foreign` (`about_booking_date_id`),
  ADD KEY `orders_transportation_type_id_foreign` (`transportation_type_id`),
  ADD KEY `orders_transportation_service_id_foreign` (`transportation_service_id`),
  ADD KEY `orders_transportation_id_foreign` (`transportation_id`),
  ADD KEY `orders_first_car_type_id_foreign` (`first_car_type_id`),
  ADD KEY `orders_second_car_type_id_foreign` (`second_car_type_id`),
  ADD KEY `orders_customer_id_foreign` (`customer_id`);

--
-- Indexes for table `order_expenses`
--
ALTER TABLE `order_expenses`
  ADD PRIMARY KEY (`id`),
  ADD KEY `order_expenses_expense_type_id_foreign` (`expense_type_id`),
  ADD KEY `order_expenses_vendor_id_foreign` (`vendor_id`),
  ADD KEY `order_expenses_payment_type_id_foreign` (`payment_type_id`),
  ADD KEY `order_expenses_order_id_foreign` (`order_id`);

--
-- Indexes for table `order_factories`
--
ALTER TABLE `order_factories`
  ADD PRIMARY KEY (`id`),
  ADD KEY `order_factories_factory_id_foreign` (`factory_id`),
  ADD KEY `order_factories_order_item_id_foreign` (`order_item_id`);

--
-- Indexes for table `order_files`
--
ALTER TABLE `order_files`
  ADD PRIMARY KEY (`id`),
  ADD KEY `order_files_order_id_foreign` (`order_id`);

--
-- Indexes for table `order_items`
--
ALTER TABLE `order_items`
  ADD PRIMARY KEY (`id`),
  ADD KEY `order_items_order_id_foreign` (`order_id`);

--
-- Indexes for table `order_item_declarations`
--
ALTER TABLE `order_item_declarations`
  ADD PRIMARY KEY (`id`),
  ADD KEY `order_item_declarations_order_item_id_foreign` (`order_item_id`);

--
-- Indexes for table `order_item_images`
--
ALTER TABLE `order_item_images`
  ADD PRIMARY KEY (`id`),
  ADD KEY `order_item_images_order_item_id_foreign` (`order_item_id`);

--
-- Indexes for table `order_item_railway_bills`
--
ALTER TABLE `order_item_railway_bills`
  ADD PRIMARY KEY (`id`),
  ADD KEY `order_item_railway_bills_order_item_id_foreign` (`order_item_id`);

--
-- Indexes for table `order_item_railway_status_changes`
--
ALTER TABLE `order_item_railway_status_changes`
  ADD PRIMARY KEY (`id`),
  ADD KEY `fk_railway_bill` (`order_item_railway_bill_id`);

--
-- Indexes for table `order_item_short_declarations`
--
ALTER TABLE `order_item_short_declarations`
  ADD PRIMARY KEY (`id`),
  ADD KEY `order_item_short_declarations_order_item_id_foreign` (`order_item_id`);

--
-- Indexes for table `order_item_status_changes`
--
ALTER TABLE `order_item_status_changes`
  ADD PRIMARY KEY (`id`),
  ADD KEY `order_item_status_changes_order_item_id_foreign` (`order_item_id`);

--
-- Indexes for table `order_item_warehouses`
--
ALTER TABLE `order_item_warehouses`
  ADD PRIMARY KEY (`id`),
  ADD KEY `order_item_warehouses_order_item_id_foreign` (`order_item_id`);

--
-- Indexes for table `order_payments`
--
ALTER TABLE `order_payments`
  ADD PRIMARY KEY (`id`),
  ADD KEY `order_payments_payment_type_id_foreign` (`payment_type_id`),
  ADD KEY `order_payments_order_id_foreign` (`order_id`);

--
-- Indexes for table `order_prices`
--
ALTER TABLE `order_prices`
  ADD PRIMARY KEY (`id`),
  ADD KEY `order_prices_order_id_foreign` (`order_id`),
  ADD KEY `order_prices_user_id_foreign` (`user_id`);

--
-- Indexes for table `order_price_types`
--
ALTER TABLE `order_price_types`
  ADD PRIMARY KEY (`id`),
  ADD KEY `order_price_types_price_type_id_foreign` (`price_type_id`),
  ADD KEY `order_price_types_order_id_foreign` (`order_id`);

--
-- Indexes for table `order_reads`
--
ALTER TABLE `order_reads`
  ADD PRIMARY KEY (`id`),
  ADD KEY `order_reads_user_id_foreign` (`user_id`),
  ADD KEY `order_reads_order_id_foreign` (`order_id`);

--
-- Indexes for table `order_rejects`
--
ALTER TABLE `order_rejects`
  ADD PRIMARY KEY (`id`),
  ADD KEY `order_rejects_reject_reason_id_foreign` (`reject_reason_id`),
  ADD KEY `order_rejects_order_id_foreign` (`order_id`),
  ADD KEY `order_rejects_user_id_foreign` (`user_id`);

--
-- Indexes for table `order_services`
--
ALTER TABLE `order_services`
  ADD PRIMARY KEY (`id`),
  ADD KEY `order_services_service_id_foreign` (`service_id`),
  ADD KEY `order_services_expense_type_id_foreign` (`expense_type_id`),
  ADD KEY `order_services_vendor_id_foreign` (`vendor_id`),
  ADD KEY `order_services_order_id_foreign` (`order_id`);

--
-- Indexes for table `order_sizes`
--
ALTER TABLE `order_sizes`
  ADD PRIMARY KEY (`id`),
  ADD KEY `order_sizes_order_id_foreign` (`order_id`);

--
-- Indexes for table `order_status_changes`
--
ALTER TABLE `order_status_changes`
  ADD PRIMARY KEY (`id`),
  ADD KEY `order_status_changes_order_id_foreign` (`order_id`);

--
-- Indexes for table `password_reset_tokens`
--
ALTER TABLE `password_reset_tokens`
  ADD PRIMARY KEY (`email`);

--
-- Indexes for table `payment_types`
--
ALTER TABLE `payment_types`
  ADD PRIMARY KEY (`id`);

--
-- Indexes for table `permissions`
--
ALTER TABLE `permissions`
  ADD PRIMARY KEY (`id`),
  ADD UNIQUE KEY `permissions_name_guard_name_unique` (`name`,`guard_name`);

--
-- Indexes for table `personal_access_tokens`
--
ALTER TABLE `personal_access_tokens`
  ADD PRIMARY KEY (`id`),
  ADD UNIQUE KEY `personal_access_tokens_token_unique` (`token`),
  ADD KEY `personal_access_tokens_tokenable_type_tokenable_id_index` (`tokenable_type`,`tokenable_id`);

--
-- Indexes for table `price_types`
--
ALTER TABLE `price_types`
  ADD PRIMARY KEY (`id`),
  ADD UNIQUE KEY `price_types_name_unique` (`name`);

--
-- Indexes for table `products`
--
ALTER TABLE `products`
  ADD PRIMARY KEY (`id`);

--
-- Indexes for table `product_types`
--
ALTER TABLE `product_types`
  ADD PRIMARY KEY (`id`),
  ADD UNIQUE KEY `product_types_name_unique` (`name`);

--
-- Indexes for table `receives`
--
ALTER TABLE `receives`
  ADD PRIMARY KEY (`id`),
  ADD KEY `receives_customer_id_foreign` (`customer_id`),
  ADD KEY `receives_order_id_foreign` (`order_id`),
  ADD KEY `receives_country_id_foreign` (`country_id`);

--
-- Indexes for table `receive_payments`
--
ALTER TABLE `receive_payments`
  ADD PRIMARY KEY (`id`),
  ADD KEY `receive_payments_receive_id_foreign` (`receive_id`);

--
-- Indexes for table `reject_reasons`
--
ALTER TABLE `reject_reasons`
  ADD PRIMARY KEY (`id`),
  ADD UNIQUE KEY `reject_reasons_name_unique` (`name`);

--
-- Indexes for table `responsible_people`
--
ALTER TABLE `responsible_people`
  ADD PRIMARY KEY (`id`),
  ADD KEY `responsible_people_customer_property_id_foreign` (`customer_property_id`);

--
-- Indexes for table `roles`
--
ALTER TABLE `roles`
  ADD PRIMARY KEY (`id`),
  ADD UNIQUE KEY `roles_name_guard_name_unique` (`name`,`guard_name`);

--
-- Indexes for table `role_has_permissions`
--
ALTER TABLE `role_has_permissions`
  ADD PRIMARY KEY (`permission_id`,`role_id`),
  ADD KEY `role_has_permissions_role_id_foreign` (`role_id`);

--
-- Indexes for table `sectors`
--
ALTER TABLE `sectors`
  ADD PRIMARY KEY (`id`),
  ADD UNIQUE KEY `sectors_name_unique` (`name`);

--
-- Indexes for table `services`
--
ALTER TABLE `services`
  ADD PRIMARY KEY (`id`),
  ADD UNIQUE KEY `services_name_unique` (`name`);

--
-- Indexes for table `service_details`
--
ALTER TABLE `service_details`
  ADD PRIMARY KEY (`id`),
  ADD KEY `service_details_service_id_foreign` (`service_id`);

--
-- Indexes for table `settings`
--
ALTER TABLE `settings`
  ADD PRIMARY KEY (`id`);

--
-- Indexes for table `sources`
--
ALTER TABLE `sources`
  ADD PRIMARY KEY (`id`),
  ADD UNIQUE KEY `sources_name_unique` (`name`);

--
-- Indexes for table `stations`
--
ALTER TABLE `stations`
  ADD PRIMARY KEY (`id`),
  ADD UNIQUE KEY `stations_name_unique` (`name`);

--
-- Indexes for table `statuses`
--
ALTER TABLE `statuses`
  ADD PRIMARY KEY (`id`),
  ADD UNIQUE KEY `statuses_name_unique` (`name`);

--
-- Indexes for table `transportations`
--
ALTER TABLE `transportations`
  ADD PRIMARY KEY (`id`),
  ADD UNIQUE KEY `transportations_name_transportation_service_id_unique` (`name`,`transportation_service_id`),
  ADD KEY `transportations_transportation_service_id_foreign` (`transportation_service_id`);

--
-- Indexes for table `transportation_services`
--
ALTER TABLE `transportation_services`
  ADD PRIMARY KEY (`id`),
  ADD UNIQUE KEY `transportation_services_name_transportation_type_id_unique` (`name`,`transportation_type_id`),
  ADD KEY `transportation_services_transportation_type_id_foreign` (`transportation_type_id`);

--
-- Indexes for table `transportation_types`
--
ALTER TABLE `transportation_types`
  ADD PRIMARY KEY (`id`),
  ADD UNIQUE KEY `transportation_types_name_unique` (`name`);

--
-- Indexes for table `users`
--
ALTER TABLE `users`
  ADD PRIMARY KEY (`id`),
  ADD UNIQUE KEY `users_email_unique` (`email`),
  ADD KEY `users_education_id_foreign` (`education_id`),
  ADD KEY `users_branch_id_foreign` (`branch_id`),
  ADD KEY `users_country_id_foreign` (`country_id`);

--
-- Indexes for table `user_payrolls`
--
ALTER TABLE `user_payrolls`
  ADD PRIMARY KEY (`id`),
  ADD KEY `user_payrolls_user_id_foreign` (`user_id`);

--
-- Indexes for table `user_payroll_advances`
--
ALTER TABLE `user_payroll_advances`
  ADD PRIMARY KEY (`id`),
  ADD KEY `user_payroll_advances_user_payroll_id_foreign` (`user_payroll_id`);

--
-- Indexes for table `user_payroll_advance_files`
--
ALTER TABLE `user_payroll_advance_files`
  ADD PRIMARY KEY (`id`),
  ADD KEY `user_payroll_advance_files_user_payroll_advance_id_foreign` (`user_payroll_advance_id`);

--
-- Indexes for table `vendors`
--
ALTER TABLE `vendors`
  ADD PRIMARY KEY (`id`);

--
-- Indexes for table `vendor_files`
--
ALTER TABLE `vendor_files`
  ADD PRIMARY KEY (`id`),
  ADD KEY `vendor_files_vendor_id_foreign` (`vendor_id`);

--
-- Indexes for table `warehouses`
--
ALTER TABLE `warehouses`
  ADD PRIMARY KEY (`id`),
  ADD UNIQUE KEY `warehouses_name_unique` (`name`);

--
-- AUTO_INCREMENT for dumped tables
--

--
-- AUTO_INCREMENT for table `abandoned_cargos`
--
ALTER TABLE `abandoned_cargos`
  MODIFY `id` bigint(20) UNSIGNED NOT NULL AUTO_INCREMENT, AUTO_INCREMENT=2;

--
-- AUTO_INCREMENT for table `about_booking_dates`
--
ALTER TABLE `about_booking_dates`
  MODIFY `id` bigint(20) UNSIGNED NOT NULL AUTO_INCREMENT, AUTO_INCREMENT=30;

--
-- AUTO_INCREMENT for table `accounts`
--
ALTER TABLE `accounts`
  MODIFY `id` bigint(20) UNSIGNED NOT NULL AUTO_INCREMENT;

--
-- AUTO_INCREMENT for table `bookings`
--
ALTER TABLE `bookings`
  MODIFY `id` bigint(20) UNSIGNED NOT NULL AUTO_INCREMENT, AUTO_INCREMENT=39;

--
-- AUTO_INCREMENT for table `booking_dates`
--
ALTER TABLE `booking_dates`
  MODIFY `id` bigint(20) UNSIGNED NOT NULL AUTO_INCREMENT, AUTO_INCREMENT=22;

--
-- AUTO_INCREMENT for table `booking_date_containers`
--
ALTER TABLE `booking_date_containers`
  MODIFY `id` bigint(20) UNSIGNED NOT NULL AUTO_INCREMENT, AUTO_INCREMENT=76;

--
-- AUTO_INCREMENT for table `booking_date_payments`
--
ALTER TABLE `booking_date_payments`
  MODIFY `id` bigint(20) UNSIGNED NOT NULL AUTO_INCREMENT, AUTO_INCREMENT=3;

--
-- AUTO_INCREMENT for table `booking_date_statuses`
--
ALTER TABLE `booking_date_statuses`
  MODIFY `id` bigint(20) UNSIGNED NOT NULL AUTO_INCREMENT, AUTO_INCREMENT=66;

--
-- AUTO_INCREMENT for table `branches`
--
ALTER TABLE `branches`
  MODIFY `id` bigint(20) UNSIGNED NOT NULL AUTO_INCREMENT, AUTO_INCREMENT=3;

--
-- AUTO_INCREMENT for table `car_types`
--
ALTER TABLE `car_types`
  MODIFY `id` bigint(20) UNSIGNED NOT NULL AUTO_INCREMENT, AUTO_INCREMENT=3;

--
-- AUTO_INCREMENT for table `cities`
--
ALTER TABLE `cities`
  MODIFY `id` bigint(20) UNSIGNED NOT NULL AUTO_INCREMENT, AUTO_INCREMENT=4;

--
-- AUTO_INCREMENT for table `comments`
--
ALTER TABLE `comments`
  MODIFY `id` bigint(20) UNSIGNED NOT NULL AUTO_INCREMENT, AUTO_INCREMENT=88;

--
-- AUTO_INCREMENT for table `comment_reads`
--
ALTER TABLE `comment_reads`
  MODIFY `id` bigint(20) UNSIGNED NOT NULL AUTO_INCREMENT, AUTO_INCREMENT=381;

--
-- AUTO_INCREMENT for table `containers`
--
ALTER TABLE `containers`
  MODIFY `id` bigint(20) UNSIGNED NOT NULL AUTO_INCREMENT, AUTO_INCREMENT=48;

--
-- AUTO_INCREMENT for table `container_check_reasons`
--
ALTER TABLE `container_check_reasons`
  MODIFY `id` bigint(20) UNSIGNED NOT NULL AUTO_INCREMENT, AUTO_INCREMENT=3;

--
-- AUTO_INCREMENT for table `container_images`
--
ALTER TABLE `container_images`
  MODIFY `id` bigint(20) UNSIGNED NOT NULL AUTO_INCREMENT, AUTO_INCREMENT=16;

--
-- AUTO_INCREMENT for table `container_prices`
--
ALTER TABLE `container_prices`
  MODIFY `id` bigint(20) UNSIGNED NOT NULL AUTO_INCREMENT, AUTO_INCREMENT=16;

--
-- AUTO_INCREMENT for table `container_rejects`
--
ALTER TABLE `container_rejects`
  MODIFY `id` bigint(20) UNSIGNED NOT NULL AUTO_INCREMENT, AUTO_INCREMENT=4;

--
-- AUTO_INCREMENT for table `container_types`
--
ALTER TABLE `container_types`
  MODIFY `id` bigint(20) UNSIGNED NOT NULL AUTO_INCREMENT, AUTO_INCREMENT=5;

--
-- AUTO_INCREMENT for table `countries`
--
ALTER TABLE `countries`
  MODIFY `id` bigint(20) UNSIGNED NOT NULL AUTO_INCREMENT, AUTO_INCREMENT=3;

--
-- AUTO_INCREMENT for table `currencies`
--
ALTER TABLE `currencies`
  MODIFY `id` bigint(20) UNSIGNED NOT NULL AUTO_INCREMENT, AUTO_INCREMENT=4;

--
-- AUTO_INCREMENT for table `currency_calculators`
--
ALTER TABLE `currency_calculators`
  MODIFY `id` bigint(20) UNSIGNED NOT NULL AUTO_INCREMENT, AUTO_INCREMENT=4;

--
-- AUTO_INCREMENT for table `customers`
--
ALTER TABLE `customers`
  MODIFY `id` bigint(20) UNSIGNED NOT NULL AUTO_INCREMENT, AUTO_INCREMENT=28;

--
-- AUTO_INCREMENT for table `customer_files`
--
ALTER TABLE `customer_files`
  MODIFY `id` bigint(20) UNSIGNED NOT NULL AUTO_INCREMENT, AUTO_INCREMENT=4;

--
-- AUTO_INCREMENT for table `customer_properties`
--
ALTER TABLE `customer_properties`
  MODIFY `id` bigint(20) UNSIGNED NOT NULL AUTO_INCREMENT, AUTO_INCREMENT=5;

--
-- AUTO_INCREMENT for table `customs_clearances`
--
ALTER TABLE `customs_clearances`
  MODIFY `id` bigint(20) UNSIGNED NOT NULL AUTO_INCREMENT, AUTO_INCREMENT=3;

--
-- AUTO_INCREMENT for table `districts`
--
ALTER TABLE `districts`
  MODIFY `id` bigint(20) UNSIGNED NOT NULL AUTO_INCREMENT, AUTO_INCREMENT=4;

--
-- AUTO_INCREMENT for table `document_types`
--
ALTER TABLE `document_types`
  MODIFY `id` bigint(20) UNSIGNED NOT NULL AUTO_INCREMENT, AUTO_INCREMENT=4;

--
-- AUTO_INCREMENT for table `education`
--
ALTER TABLE `education`
  MODIFY `id` bigint(20) UNSIGNED NOT NULL AUTO_INCREMENT, AUTO_INCREMENT=4;

--
-- AUTO_INCREMENT for table `expenses`
--
ALTER TABLE `expenses`
  MODIFY `id` bigint(20) UNSIGNED NOT NULL AUTO_INCREMENT, AUTO_INCREMENT=14;

--
-- AUTO_INCREMENT for table `expense_categories`
--
ALTER TABLE `expense_categories`
  MODIFY `id` bigint(20) UNSIGNED NOT NULL AUTO_INCREMENT, AUTO_INCREMENT=3;

--
-- AUTO_INCREMENT for table `expense_payments`
--
ALTER TABLE `expense_payments`
  MODIFY `id` bigint(20) UNSIGNED NOT NULL AUTO_INCREMENT, AUTO_INCREMENT=2;

--
-- AUTO_INCREMENT for table `expense_sub_categories`
--
ALTER TABLE `expense_sub_categories`
  MODIFY `id` bigint(20) UNSIGNED NOT NULL AUTO_INCREMENT, AUTO_INCREMENT=5;

--
-- AUTO_INCREMENT for table `expense_types`
--
ALTER TABLE `expense_types`
  MODIFY `id` bigint(20) UNSIGNED NOT NULL AUTO_INCREMENT, AUTO_INCREMENT=5;

--
-- AUTO_INCREMENT for table `factories`
--
ALTER TABLE `factories`
  MODIFY `id` bigint(20) UNSIGNED NOT NULL AUTO_INCREMENT, AUTO_INCREMENT=69;

--
-- AUTO_INCREMENT for table `factory_details`
--
ALTER TABLE `factory_details`
  MODIFY `id` bigint(20) UNSIGNED NOT NULL AUTO_INCREMENT, AUTO_INCREMENT=164;

--
-- AUTO_INCREMENT for table `factory_files`
--
ALTER TABLE `factory_files`
  MODIFY `id` bigint(20) UNSIGNED NOT NULL AUTO_INCREMENT, AUTO_INCREMENT=156;

--
-- AUTO_INCREMENT for table `factory_products`
--
ALTER TABLE `factory_products`
  MODIFY `id` bigint(20) UNSIGNED NOT NULL AUTO_INCREMENT, AUTO_INCREMENT=208;

--
-- AUTO_INCREMENT for table `factory_vin_codes`
--
ALTER TABLE `factory_vin_codes`
  MODIFY `id` bigint(20) UNSIGNED NOT NULL AUTO_INCREMENT, AUTO_INCREMENT=68;

--
-- AUTO_INCREMENT for table `failed_jobs`
--
ALTER TABLE `failed_jobs`
  MODIFY `id` bigint(20) UNSIGNED NOT NULL AUTO_INCREMENT;

--
-- AUTO_INCREMENT for table `incoterms`
--
ALTER TABLE `incoterms`
  MODIFY `id` bigint(20) UNSIGNED NOT NULL AUTO_INCREMENT, AUTO_INCREMENT=4;

--
-- AUTO_INCREMENT for table `journal_entries`
--
ALTER TABLE `journal_entries`
  MODIFY `id` bigint(20) UNSIGNED NOT NULL AUTO_INCREMENT, AUTO_INCREMENT=9;

--
-- AUTO_INCREMENT for table `ledger_accounts`
--
ALTER TABLE `ledger_accounts`
  MODIFY `id` bigint(20) UNSIGNED NOT NULL AUTO_INCREMENT, AUTO_INCREMENT=36;

--
-- AUTO_INCREMENT for table `migrations`
--
ALTER TABLE `migrations`
  MODIFY `id` int(10) UNSIGNED NOT NULL AUTO_INCREMENT, AUTO_INCREMENT=130;

--
-- AUTO_INCREMENT for table `mix_fulls`
--
ALTER TABLE `mix_fulls`
  MODIFY `id` bigint(20) UNSIGNED NOT NULL AUTO_INCREMENT, AUTO_INCREMENT=4;

--
-- AUTO_INCREMENT for table `orders`
--
ALTER TABLE `orders`
  MODIFY `id` bigint(20) UNSIGNED NOT NULL AUTO_INCREMENT, AUTO_INCREMENT=104;

--
-- AUTO_INCREMENT for table `order_expenses`
--
ALTER TABLE `order_expenses`
  MODIFY `id` bigint(20) UNSIGNED NOT NULL AUTO_INCREMENT;

--
-- AUTO_INCREMENT for table `order_factories`
--
ALTER TABLE `order_factories`
  MODIFY `id` bigint(20) UNSIGNED NOT NULL AUTO_INCREMENT, AUTO_INCREMENT=166;

--
-- AUTO_INCREMENT for table `order_files`
--
ALTER TABLE `order_files`
  MODIFY `id` bigint(20) UNSIGNED NOT NULL AUTO_INCREMENT, AUTO_INCREMENT=40;

--
-- AUTO_INCREMENT for table `order_items`
--
ALTER TABLE `order_items`
  MODIFY `id` bigint(20) UNSIGNED NOT NULL AUTO_INCREMENT, AUTO_INCREMENT=328;

--
-- AUTO_INCREMENT for table `order_item_declarations`
--
ALTER TABLE `order_item_declarations`
  MODIFY `id` bigint(20) UNSIGNED NOT NULL AUTO_INCREMENT, AUTO_INCREMENT=70;

--
-- AUTO_INCREMENT for table `order_item_images`
--
ALTER TABLE `order_item_images`
  MODIFY `id` bigint(20) UNSIGNED NOT NULL AUTO_INCREMENT, AUTO_INCREMENT=61;

--
-- AUTO_INCREMENT for table `order_item_railway_bills`
--
ALTER TABLE `order_item_railway_bills`
  MODIFY `id` bigint(20) UNSIGNED NOT NULL AUTO_INCREMENT, AUTO_INCREMENT=77;

--
-- AUTO_INCREMENT for table `order_item_railway_status_changes`
--
ALTER TABLE `order_item_railway_status_changes`
  MODIFY `id` bigint(20) UNSIGNED NOT NULL AUTO_INCREMENT, AUTO_INCREMENT=140;

--
-- AUTO_INCREMENT for table `order_item_short_declarations`
--
ALTER TABLE `order_item_short_declarations`
  MODIFY `id` bigint(20) UNSIGNED NOT NULL AUTO_INCREMENT, AUTO_INCREMENT=32;

--
-- AUTO_INCREMENT for table `order_item_status_changes`
--
ALTER TABLE `order_item_status_changes`
  MODIFY `id` bigint(20) UNSIGNED NOT NULL AUTO_INCREMENT, AUTO_INCREMENT=421;

--
-- AUTO_INCREMENT for table `order_item_warehouses`
--
ALTER TABLE `order_item_warehouses`
  MODIFY `id` bigint(20) UNSIGNED NOT NULL AUTO_INCREMENT, AUTO_INCREMENT=11;

--
-- AUTO_INCREMENT for table `order_payments`
--
ALTER TABLE `order_payments`
  MODIFY `id` bigint(20) UNSIGNED NOT NULL AUTO_INCREMENT, AUTO_INCREMENT=62;

--
-- AUTO_INCREMENT for table `order_prices`
--
ALTER TABLE `order_prices`
  MODIFY `id` bigint(20) UNSIGNED NOT NULL AUTO_INCREMENT, AUTO_INCREMENT=42;

--
-- AUTO_INCREMENT for table `order_price_types`
--
ALTER TABLE `order_price_types`
  MODIFY `id` bigint(20) UNSIGNED NOT NULL AUTO_INCREMENT, AUTO_INCREMENT=829;

--
-- AUTO_INCREMENT for table `order_reads`
--
ALTER TABLE `order_reads`
  MODIFY `id` bigint(20) UNSIGNED NOT NULL AUTO_INCREMENT, AUTO_INCREMENT=388;

--
-- AUTO_INCREMENT for table `order_rejects`
--
ALTER TABLE `order_rejects`
  MODIFY `id` bigint(20) UNSIGNED NOT NULL AUTO_INCREMENT, AUTO_INCREMENT=6;

--
-- AUTO_INCREMENT for table `order_services`
--
ALTER TABLE `order_services`
  MODIFY `id` bigint(20) UNSIGNED NOT NULL AUTO_INCREMENT, AUTO_INCREMENT=21;

--
-- AUTO_INCREMENT for table `order_sizes`
--
ALTER TABLE `order_sizes`
  MODIFY `id` bigint(20) UNSIGNED NOT NULL AUTO_INCREMENT, AUTO_INCREMENT=203;

--
-- AUTO_INCREMENT for table `order_status_changes`
--
ALTER TABLE `order_status_changes`
  MODIFY `id` bigint(20) UNSIGNED NOT NULL AUTO_INCREMENT, AUTO_INCREMENT=233;

--
-- AUTO_INCREMENT for table `payment_types`
--
ALTER TABLE `payment_types`
  MODIFY `id` bigint(20) UNSIGNED NOT NULL AUTO_INCREMENT, AUTO_INCREMENT=3;

--
-- AUTO_INCREMENT for table `permissions`
--
ALTER TABLE `permissions`
  MODIFY `id` bigint(20) UNSIGNED NOT NULL AUTO_INCREMENT, AUTO_INCREMENT=84;

--
-- AUTO_INCREMENT for table `personal_access_tokens`
--
ALTER TABLE `personal_access_tokens`
  MODIFY `id` bigint(20) UNSIGNED NOT NULL AUTO_INCREMENT;

--
-- AUTO_INCREMENT for table `price_types`
--
ALTER TABLE `price_types`
  MODIFY `id` bigint(20) UNSIGNED NOT NULL AUTO_INCREMENT, AUTO_INCREMENT=7;

--
-- AUTO_INCREMENT for table `products`
--
ALTER TABLE `products`
  MODIFY `id` bigint(20) UNSIGNED NOT NULL AUTO_INCREMENT, AUTO_INCREMENT=65;

--
-- AUTO_INCREMENT for table `product_types`
--
ALTER TABLE `product_types`
  MODIFY `id` bigint(20) UNSIGNED NOT NULL AUTO_INCREMENT, AUTO_INCREMENT=3;

--
-- AUTO_INCREMENT for table `receives`
--
ALTER TABLE `receives`
  MODIFY `id` bigint(20) UNSIGNED NOT NULL AUTO_INCREMENT, AUTO_INCREMENT=59;

--
-- AUTO_INCREMENT for table `receive_payments`
--
ALTER TABLE `receive_payments`
  MODIFY `id` bigint(20) UNSIGNED NOT NULL AUTO_INCREMENT, AUTO_INCREMENT=5;

--
-- AUTO_INCREMENT for table `reject_reasons`
--
ALTER TABLE `reject_reasons`
  MODIFY `id` bigint(20) UNSIGNED NOT NULL AUTO_INCREMENT, AUTO_INCREMENT=3;

--
-- AUTO_INCREMENT for table `responsible_people`
--
ALTER TABLE `responsible_people`
  MODIFY `id` bigint(20) UNSIGNED NOT NULL AUTO_INCREMENT, AUTO_INCREMENT=12;

--
-- AUTO_INCREMENT for table `roles`
--
ALTER TABLE `roles`
  MODIFY `id` bigint(20) UNSIGNED NOT NULL AUTO_INCREMENT, AUTO_INCREMENT=7;

--
-- AUTO_INCREMENT for table `sectors`
--
ALTER TABLE `sectors`
  MODIFY `id` bigint(20) UNSIGNED NOT NULL AUTO_INCREMENT, AUTO_INCREMENT=3;

--
-- AUTO_INCREMENT for table `services`
--
ALTER TABLE `services`
  MODIFY `id` bigint(20) UNSIGNED NOT NULL AUTO_INCREMENT, AUTO_INCREMENT=5;

--
-- AUTO_INCREMENT for table `service_details`
--
ALTER TABLE `service_details`
  MODIFY `id` bigint(20) UNSIGNED NOT NULL AUTO_INCREMENT, AUTO_INCREMENT=8;

--
-- AUTO_INCREMENT for table `settings`
--
ALTER TABLE `settings`
  MODIFY `id` bigint(20) UNSIGNED NOT NULL AUTO_INCREMENT, AUTO_INCREMENT=329;

--
-- AUTO_INCREMENT for table `sources`
--
ALTER TABLE `sources`
  MODIFY `id` bigint(20) UNSIGNED NOT NULL AUTO_INCREMENT;

--
-- AUTO_INCREMENT for table `stations`
--
ALTER TABLE `stations`
  MODIFY `id` bigint(20) UNSIGNED NOT NULL AUTO_INCREMENT, AUTO_INCREMENT=4;

--
-- AUTO_INCREMENT for table `statuses`
--
ALTER TABLE `statuses`
  MODIFY `id` bigint(20) UNSIGNED NOT NULL AUTO_INCREMENT, AUTO_INCREMENT=7;

--
-- AUTO_INCREMENT for table `transportations`
--
ALTER TABLE `transportations`
  MODIFY `id` bigint(20) UNSIGNED NOT NULL AUTO_INCREMENT, AUTO_INCREMENT=3;

--
-- AUTO_INCREMENT for table `transportation_services`
--
ALTER TABLE `transportation_services`
  MODIFY `id` bigint(20) UNSIGNED NOT NULL AUTO_INCREMENT, AUTO_INCREMENT=3;

--
-- AUTO_INCREMENT for table `transportation_types`
--
ALTER TABLE `transportation_types`
  MODIFY `id` bigint(20) UNSIGNED NOT NULL AUTO_INCREMENT, AUTO_INCREMENT=3;

--
-- AUTO_INCREMENT for table `users`
--
ALTER TABLE `users`
  MODIFY `id` bigint(20) UNSIGNED NOT NULL AUTO_INCREMENT, AUTO_INCREMENT=30;

--
-- AUTO_INCREMENT for table `user_payrolls`
--
ALTER TABLE `user_payrolls`
  MODIFY `id` bigint(20) UNSIGNED NOT NULL AUTO_INCREMENT, AUTO_INCREMENT=12;

--
-- AUTO_INCREMENT for table `user_payroll_advances`
--
ALTER TABLE `user_payroll_advances`
  MODIFY `id` bigint(20) UNSIGNED NOT NULL AUTO_INCREMENT, AUTO_INCREMENT=2;

--
-- AUTO_INCREMENT for table `user_payroll_advance_files`
--
ALTER TABLE `user_payroll_advance_files`
  MODIFY `id` bigint(20) UNSIGNED NOT NULL AUTO_INCREMENT;

--
-- AUTO_INCREMENT for table `vendors`
--
ALTER TABLE `vendors`
  MODIFY `id` bigint(20) UNSIGNED NOT NULL AUTO_INCREMENT, AUTO_INCREMENT=3;

--
-- AUTO_INCREMENT for table `vendor_files`
--
ALTER TABLE `vendor_files`
  MODIFY `id` bigint(20) UNSIGNED NOT NULL AUTO_INCREMENT, AUTO_INCREMENT=2;

--
-- AUTO_INCREMENT for table `warehouses`
--
ALTER TABLE `warehouses`
  MODIFY `id` bigint(20) UNSIGNED NOT NULL AUTO_INCREMENT, AUTO_INCREMENT=4;

--
-- Constraints for dumped tables
--

--
-- Constraints for table `abandoned_cargos`
--
ALTER TABLE `abandoned_cargos`
  ADD CONSTRAINT `abandoned_cargos_order_id_foreign` FOREIGN KEY (`order_id`) REFERENCES `orders` (`id`) ON DELETE SET NULL;

--
-- Constraints for table `bookings`
--
ALTER TABLE `bookings`
  ADD CONSTRAINT `bookings_container_id_foreign` FOREIGN KEY (`container_id`) REFERENCES `containers` (`id`) ON DELETE SET NULL,
  ADD CONSTRAINT `bookings_order_item_id_foreign` FOREIGN KEY (`order_item_id`) REFERENCES `order_items` (`id`) ON DELETE CASCADE;

--
-- Constraints for table `booking_dates`
--
ALTER TABLE `booking_dates`
  ADD CONSTRAINT `booking_dates_container_type_id_foreign` FOREIGN KEY (`container_type_id`) REFERENCES `container_types` (`id`) ON DELETE CASCADE,
  ADD CONSTRAINT `booking_dates_station_id_foreign` FOREIGN KEY (`station_id`) REFERENCES `stations` (`id`) ON DELETE CASCADE,
  ADD CONSTRAINT `booking_dates_vendor_id_foreign` FOREIGN KEY (`vendor_id`) REFERENCES `vendors` (`id`) ON DELETE CASCADE;

--
-- Constraints for table `booking_date_containers`
--
ALTER TABLE `booking_date_containers`
  ADD CONSTRAINT `booking_date_containers_booking_date_id_foreign` FOREIGN KEY (`booking_date_id`) REFERENCES `booking_dates` (`id`) ON DELETE CASCADE,
  ADD CONSTRAINT `booking_date_containers_container_check_reason_id_foreign` FOREIGN KEY (`container_check_reason_id`) REFERENCES `container_check_reasons` (`id`) ON DELETE SET NULL,
  ADD CONSTRAINT `booking_date_containers_container_id_foreign` FOREIGN KEY (`container_id`) REFERENCES `containers` (`id`) ON DELETE CASCADE;

--
-- Constraints for table `booking_date_payments`
--
ALTER TABLE `booking_date_payments`
  ADD CONSTRAINT `booking_date_payments_booking_date_id_foreign` FOREIGN KEY (`booking_date_id`) REFERENCES `booking_dates` (`id`) ON DELETE CASCADE;

--
-- Constraints for table `booking_date_statuses`
--
ALTER TABLE `booking_date_statuses`
  ADD CONSTRAINT `booking_date_statuses_booking_date_id_foreign` FOREIGN KEY (`booking_date_id`) REFERENCES `booking_dates` (`id`) ON DELETE CASCADE,
  ADD CONSTRAINT `booking_date_statuses_status_id_foreign` FOREIGN KEY (`status_id`) REFERENCES `statuses` (`id`) ON DELETE CASCADE;

--
-- Constraints for table `comments`
--
ALTER TABLE `comments`
  ADD CONSTRAINT `comments_order_id_foreign` FOREIGN KEY (`order_id`) REFERENCES `orders` (`id`) ON DELETE CASCADE,
  ADD CONSTRAINT `comments_user_id_foreign` FOREIGN KEY (`user_id`) REFERENCES `users` (`id`) ON DELETE CASCADE;

--
-- Constraints for table `comment_reads`
--
ALTER TABLE `comment_reads`
  ADD CONSTRAINT `comment_reads_comment_id_foreign` FOREIGN KEY (`comment_id`) REFERENCES `comments` (`id`) ON DELETE CASCADE,
  ADD CONSTRAINT `comment_reads_user_id_foreign` FOREIGN KEY (`user_id`) REFERENCES `users` (`id`) ON DELETE CASCADE;

--
-- Constraints for table `containers`
--
ALTER TABLE `containers`
  ADD CONSTRAINT `containers_container_type_id_foreign` FOREIGN KEY (`container_type_id`) REFERENCES `container_types` (`id`) ON DELETE SET NULL,
  ADD CONSTRAINT `containers_vendor_id_foreign` FOREIGN KEY (`vendor_id`) REFERENCES `vendors` (`id`) ON DELETE SET NULL;

--
-- Constraints for table `container_images`
--
ALTER TABLE `container_images`
  ADD CONSTRAINT `container_images_container_id_foreign` FOREIGN KEY (`container_id`) REFERENCES `containers` (`id`) ON DELETE SET NULL;

--
-- Constraints for table `container_prices`
--
ALTER TABLE `container_prices`
  ADD CONSTRAINT `container_prices_container_type_id_foreign` FOREIGN KEY (`container_type_id`) REFERENCES `container_types` (`id`) ON DELETE CASCADE,
  ADD CONSTRAINT `container_prices_station_id_foreign` FOREIGN KEY (`station_id`) REFERENCES `stations` (`id`) ON DELETE SET NULL;

--
-- Constraints for table `container_rejects`
--
ALTER TABLE `container_rejects`
  ADD CONSTRAINT `container_rejects_container_id_foreign` FOREIGN KEY (`container_id`) REFERENCES `containers` (`id`) ON DELETE CASCADE,
  ADD CONSTRAINT `container_rejects_reject_reason_id_foreign` FOREIGN KEY (`reject_reason_id`) REFERENCES `reject_reasons` (`id`) ON DELETE CASCADE;

--
-- Constraints for table `currency_calculators`
--
ALTER TABLE `currency_calculators`
  ADD CONSTRAINT `currency_calculators_currency_id_foreign` FOREIGN KEY (`currency_id`) REFERENCES `currencies` (`id`) ON DELETE CASCADE;

--
-- Constraints for table `customers`
--
ALTER TABLE `customers`
  ADD CONSTRAINT `customers_source_id_foreign` FOREIGN KEY (`source_id`) REFERENCES `sources` (`id`) ON DELETE SET NULL,
  ADD CONSTRAINT `customers_user_id_foreign` FOREIGN KEY (`user_id`) REFERENCES `users` (`id`) ON DELETE SET NULL;

--
-- Constraints for table `customer_files`
--
ALTER TABLE `customer_files`
  ADD CONSTRAINT `customer_files_customer_id_foreign` FOREIGN KEY (`customer_id`) REFERENCES `customers` (`id`) ON DELETE CASCADE;

--
-- Constraints for table `customer_properties`
--
ALTER TABLE `customer_properties`
  ADD CONSTRAINT `customer_properties_customer_id_foreign` FOREIGN KEY (`customer_id`) REFERENCES `customers` (`id`) ON DELETE CASCADE,
  ADD CONSTRAINT `customer_properties_sector_id_foreign` FOREIGN KEY (`sector_id`) REFERENCES `sectors` (`id`) ON DELETE SET NULL;

--
-- Constraints for table `districts`
--
ALTER TABLE `districts`
  ADD CONSTRAINT `districts_city_id_foreign` FOREIGN KEY (`city_id`) REFERENCES `cities` (`id`) ON DELETE CASCADE;

--
-- Constraints for table `expenses`
--
ALTER TABLE `expenses`
  ADD CONSTRAINT `expenses_expense_category_id_foreign` FOREIGN KEY (`expense_category_id`) REFERENCES `expense_categories` (`id`) ON DELETE SET NULL,
  ADD CONSTRAINT `expenses_expense_sub_category_id_foreign` FOREIGN KEY (`expense_sub_category_id`) REFERENCES `expense_sub_categories` (`id`) ON DELETE SET NULL,
  ADD CONSTRAINT `expenses_order_id_foreign` FOREIGN KEY (`order_id`) REFERENCES `orders` (`id`) ON DELETE SET NULL;

--
-- Constraints for table `expense_payments`
--
ALTER TABLE `expense_payments`
  ADD CONSTRAINT `expense_payments_expense_id_foreign` FOREIGN KEY (`expense_id`) REFERENCES `expenses` (`id`) ON DELETE CASCADE;

--
-- Constraints for table `expense_sub_categories`
--
ALTER TABLE `expense_sub_categories`
  ADD CONSTRAINT `expense_sub_categories_expense_category_id_foreign` FOREIGN KEY (`expense_category_id`) REFERENCES `expense_categories` (`id`) ON DELETE CASCADE;

--
-- Constraints for table `expense_types`
--
ALTER TABLE `expense_types`
  ADD CONSTRAINT `expense_types_service_id_foreign` FOREIGN KEY (`service_id`) REFERENCES `services` (`id`) ON DELETE SET NULL;

--
-- Constraints for table `factory_details`
--
ALTER TABLE `factory_details`
  ADD CONSTRAINT `factory_details_order_factory_id_foreign` FOREIGN KEY (`order_factory_id`) REFERENCES `order_factories` (`id`) ON DELETE CASCADE,
  ADD CONSTRAINT `factory_details_product_type_id_foreign` FOREIGN KEY (`product_type_id`) REFERENCES `product_types` (`id`) ON DELETE SET NULL;

--
-- Constraints for table `factory_files`
--
ALTER TABLE `factory_files`
  ADD CONSTRAINT `factory_files_order_factory_id_foreign` FOREIGN KEY (`order_factory_id`) REFERENCES `order_factories` (`id`) ON DELETE CASCADE;

--
-- Constraints for table `factory_products`
--
ALTER TABLE `factory_products`
  ADD CONSTRAINT `factory_products_order_factory_id_foreign` FOREIGN KEY (`order_factory_id`) REFERENCES `order_factories` (`id`) ON DELETE CASCADE,
  ADD CONSTRAINT `factory_products_product_id_foreign` FOREIGN KEY (`product_id`) REFERENCES `products` (`id`) ON DELETE CASCADE;

--
-- Constraints for table `factory_vin_codes`
--
ALTER TABLE `factory_vin_codes`
  ADD CONSTRAINT `factory_vin_codes_order_factory_id_foreign` FOREIGN KEY (`order_factory_id`) REFERENCES `order_factories` (`id`) ON DELETE CASCADE;

--
-- Constraints for table `ledger_accounts`
--
ALTER TABLE `ledger_accounts`
  ADD CONSTRAINT `ledger_accounts_parent_id_foreign` FOREIGN KEY (`parent_id`) REFERENCES `ledger_accounts` (`id`) ON DELETE CASCADE;

--
-- Constraints for table `model_has_permissions`
--
ALTER TABLE `model_has_permissions`
  ADD CONSTRAINT `model_has_permissions_permission_id_foreign` FOREIGN KEY (`permission_id`) REFERENCES `permissions` (`id`) ON DELETE CASCADE;

--
-- Constraints for table `model_has_roles`
--
ALTER TABLE `model_has_roles`
  ADD CONSTRAINT `model_has_roles_role_id_foreign` FOREIGN KEY (`role_id`) REFERENCES `roles` (`id`) ON DELETE CASCADE;

--
-- Constraints for table `orders`
--
ALTER TABLE `orders`
  ADD CONSTRAINT `orders_about_booking_date_id_foreign` FOREIGN KEY (`about_booking_date_id`) REFERENCES `about_booking_dates` (`id`) ON DELETE SET NULL,
  ADD CONSTRAINT `orders_city_id_foreign` FOREIGN KEY (`city_id`) REFERENCES `cities` (`id`) ON DELETE SET NULL,
  ADD CONSTRAINT `orders_container_type_id_foreign` FOREIGN KEY (`container_type_id`) REFERENCES `container_types` (`id`) ON DELETE SET NULL,
  ADD CONSTRAINT `orders_customer_id_foreign` FOREIGN KEY (`customer_id`) REFERENCES `customers` (`id`) ON DELETE SET NULL,
  ADD CONSTRAINT `orders_customs_clearance_id_foreign` FOREIGN KEY (`customs_clearance_id`) REFERENCES `customs_clearances` (`id`) ON DELETE SET NULL,
  ADD CONSTRAINT `orders_district_id_foreign` FOREIGN KEY (`district_id`) REFERENCES `districts` (`id`) ON DELETE SET NULL,
  ADD CONSTRAINT `orders_first_car_type_id_foreign` FOREIGN KEY (`first_car_type_id`) REFERENCES `car_types` (`id`) ON DELETE SET NULL,
  ADD CONSTRAINT `orders_incoterm_id_foreign` FOREIGN KEY (`incoterm_id`) REFERENCES `incoterms` (`id`) ON DELETE SET NULL,
  ADD CONSTRAINT `orders_second_car_type_id_foreign` FOREIGN KEY (`second_car_type_id`) REFERENCES `car_types` (`id`) ON DELETE SET NULL,
  ADD CONSTRAINT `orders_transportation_id_foreign` FOREIGN KEY (`transportation_id`) REFERENCES `transportations` (`id`) ON DELETE SET NULL,
  ADD CONSTRAINT `orders_transportation_service_id_foreign` FOREIGN KEY (`transportation_service_id`) REFERENCES `transportation_services` (`id`) ON DELETE SET NULL,
  ADD CONSTRAINT `orders_transportation_type_id_foreign` FOREIGN KEY (`transportation_type_id`) REFERENCES `transportation_types` (`id`) ON DELETE SET NULL,
  ADD CONSTRAINT `orders_user_id_foreign` FOREIGN KEY (`user_id`) REFERENCES `users` (`id`) ON DELETE SET NULL,
  ADD CONSTRAINT `orders_warehouse_id_foreign` FOREIGN KEY (`warehouse_id`) REFERENCES `warehouses` (`id`) ON DELETE SET NULL;

--
-- Constraints for table `order_expenses`
--
ALTER TABLE `order_expenses`
  ADD CONSTRAINT `order_expenses_expense_type_id_foreign` FOREIGN KEY (`expense_type_id`) REFERENCES `expense_types` (`id`) ON DELETE CASCADE,
  ADD CONSTRAINT `order_expenses_order_id_foreign` FOREIGN KEY (`order_id`) REFERENCES `orders` (`id`) ON DELETE CASCADE,
  ADD CONSTRAINT `order_expenses_payment_type_id_foreign` FOREIGN KEY (`payment_type_id`) REFERENCES `payment_types` (`id`) ON DELETE CASCADE,
  ADD CONSTRAINT `order_expenses_vendor_id_foreign` FOREIGN KEY (`vendor_id`) REFERENCES `vendors` (`id`) ON DELETE CASCADE;

--
-- Constraints for table `order_factories`
--
ALTER TABLE `order_factories`
  ADD CONSTRAINT `order_factories_factory_id_foreign` FOREIGN KEY (`factory_id`) REFERENCES `factories` (`id`) ON DELETE CASCADE,
  ADD CONSTRAINT `order_factories_order_item_id_foreign` FOREIGN KEY (`order_item_id`) REFERENCES `order_items` (`id`) ON DELETE SET NULL;

--
-- Constraints for table `order_files`
--
ALTER TABLE `order_files`
  ADD CONSTRAINT `order_files_order_id_foreign` FOREIGN KEY (`order_id`) REFERENCES `orders` (`id`) ON DELETE CASCADE;

--
-- Constraints for table `order_items`
--
ALTER TABLE `order_items`
  ADD CONSTRAINT `order_items_order_id_foreign` FOREIGN KEY (`order_id`) REFERENCES `orders` (`id`) ON DELETE CASCADE;

--
-- Constraints for table `order_item_declarations`
--
ALTER TABLE `order_item_declarations`
  ADD CONSTRAINT `order_item_declarations_order_item_id_foreign` FOREIGN KEY (`order_item_id`) REFERENCES `order_items` (`id`) ON DELETE CASCADE;

--
-- Constraints for table `order_item_images`
--
ALTER TABLE `order_item_images`
  ADD CONSTRAINT `order_item_images_order_item_id_foreign` FOREIGN KEY (`order_item_id`) REFERENCES `order_items` (`id`) ON DELETE CASCADE;

--
-- Constraints for table `order_item_railway_bills`
--
ALTER TABLE `order_item_railway_bills`
  ADD CONSTRAINT `order_item_railway_bills_order_item_id_foreign` FOREIGN KEY (`order_item_id`) REFERENCES `order_items` (`id`) ON DELETE CASCADE;

--
-- Constraints for table `order_item_railway_status_changes`
--
ALTER TABLE `order_item_railway_status_changes`
  ADD CONSTRAINT `fk_railway_bill` FOREIGN KEY (`order_item_railway_bill_id`) REFERENCES `order_item_railway_bills` (`id`) ON DELETE CASCADE;

--
-- Constraints for table `order_item_short_declarations`
--
ALTER TABLE `order_item_short_declarations`
  ADD CONSTRAINT `order_item_short_declarations_order_item_id_foreign` FOREIGN KEY (`order_item_id`) REFERENCES `order_items` (`id`) ON DELETE CASCADE;

--
-- Constraints for table `order_item_status_changes`
--
ALTER TABLE `order_item_status_changes`
  ADD CONSTRAINT `order_item_status_changes_order_item_id_foreign` FOREIGN KEY (`order_item_id`) REFERENCES `order_items` (`id`) ON DELETE CASCADE;

--
-- Constraints for table `order_item_warehouses`
--
ALTER TABLE `order_item_warehouses`
  ADD CONSTRAINT `order_item_warehouses_order_item_id_foreign` FOREIGN KEY (`order_item_id`) REFERENCES `order_items` (`id`) ON DELETE CASCADE;

--
-- Constraints for table `order_payments`
--
ALTER TABLE `order_payments`
  ADD CONSTRAINT `order_payments_order_id_foreign` FOREIGN KEY (`order_id`) REFERENCES `orders` (`id`) ON DELETE CASCADE,
  ADD CONSTRAINT `order_payments_payment_type_id_foreign` FOREIGN KEY (`payment_type_id`) REFERENCES `payment_types` (`id`) ON DELETE SET NULL;

--
-- Constraints for table `order_prices`
--
ALTER TABLE `order_prices`
  ADD CONSTRAINT `order_prices_order_id_foreign` FOREIGN KEY (`order_id`) REFERENCES `orders` (`id`) ON DELETE CASCADE,
  ADD CONSTRAINT `order_prices_user_id_foreign` FOREIGN KEY (`user_id`) REFERENCES `users` (`id`) ON DELETE CASCADE;

--
-- Constraints for table `order_price_types`
--
ALTER TABLE `order_price_types`
  ADD CONSTRAINT `order_price_types_order_id_foreign` FOREIGN KEY (`order_id`) REFERENCES `orders` (`id`) ON DELETE CASCADE,
  ADD CONSTRAINT `order_price_types_price_type_id_foreign` FOREIGN KEY (`price_type_id`) REFERENCES `price_types` (`id`) ON DELETE CASCADE;

--
-- Constraints for table `order_reads`
--
ALTER TABLE `order_reads`
  ADD CONSTRAINT `order_reads_order_id_foreign` FOREIGN KEY (`order_id`) REFERENCES `orders` (`id`) ON DELETE CASCADE,
  ADD CONSTRAINT `order_reads_user_id_foreign` FOREIGN KEY (`user_id`) REFERENCES `users` (`id`) ON DELETE CASCADE;

--
-- Constraints for table `order_rejects`
--
ALTER TABLE `order_rejects`
  ADD CONSTRAINT `order_rejects_order_id_foreign` FOREIGN KEY (`order_id`) REFERENCES `orders` (`id`) ON DELETE CASCADE,
  ADD CONSTRAINT `order_rejects_reject_reason_id_foreign` FOREIGN KEY (`reject_reason_id`) REFERENCES `reject_reasons` (`id`) ON DELETE CASCADE,
  ADD CONSTRAINT `order_rejects_user_id_foreign` FOREIGN KEY (`user_id`) REFERENCES `users` (`id`) ON DELETE SET NULL;

--
-- Constraints for table `order_services`
--
ALTER TABLE `order_services`
  ADD CONSTRAINT `order_services_expense_type_id_foreign` FOREIGN KEY (`expense_type_id`) REFERENCES `expense_types` (`id`) ON DELETE SET NULL,
  ADD CONSTRAINT `order_services_order_id_foreign` FOREIGN KEY (`order_id`) REFERENCES `orders` (`id`) ON DELETE CASCADE,
  ADD CONSTRAINT `order_services_service_id_foreign` FOREIGN KEY (`service_id`) REFERENCES `services` (`id`) ON DELETE SET NULL,
  ADD CONSTRAINT `order_services_vendor_id_foreign` FOREIGN KEY (`vendor_id`) REFERENCES `vendors` (`id`) ON DELETE SET NULL;

--
-- Constraints for table `order_sizes`
--
ALTER TABLE `order_sizes`
  ADD CONSTRAINT `order_sizes_order_id_foreign` FOREIGN KEY (`order_id`) REFERENCES `orders` (`id`) ON DELETE CASCADE;

--
-- Constraints for table `order_status_changes`
--
ALTER TABLE `order_status_changes`
  ADD CONSTRAINT `order_status_changes_order_id_foreign` FOREIGN KEY (`order_id`) REFERENCES `orders` (`id`) ON DELETE CASCADE;

--
-- Constraints for table `receives`
--
ALTER TABLE `receives`
  ADD CONSTRAINT `receives_country_id_foreign` FOREIGN KEY (`country_id`) REFERENCES `countries` (`id`) ON DELETE SET NULL,
  ADD CONSTRAINT `receives_customer_id_foreign` FOREIGN KEY (`customer_id`) REFERENCES `customers` (`id`) ON DELETE SET NULL,
  ADD CONSTRAINT `receives_order_id_foreign` FOREIGN KEY (`order_id`) REFERENCES `orders` (`id`) ON DELETE SET NULL;

--
-- Constraints for table `receive_payments`
--
ALTER TABLE `receive_payments`
  ADD CONSTRAINT `receive_payments_receive_id_foreign` FOREIGN KEY (`receive_id`) REFERENCES `receives` (`id`) ON DELETE CASCADE;

--
-- Constraints for table `responsible_people`
--
ALTER TABLE `responsible_people`
  ADD CONSTRAINT `responsible_people_customer_property_id_foreign` FOREIGN KEY (`customer_property_id`) REFERENCES `customer_properties` (`id`) ON DELETE CASCADE;

--
-- Constraints for table `role_has_permissions`
--
ALTER TABLE `role_has_permissions`
  ADD CONSTRAINT `role_has_permissions_permission_id_foreign` FOREIGN KEY (`permission_id`) REFERENCES `permissions` (`id`) ON DELETE CASCADE,
  ADD CONSTRAINT `role_has_permissions_role_id_foreign` FOREIGN KEY (`role_id`) REFERENCES `roles` (`id`) ON DELETE CASCADE;

--
-- Constraints for table `service_details`
--
ALTER TABLE `service_details`
  ADD CONSTRAINT `service_details_service_id_foreign` FOREIGN KEY (`service_id`) REFERENCES `services` (`id`) ON DELETE CASCADE;

--
-- Constraints for table `transportations`
--
ALTER TABLE `transportations`
  ADD CONSTRAINT `transportations_transportation_service_id_foreign` FOREIGN KEY (`transportation_service_id`) REFERENCES `transportation_services` (`id`) ON DELETE CASCADE;

--
-- Constraints for table `transportation_services`
--
ALTER TABLE `transportation_services`
  ADD CONSTRAINT `transportation_services_transportation_type_id_foreign` FOREIGN KEY (`transportation_type_id`) REFERENCES `transportation_types` (`id`) ON DELETE CASCADE;

--
-- Constraints for table `users`
--
ALTER TABLE `users`
  ADD CONSTRAINT `users_branch_id_foreign` FOREIGN KEY (`branch_id`) REFERENCES `branches` (`id`) ON DELETE SET NULL,
  ADD CONSTRAINT `users_country_id_foreign` FOREIGN KEY (`country_id`) REFERENCES `countries` (`id`) ON DELETE SET NULL,
  ADD CONSTRAINT `users_education_id_foreign` FOREIGN KEY (`education_id`) REFERENCES `education` (`id`) ON DELETE SET NULL;

--
-- Constraints for table `user_payrolls`
--
ALTER TABLE `user_payrolls`
  ADD CONSTRAINT `user_payrolls_user_id_foreign` FOREIGN KEY (`user_id`) REFERENCES `users` (`id`) ON DELETE CASCADE;

--
-- Constraints for table `user_payroll_advances`
--
ALTER TABLE `user_payroll_advances`
  ADD CONSTRAINT `user_payroll_advances_user_payroll_id_foreign` FOREIGN KEY (`user_payroll_id`) REFERENCES `user_payrolls` (`id`) ON DELETE CASCADE;

--
-- Constraints for table `user_payroll_advance_files`
--
ALTER TABLE `user_payroll_advance_files`
  ADD CONSTRAINT `user_payroll_advance_files_user_payroll_advance_id_foreign` FOREIGN KEY (`user_payroll_advance_id`) REFERENCES `user_payroll_advances` (`id`) ON DELETE CASCADE;

--
-- Constraints for table `vendor_files`
--
ALTER TABLE `vendor_files`
  ADD CONSTRAINT `vendor_files_vendor_id_foreign` FOREIGN KEY (`vendor_id`) REFERENCES `vendors` (`id`) ON DELETE CASCADE;
COMMIT;

/*!40101 SET CHARACTER_SET_CLIENT=@OLD_CHARACTER_SET_CLIENT */;
/*!40101 SET CHARACTER_SET_RESULTS=@OLD_CHARACTER_SET_RESULTS */;
/*!40101 SET COLLATION_CONNECTION=@OLD_COLLATION_CONNECTION */;
